MaxAbsEStateIndex,MaxEStateIndex,MinAbsEStateIndex,MinEStateIndex,qed,SPS,MolWt,HeavyAtomMolWt,ExactMolWt,NumValenceElectrons,NumRadicalElectrons,MaxPartialCharge,MinPartialCharge,MaxAbsPartialCharge,MinAbsPartialCharge,FpDensityMorgan1,FpDensityMorgan2,FpDensityMorgan3,BCUT2D_MWHI,BCUT2D_MWLOW,BCUT2D_CHGHI,BCUT2D_CHGLO,BCUT2D_LOGPHI,BCUT2D_LOGPLOW,BCUT2D_MRHI,BCUT2D_MRLOW,AvgIpc,BalabanJ,BertzCT,Chi0,Chi0n,Chi0v,Chi1,Chi1n,Chi1v,Chi2n,Chi2v,Chi3n,Chi3v,Chi4n,Chi4v,HallKierAlpha,Ipc,Kappa1,Kappa2,Kappa3,LabuteASA,PEOE_VSA1,PEOE_VSA10,PEOE_VSA11,PEOE_VSA12,PEOE_VSA13,PEOE_VSA14,PEOE_VSA2,PEOE_VSA3,PEOE_VSA4,PEOE_VSA5,PEOE_VSA6,PEOE_VSA7,PEOE_VSA8,PEOE_VSA9,SMR_VSA1,SMR_VSA10,SMR_VSA2,SMR_VSA3,SMR_VSA4,SMR_VSA5,SMR_VSA6,SMR_VSA7,SMR_VSA8,SMR_VSA9,SlogP_VSA1,SlogP_VSA10,SlogP_VSA11,SlogP_VSA12,SlogP_VSA2,SlogP_VSA3,SlogP_VSA4,SlogP_VSA5,SlogP_VSA6,SlogP_VSA7,SlogP_VSA8,SlogP_VSA9,TPSA,EState_VSA1,EState_VSA10,EState_VSA11,EState_VSA2,EState_VSA3,EState_VSA4,EState_VSA5,EState_VSA6,EState_VSA7,EState_VSA8,EState_VSA9,VSA_EState1,VSA_EState10,VSA_EState2,VSA_EState3,VSA_EState4,VSA_EState5,VSA_EState6,VSA_EState7,VSA_EState8,VSA_EState9,FractionCSP3,HeavyAtomCount,NHOHCount,NOCount,NumAliphaticCarbocycles,NumAliphaticHeterocycles,NumAliphaticRings,NumAmideBonds,NumAromaticCarbocycles,NumAromaticHeterocycles,NumAromaticRings,NumAtomStereoCenters,NumBridgeheadAtoms,NumHAcceptors,NumHDonors,NumHeteroatoms,NumHeterocycles,NumRotatableBonds,NumSaturatedCarbocycles,NumSaturatedHeterocycles,NumSaturatedRings,NumSpiroAtoms,NumUnspecifiedAtomStereoCenters,Phi,RingCount,MolLogP,MolMR,fr_Al_COO,fr_Al_OH,fr_Al_OH_noTert,fr_ArN,fr_Ar_COO,fr_Ar_N,fr_Ar_NH,fr_Ar_OH,fr_COO,fr_COO2,fr_C_O,fr_C_O_noCOO,fr_C_S,fr_HOCCN,fr_Imine,fr_NH0,fr_NH1,fr_NH2,fr_N_O,fr_Ndealkylation1,fr_Ndealkylation2,fr_Nhpyrrole,fr_SH,fr_aldehyde,fr_alkyl_carbamate,fr_alkyl_halide,fr_allylic_oxid,fr_amide,fr_amidine,fr_aniline,fr_aryl_methyl,fr_azide,fr_azo,fr_barbitur,fr_benzene,fr_benzodiazepine,fr_bicyclic,fr_diazo,fr_dihydropyridine,fr_epoxide,fr_ester,fr_ether,fr_furan,fr_guanido,fr_halogen,fr_hdrzine,fr_hdrzone,fr_imidazole,fr_imide,fr_isocyan,fr_isothiocyan,fr_ketone,fr_ketone_Topliss,fr_lactam,fr_lactone,fr_methoxy,fr_morpholine,fr_nitrile,fr_nitro,fr_nitro_arom,fr_nitro_arom_nonortho,fr_nitroso,fr_oxazole,fr_oxime,fr_para_hydroxylation,fr_phenol,fr_phenol_noOrthoHbond,fr_phos_acid,fr_phos_ester,fr_piperdine,fr_piperzine,fr_priamide,fr_prisulfonamd,fr_pyridine,fr_quatN,fr_sulfide,fr_sulfonamd,fr_sulfone,fr_term_acetylene,fr_tetrazole,fr_thiazole,fr_thiocyan,fr_thiophene,fr_unbrch_alkane,fr_urea,bit_0,bit_1,bit_2,bit_3,bit_4,bit_5,bit_6,bit_7,bit_8,bit_9,bit_10,bit_11,bit_12,bit_13,bit_14,bit_15,bit_16,bit_17,bit_18,bit_19,bit_20,bit_21,bit_22,bit_23,bit_24,bit_25,bit_26,bit_27,bit_28,bit_29,bit_30,bit_31,bit_32,bit_33,bit_34,bit_35,bit_36,bit_37,bit_38,bit_39,bit_40,bit_41,bit_42,bit_43,bit_44,bit_45,bit_46,bit_47,bit_48,bit_49,bit_50,bit_51,bit_52,bit_53,bit_54,bit_55,bit_56,bit_57,bit_58,bit_59,bit_60,bit_61,bit_62,bit_63,bit_64,bit_65,bit_66,bit_67,bit_68,bit_69,bit_70,bit_71,bit_72,bit_73,bit_74,bit_75,bit_76,bit_77,bit_78,bit_79,bit_80,bit_81,bit_82,bit_83,bit_84,bit_85,bit_86,bit_87,bit_88,bit_89,bit_90,bit_91,bit_92,bit_93,bit_94,bit_95,bit_96,bit_97,bit_98,bit_99,bit_100,bit_101,bit_102,bit_103,bit_104,bit_105,bit_106,bit_107,bit_108,bit_109,bit_110,bit_111,bit_112,bit_113,bit_114,bit_115,bit_116,bit_117,bit_118,bit_119,bit_120,bit_121,bit_122,bit_123,bit_124,bit_125,bit_126,bit_127,bit_128,bit_129,bit_130,bit_131,bit_132,bit_133,bit_134,bit_135,bit_136,bit_137,bit_138,bit_139,bit_140,bit_141,bit_142,bit_143,bit_144,bit_145,bit_146,bit_147,bit_148,bit_149,bit_150,bit_151,bit_152,bit_153,bit_154,bit_155,bit_156,bit_157,bit_158,bit_159,bit_160,bit_161,bit_162,bit_163,bit_164,bit_165,bit_166,lgK
11.521476953692307,11.521476953692307,0.11247685185185174,-1.127871306340858,0.1685338541694834,10.931034482758621,419.43500000000023,390.2030000000002,419.2016128879999,166,0,0.3172172485397445,-0.48028580497400253,0.48028580497400253,0.3172172485397445,0.5517241379310345,0.8275862068965517,1.103448275862069,16.373454295239505,10.320572809933754,2.1869830565495954,-2.27357976100143,1.9688046637742591,-2.464853923557249,5.788183454511878,-0.14056163619539755,2.6127492856844317,4.950897971401263,502.3856189774724,22.39697674656903,16.588484055997995,16.588484055997995,13.564988363311915,8.805257966527504,8.805257966527504,6.225026085881894,6.225026085881894,3.8336171181907868,3.8336171181907868,2.401790017070509,2.401790017070509,-2.77,840542.3471989671,26.230000000000004,14.259472755787145,13.959559098418568,167.78291987841175,25.95315939253478,0.0,0.0,11.814359458703011,0.0,17.90791586385555,38.67241511291054,0.0,0.0,0.0,0.0,0.0,40.27436958900468,32.72378202956288,39.292268104881224,29.72227532255856,0.0,25.333306400564094,0.0,0.0,72.99815161856755,0.0,0.0,0.0,10.633577208012662,0.0,0.0,0.0,132.7397383181997,23.97268592035911,0.0,0.0,0.0,0.0,0.0,0.0,179.82,30.997428675680702,23.97268592035911,0.0,57.62765430009103,0.0,0.0,28.795073157905815,0.0,0.0,10.633577208012662,15.319582184522117,0.0,0.0,60.2989670099298,31.797656638254097,0.0,-4.1301282504747086,0.0,0.0,-0.9694722451270075,2.8363101807511564,0.6875,29,5,13,0,0,0,2,0,0,0,0,0,8,5,13,0,16,0,0,0,0,0,12.897447254630928,0,-3.3617999999999926,100.36080000000007,3,0,0,0,0,0,0,0,3,3,5,2,0,0,0,3,2,0,0,2,0,0,0,0,0,0,0,2,0,0,0,0,0,0,0,0,0,0,0,0,0,0,0,0,0,0,0,0,0,0,0,0,0,0,0,0,0,0,0,0,0,0,0,0,0,0,0,0,0,0,0,0,0,0,0,0,0,0,0,0,0,0,0,0,0,0,0,0,0,0,0,0,0,0,0,0,0,0,0,0,0,0,0,0,0,0,0,0,0,0,0,0,0,0,0,0,0,0,0,0,0,0,0,0,0,0,0,0,0,1,0,0,0,0,0,0,0,0,0,0,0,0,0,0,0,0,0,0,0,0,0,0,0,0,0,0,0,0,0,0,0,0,0,0,0,0,0,0,0,0,0,0,0,0,0,0,0,0,0,0,0,0,0,0,0,0,0,0,0,0,0,1,0,0,0,0,0,0,0,0,0,0,0,0,0,0,0,0,0,1,0,0,0,0,0,1,0,0,0,0,0,0,0,0,0,0,0,0,0,0,0,0,0,1,0,0,0,0,0,0,0,0,0,0,0,0,0,0,0,0,0,0,16.85
11.087341197953226,11.087341197953226,0.2292042936320533,-1.0191697635844463,0.3381329578357057,19.428571428571427,404.42000000000024,376.19600000000014,404.19071385599995,160,0,0.31720436546192304,-0.48028580497401857,0.48028580497401857,0.31720436546192304,0.42857142857142855,0.5714285714285714,0.6785714285714286,16.376402480622605,10.28738230071748,2.2023609040326746,-2.3208336252140325,2.010027905650094,-2.4864534015434905,5.69881889098681,-0.14099683700155533,2.5511232416549157,2.9006475849167423,408.1564000692311,21.104083527755577,15.69598330009369,15.69598330009369,13.150774800938818,8.919870526502791,8.919870526502791,6.679545659926665,6.679545659926665,4.365290921356399,4.365290921356399,2.9761883491022174,2.9761883491022174,-2.28,676639.5196306166,23.75888024883359,12.23214734700253,10.76852465844601,162.06990968002208,20.426109579362823,0.0,0.0,0.0,0.0,23.877221151807397,38.777787659689196,0.0,0.0,0.0,0.0,0.0,52.358051247300594,26.1790256236503,39.60425831565011,23.877221151807397,0.0,19.599638923401912,0.0,0.0,78.5370768709509,0.0,0.0,0.0,0.0,0.0,0.0,0.0,142.44004652552306,19.178148736287287,0.0,0.0,0.0,0.0,0.0,0.0,162.15999999999997,23.877221151807397,19.178148736287287,0.0,26.1790256236503,52.358051247300594,0.0,0.0,19.599638923401912,0.0,0.0,20.426109579362823,0.0,0.0,50.91546571983842,36.304840158813406,0.0,-4.076679054337784,0.0,0.0,1.5230398423526128,0.0,0.75,28,4,12,0,1,1,0,0,0,0,0,0,8,4,12,1,8,0,1,1,0,0,10.379361571554307,1,-2.4535999999999936,96.30320000000006,4,0,0,0,0,0,0,0,4,4,4,0,0,0,0,4,0,0,0,0,0,0,0,0,0,0,0,0,0,0,0,0,0,0,0,0,0,0,0,0,0,0,0,0,0,0,0,0,0,0,0,0,0,0,0,0,0,0,0,0,0,0,0,0,0,0,0,0,0,0,0,0,0,0,0,0,0,0,0,0,0,0,0,0,0,0,0,0,0,0,0,0,0,0,0,0,0,0,0,0,0,0,0,0,0,0,0,0,0,0,0,0,0,0,0,0,0,0,0,0,0,0,0,0,0,0,0,0,0,1,0,0,0,0,0,0,0,0,0,0,0,0,0,0,0,0,0,0,0,0,0,0,0,0,0,0,0,0,0,0,0,0,0,0,0,0,0,0,0,0,0,0,0,0,0,0,0,0,0,0,0,0,0,0,0,0,1,0,0,0,0,1,0,0,0,0,0,0,0,0,0,0,0,0,0,1,0,0,0,1,0,0,0,0,0,1,0,0,0,0,0,0,1,0,0,0,0,0,0,0,0,0,0,1,0,0,0,0,0,0,0,0,0,0,0,0,0,0,0,0,1,0,24.67
11.183692327039399,11.183692327039399,0.01594756118700924,-1.2583852904974495,0.09157299384218853,11.294117647058824,494.45400000000035,464.21400000000034,494.18602239999984,194,0,0.3172181189692342,-0.4802858049740105,0.4802858049740105,0.3172181189692342,0.3235294117647059,0.47058823529411764,0.6470588235294118,16.38429832841554,10.314600969329113,2.1960699213581303,-2.2861350345208136,1.9855507521537852,-2.461852923034637,5.729708100665542,-0.1438528344976067,2.6438582546130958,5.127240059752839,592.8268714730223,26.258784066134826,18.40690707202133,18.40690707202133,15.776672458625049,9.982439193653159,9.982439193653159,7.336036916890248,7.336036916890248,4.350569785933571,4.350569785933571,2.964116423587664,2.964116423587664,-3.3400000000000007,6454229.072893563,30.66,16.30045846247641,17.243199778301268,193.71713676682407,30.63916436904423,0.0,0.0,0.0,0.0,35.81583172771109,48.36686202783284,0.0,0.0,0.0,0.0,0.0,39.26853843547545,39.26853843547545,59.40638747347516,35.81583172771109,0.0,19.599638923401912,0.0,0.0,78.5370768709509,0.0,0.0,0.0,0.0,0.0,0.0,0.0,164.59171189110816,28.76722310443093,0.0,0.0,0.0,0.0,0.0,0.0,236.75999999999996,75.08437016318655,28.76722310443093,0.0,39.26853843547545,0.0,9.799819461700956,9.799819461700956,0.0,0.0,0.0,30.63916436904423,0.0,0.0,70.96063437219017,53.84541269748965,0.0,-7.446698075989966,0.0,0.0,-3.3593489936898613,0.0,0.6666666666666666,34,6,16,0,0,0,0,0,0,0,0,0,10,6,16,0,21,0,0,0,0,0,14.699178131162551,0,-3.297999999999991,111.5748000000001,6,0,0,0,0,0,0,0,6,6,6,0,0,0,0,4,0,0,0,0,0,0,0,0,0,0,0,0,0,0,0,0,0,0,0,0,0,0,0,0,0,0,0,0,0,0,0,0,0,0,0,0,0,0,0,0,0,0,0,0,0,0,0,0,0,0,0,0,0,0,0,0,0,0,0,0,0,0,0,0,0,0,0,0,0,0,0,0,0,0,0,0,0,0,0,0,0,0,0,0,0,0,0,0,0,0,0,0,0,0,0,0,0,0,0,0,0,0,0,0,0,0,0,0,0,0,0,0,0,1,0,0,0,0,0,0,0,0,0,0,0,0,0,0,0,0,0,0,0,0,0,0,0,0,0,0,0,0,0,0,0,0,0,0,0,0,0,0,0,0,0,0,0,0,0,0,0,0,0,0,0,0,0,0,0,0,0,0,0,0,0,1,0,0,0,0,0,0,0,0,0,0,0,0,0,0,0,0,0,1,0,0,0,0,0,1,0,0,0,0,0,0,0,0,0,0,0,0,0,0,0,0,0,1,0,0,0,0,0,0,0,0,0,0,0,0,0,0,0,0,0,0,28.4
11.153731372850345,11.153731372850345,0.05133883022140617,-0.9818434703490617,0.3509558026049832,20.785714285714285,404.4640000000002,372.20800000000014,404.22709936399997,162,0,0.31720436546192304,-0.48028580497401896,0.48028580497401896,0.31720436546192304,0.6785714285714286,0.9642857142857143,1.2142857142857142,16.37337356733341,10.230754523470017,2.211768650773259,-2.345965738376011,2.040020156156317,-2.4995217327828767,5.694543863084124,-0.1403380650045484,2.5945616965224354,2.919120060012085,450.26677866967066,21.104083527755577,16.365085278819453,16.365085278819453,13.20561635580521,9.382383642328257,9.382383642328257,7.077223561746181,7.077223561746181,4.835965952126396,4.835965952126396,3.1570792001970283,3.1570792001970283,-1.79,757113.8595388188,24.24815337657383,12.62572355896969,9.946906158428227,164.27332969437492,20.426109579362823,0.0,0.0,0.0,0.0,17.90791586385555,33.983250475617375,0.0,0.0,0.0,0.0,6.923737199690624,58.39989207644855,26.241151182250643,34.809721131578286,17.90791586385555,0.0,19.599638923401912,0.0,12.965578028838586,78.59920242955124,0.0,0.0,0.0,0.0,0.0,0.0,0.0,142.57470762531952,14.383611552215466,0.0,6.923737199690624,0.0,0.0,0.0,0.0,145.08999999999997,17.90791586385555,19.49013894705617,0.0,32.282992011398605,52.358051247300594,0.0,0.0,14.699729192551434,11.823646930541102,0.0,15.319582184522117,0.0,0.0,40.65218310204362,36.89045520229607,0.0,-2.886901366964497,-0.13443929954391698,0.0,4.812035695502057,0.0,0.8235294117647058,28,4,11,0,1,1,0,0,0,0,1,0,8,4,11,1,8,0,1,1,0,1,10.93394576243281,1,-2.157399999999992,100.34820000000006,3,1,1,0,0,0,0,0,3,3,3,0,0,0,0,4,0,0,0,0,0,0,0,0,0,0,0,0,0,0,0,0,0,0,0,0,0,0,0,0,0,0,0,0,0,0,0,0,0,0,0,0,0,0,0,0,0,0,0,0,0,0,0,0,0,0,0,0,0,0,0,0,0,0,0,0,0,0,0,0,0,0,0,0,0,0,0,0,0,0,0,0,0,0,0,0,0,0,0,0,0,0,0,0,0,0,0,0,0,0,0,0,0,0,0,0,0,0,0,0,0,0,0,0,0,0,0,0,0,1,0,0,0,0,0,0,0,0,0,0,0,0,0,0,0,0,0,0,0,0,0,0,0,0,0,0,0,0,0,0,0,0,0,0,0,0,0,0,0,0,0,0,0,0,0,0,0,0,0,0,0,0,0,0,0,0,1,0,0,0,0,1,0,0,0,0,0,0,0,0,0,0,0,0,0,1,0,0,0,1,0,0,0,0,0,1,0,0,0,0,0,0,1,0,0,0,0,0,0,0,0,0,0,1,0,0,0,0,0,0,0,0,0,0,0,0,0,0,0,0,1,0,23.9
10.826338931977668,10.826338931977668,0.03739969135802479,-1.1837998918703294,0.35719818390940083,10.846153846153847,369.3300000000001,350.1780000000001,369.11721456799995,142,0,0.3172291922316649,-0.4802855377432486,0.4802855377432486,0.3172291922316649,0.6923076923076923,1.0,1.2692307692307692,16.378654503926093,10.231623623015688,2.167173926709169,-2.1942794046021996,2.068649596275753,-2.348807075386074,5.727234650448573,-0.1435431954736943,2.4388245116669642,2.8631290258965665,558.507086133134,19.689869965382485,13.738179825043325,13.738179825043325,12.150774800938818,7.420841242944565,7.420841242944565,5.4855400256098585,5.4855400256098585,3.0711148073013956,3.0711148073013956,2.264131165232663,2.264131165232663,-3.0500000000000003,252076.9015258974,20.993572984749452,10.057296932621012,8.704594021834165,147.64316299377543,20.426109579362823,0.0,0.0,0.0,0.0,23.877221151807397,33.96194671893545,0.0,0.0,0.0,6.06636706846161,12.13273413692322,13.08951281182515,37.56688161334722,39.60425831565011,23.877221151807397,0.0,14.783797982648164,0.0,13.08951281182515,26.1790256236503,29.58695719508175,0.0,0.0,0.0,0.0,0.0,0.0,85.26615433746868,32.267661548112436,0.0,11.387855989696922,18.19910120538483,0.0,0.0,0.0,168.57,50.056246775457694,19.178148736287287,0.0,13.08951281182515,11.387855989696922,0.0,9.799819461700956,18.19910120538483,0.0,4.9839785209472085,20.426109579362823,0.0,0.0,49.87117509886893,35.37315831376354,0.7696296296296299,-4.735199567481315,4.731111111111111,0.0,-2.009874585891903,0.0,0.4,26,4,11,0,0,0,0,0,1,1,0,0,7,4,11,1,12,0,0,0,0,0,8.12071527631831,1,-0.9759999999999973,85.33420000000005,4,0,0,0,0,1,0,0,4,4,4,0,0,0,0,3,0,0,0,0,0,0,0,0,0,0,0,0,0,0,0,0,0,0,0,0,0,0,0,0,0,0,0,0,0,0,0,0,0,0,0,0,0,0,0,0,0,0,0,0,0,0,0,0,0,0,0,0,0,0,0,0,0,1,0,0,0,0,0,0,0,0,0,0,0,0,0,0,0,0,0,0,0,0,0,0,0,0,0,0,0,0,0,0,0,0,0,0,0,0,0,0,0,0,0,0,0,0,0,0,0,0,0,0,0,0,0,0,0,1,0,0,0,0,0,0,0,0,0,0,0,0,0,0,0,0,0,0,0,0,0,0,0,0,0,0,0,0,0,0,0,0,0,0,0,0,0,0,0,0,0,0,0,0,0,0,0,0,0,0,0,0,0,0,0,0,0,0,0,0,0,1,0,0,0,0,0,0,0,0,0,0,0,0,0,0,0,0,0,1,0,0,0,0,0,1,0,0,0,0,0,0,0,0,0,0,0,0,0,0,0,0,0,1,0,0,0,0,0,0,0,0,0,0,0,0,0,0,0,0,0,0,18.6
11.169868101191604,11.169868101191604,0.06843248719240735,-1.0827815045771387,0.5317240287457728,10.307692307692308,360.3660000000001,340.20600000000013,360.13213635999995,138,0,0.32260066325557224,-0.5057806456034089,0.5057806456034089,0.32260066325557224,0.6923076923076923,1.0384615384615385,1.3461538461538463,16.370454888135995,10.204837367572674,2.184318469068205,-2.2893862390442443,2.282141270274659,-2.3967913166542156,5.761742434472727,-0.13611833638677467,2.5763843776847515,2.227009903026263,684.6385569005645,19.104083527755577,13.947007432190674,13.947007432190674,12.37991785310972,7.876607460596888,7.876607460596888,5.608016245267211,5.608016245267211,3.73691587175216,3.73691587175216,2.6004698569859994,2.6004698569859994,-3.419999999999999,492357.36011306674,18.912076535871964,8.610730984334356,5.03638782762207,149.69779656121898,30.22592904106378,24.58853647839296,0.0,0.0,0.0,11.938610575903699,9.589074368143644,0.0,0.0,0.0,24.26546827384644,24.26546827384644,13.08951281182515,11.374772549367124,30.015183947506465,23.31338312527082,0.0,0.0,0.0,0.0,35.97884508535126,48.53093654769288,0.0,11.49902366656781,9.799819461700956,11.374772549367124,11.49902366656781,0.0,58.543745778916815,9.589074368143644,0.0,0.0,48.53093654769288,0.0,0.0,0.0,121.54000000000002,11.938610575903699,19.802129157825057,0.0,37.67804929021811,11.374772549367124,0.0,21.932553598624175,36.39820241076966,0.0,0.0,10.213054789681411,0.0,0.0,25.213753587114876,38.24040737287671,0.6712196607037884,-2.3024279835390926,12.639856477230214,0.0,-0.46280911438649475,0.0,0.2222222222222222,26,4,8,0,0,0,0,2,0,2,0,0,6,4,8,0,9,0,0,0,0,0,6.263338592520596,2,1.5800000000000007,95.91120000000004,2,0,0,0,0,0,0,2,2,2,2,0,0,0,0,2,0,0,0,0,0,0,0,0,0,0,0,0,0,2,0,0,0,0,2,0,0,0,0,0,0,0,0,0,0,0,0,0,0,0,0,0,0,0,0,0,0,0,0,0,0,0,0,0,4,2,2,0,0,0,0,0,0,0,0,0,0,0,0,0,0,0,0,0,0,0,0,0,0,0,0,0,0,0,0,0,0,0,0,0,0,0,0,0,0,0,0,0,0,0,0,0,0,0,0,0,0,0,0,0,0,0,0,0,0,0,0,0,0,1,0,0,0,0,0,0,0,0,0,0,0,0,0,0,0,0,0,0,0,0,0,0,0,0,0,0,0,0,0,0,0,0,0,0,0,0,0,0,0,0,0,0,0,0,0,0,0,0,0,0,0,0,0,0,0,0,0,0,0,0,0,1,0,0,0,0,0,0,0,0,0,0,0,0,0,0,0,0,0,1,0,0,0,0,0,1,0,0,0,0,0,0,0,0,0,0,0,0,0,0,0,0,0,1,0,0,0,0,0,0,0,0,0,0,0,0,0,0,0,0,0,0,21.18
10.828463556268044,10.828463556268044,0.06115157254361803,-0.889923101956833,0.6565725922924346,21.217391304347824,334.36900000000014,308.16100000000006,334.174001172,134,0,0.31720561443251694,-0.4802857980438629,0.4802857980438629,0.31720561443251694,0.6521739130434783,0.9565217391304348,1.2608695652173914,16.52245656503696,10.4165486886769,2.117593151799568,-2.210016016638631,1.9431565164768878,-2.367628279790677,5.688836816855106,-0.1390750708685092,2.471626198860761,2.430565206719772,292.93001187765793,16.916002794556718,13.31537720855772,13.31537720855772,11.075387400469408,7.691986070820275,7.691986070820275,5.176890137050716,5.176890137050716,3.297152569466083,3.297152569466083,2.121042766889011,2.121042766889011,-1.2600000000000002,96255.01068843347,19.785998160073593,12.197925136246814,10.993369871085488,135.24948209486317,24.42364365108156,0.0,0.0,0.0,0.0,11.938610575903699,19.388893829844598,0.0,0.0,0.0,0.0,0.0,26.1790256236503,52.73080459890265,34.012718019225204,11.938610575903699,0.0,9.799819461700956,0.0,0.0,78.90983022255296,0.0,0.0,0.0,0.0,0.0,0.0,0.0,110.86131504983905,23.79966322954379,0.0,0.0,0.0,0.0,0.0,0.0,108.77,11.938610575903699,9.589074368143644,0.0,13.08951281182515,65.8203174107278,0.0,0.0,9.799819461700956,0.0,0.0,24.42364365108156,16.292066431510875,0.0,25.152659927266917,17.773489660846053,0.0,-1.7798462039136647,0.0,0.0,4.39496351762315,0.0,0.8571428571428571,23,2,9,0,1,1,0,0,0,0,0,0,7,2,9,1,4,0,1,1,0,0,10.493396708804127,1,-1.176999999999995,80.60860000000005,2,0,0,0,0,0,0,0,2,2,2,0,0,0,0,2,0,0,0,0,0,0,0,0,0,0,0,0,0,0,0,0,0,0,0,0,0,0,0,0,0,3,0,0,0,0,0,0,0,0,0,0,0,0,0,0,0,0,0,0,0,0,0,0,0,0,0,0,0,0,0,0,0,0,0,0,0,0,0,0,0,0,0,0,0,0,0,0,0,0,0,0,0,0,0,0,0,0,0,0,0,0,0,0,0,0,0,0,0,0,0,0,0,0,0,0,0,0,0,0,0,0,0,0,0,0,0,0,0,1,0,0,0,0,0,0,0,0,0,0,0,0,0,0,0,0,0,0,0,0,0,0,0,0,0,0,0,0,0,0,0,0,0,0,0,0,0,0,0,0,0,0,0,0,0,0,0,0,0,0,0,0,0,0,0,0,0,0,0,0,0,1,0,0,0,0,0,0,0,0,0,0,0,0,0,1,0,0,0,1,0,0,0,0,0,1,0,0,0,0,0,0,1,0,0,0,0,0,0,0,0,0,0,1,0,0,0,0,0,0,0,0,0,0,0,0,0,0,0,0,1,0,11.66
12.190908572854926,12.190908572854926,0.0835868151209056,-1.1434394340684595,0.23768305773411852,20.228571428571428,505.5250000000005,470.24500000000035,505.23839231999995,200,0,0.31721724854433203,-0.48028580497400253,0.48028580497400253,0.31721724854433203,0.6285714285714286,0.9714285714285714,1.3428571428571427,16.521790868698396,10.317602929982737,2.1940027402210145,-2.2754733425529854,1.9738640949231478,-2.471374469960329,5.791584488940891,-0.14058421439418867,2.744175320498254,2.885093752222167,609.5257954347982,26.053830996061404,19.647621324044998,19.647621324044998,16.650774800938816,11.1670652860933,11.1670652860933,7.80332434786676,7.80332434786676,4.785084897417876,4.785084897417876,3.2026932161927433,3.2026932161927433,-2.8500000000000005,21118284.15375072,30.18110419906687,17.565543207368385,16.419656595984236,202.4639476414827,35.42688530013488,0.0,0.0,11.814359458703011,0.0,17.90791586385555,38.672415112910535,0.0,0.0,0.0,0.0,0.0,39.26853843547545,59.15130988761454,48.76599401248132,29.72227532255856,0.0,25.333306400564094,0.0,0.0,98.41984832309001,0.0,0.0,0.0,10.633577208012662,0.0,0.0,0.0,158.16143502272215,33.44641182795921,0.0,0.0,0.0,0.0,0.0,0.0,198.28,42.811788134383704,29.079213315199812,0.0,85.33033551126485,0.0,0.0,14.699729192551434,0.0,0.0,10.633577208012662,19.68678069728151,10.671424481615887,0.0,62.33868425878582,32.823902987542205,0.0,-4.218758867672455,0.0,0.0,0.2180804730618804,0.0,0.75,35,5,15,0,1,1,2,0,0,0,0,0,10,5,15,1,6,0,1,1,0,0,15.14707113870847,1,-3.574599999999993,119.88480000000008,3,0,0,0,0,0,0,0,3,3,5,2,0,0,0,3,2,0,0,0,0,0,0,0,0,0,0,2,0,0,0,0,0,0,0,0,0,0,0,0,0,2,0,0,0,0,0,0,0,0,0,0,0,0,0,0,0,0,0,0,0,0,0,0,0,0,0,0,0,0,0,0,0,0,0,0,0,0,0,0,0,0,0,0,0,0,0,0,0,0,0,0,0,0,0,0,0,0,0,0,0,0,0,0,0,0,0,0,0,0,0,0,0,0,0,0,0,0,0,0,0,0,0,0,0,0,0,0,0,1,0,0,0,0,0,0,0,0,0,0,0,0,0,0,0,0,0,0,0,0,0,0,0,0,0,0,0,0,0,0,0,0,0,0,0,0,0,0,0,0,0,0,0,0,0,0,0,0,0,0,0,0,0,0,0,0,0,0,0,0,0,1,0,0,0,0,0,0,0,0,0,0,0,0,0,1,0,0,0,1,0,0,0,0,0,1,0,0,0,0,0,0,1,0,0,0,0,0,0,0,0,0,0,1,0,0,0,0,0,0,0,0,0,0,0,0,0,0,0,0,1,0,17.44
10.581474435253053,10.581474435253053,0.03625283446712024,-1.166350439867306,0.2577548611855023,10.869565217391305,336.2970000000001,316.13700000000006,336.1168802199999,132,0,0.31721874566666475,-0.48028566050343136,0.48028566050343136,0.31721874566666475,0.6086956521739131,0.8695652173913043,1.0869565217391304,16.475487262071876,10.409810594798682,2.14462260000165,-2.1954958800699367,1.9213662463963586,-2.38278331091582,5.7266115515722955,-0.1431556966719952,2.3431003023056767,4.0893069479323785,326.26137307125543,17.828062645816686,12.381377274811445,12.381377274811445,10.701285058155639,6.599854199591392,6.599854199591392,4.608636522622713,4.608636522622713,2.53917364568524,2.53917364568524,1.6825399437986457,1.6825399437986457,-2.24,46787.02683643975,20.76,11.34361106688833,13.16300605536332,131.20985026506503,25.162972533162872,0.0,0.0,0.0,0.0,23.877221151807397,28.97796819798824,0.0,0.0,0.0,0.0,0.0,13.08951281182515,39.392789552676135,44.341121269450156,23.877221151807397,0.0,9.799819461700956,0.0,0.0,52.48230236450128,0.0,0.0,0.0,0.0,0.0,0.0,0.0,106.58545255737249,23.915011690087333,0.0,0.0,0.0,0.0,0.0,0.0,164.91,50.056246775457694,19.178148736287287,0.0,26.303276740850986,0.0,9.799819461700956,0.0,0.0,0.0,0.0,25.162972533162872,5.165852229780802,0.0,44.65314568339904,34.58721569597569,0.0,-4.665401759469221,0.0,0.0,-1.5741451830196418,0.0,0.6666666666666666,23,4,11,0,0,0,0,0,0,0,0,0,7,4,11,0,14,0,0,0,0,0,10.238841989069641,0,-2.0545999999999953,74.24220000000004,4,0,0,0,0,0,0,0,4,4,4,0,0,0,0,2,0,0,0,0,0,0,0,0,0,0,0,0,0,0,0,0,0,0,0,0,0,0,0,0,0,1,0,0,0,0,0,0,0,0,0,0,0,0,0,0,0,0,0,0,0,0,0,0,0,0,0,0,0,0,0,0,0,0,0,0,0,0,0,0,0,0,0,0,0,0,0,0,0,0,0,0,0,0,0,0,0,0,0,0,0,0,0,0,0,0,0,0,0,0,0,0,0,0,0,0,0,0,0,0,0,0,0,0,0,0,0,0,0,1,0,0,0,0,0,0,0,0,0,0,0,0,0,0,0,0,0,0,0,0,0,0,0,0,0,0,0,0,0,0,0,0,0,0,0,0,0,0,0,0,0,0,0,0,0,0,0,0,0,0,0,0,0,0,0,0,0,0,0,0,0,1,0,0,0,0,0,0,0,0,0,0,0,0,0,0,0,0,0,1,0,0,0,0,0,1,0,0,0,0,0,0,0,0,0,0,0,0,0,0,0,0,0,1,0,0,0,0,0,0,0,0,0,0,0,0,0,0,0,0,0,0,18.13
10.988582129617482,10.988582129617482,0.00015264130343495275,-1.2185021454977536,0.17276631775939819,11.107142857142858,407.37600000000026,382.17600000000016,407.15399399999995,160,0,0.3172181189691812,-0.480285809442313,0.480285809442313,0.3172181189691812,0.42857142857142855,0.6785714285714286,1.0357142857142858,16.381387757058224,10.279992433551445,2.1764973443004147,-2.2555645139342486,1.9868971339430166,-2.425769312645724,5.728182413309508,-0.14378158844433675,2.4870316360668068,4.715229723448168,498.2415647232905,21.689869965382485,15.190018028184458,15.190018028184458,12.988978758390344,8.252471562027464,8.252471562027464,6.019703892501858,6.019703892501858,3.47547482161131,3.47547482161131,2.4551508974561043,2.4551508974561043,-2.7700000000000005,430395.7468111773,25.23,13.40626702158866,14.404771677766098,159.9067209011911,25.532636974203527,0.0,0.0,0.0,0.0,29.846526439759245,38.67241511291054,0.0,0.0,0.0,0.0,6.4208216229260096,26.1790256236503,32.72378202956288,49.50532289456263,29.846526439759245,0.0,14.699729192551434,0.0,6.4208216229260096,58.902807653213166,0.0,0.0,0.0,0.0,0.0,0.0,0.0,128.98170025972743,23.97268592035911,0.0,6.4208216229260096,0.0,0.0,0.0,0.0,196.22,56.02555206340954,23.97268592035911,0.0,39.14460365248888,0.0,4.899909730850478,9.799819461700956,0.0,0.0,0.0,25.532636974203527,0.0,0.0,57.869183579385535,44.17599808243837,0.0,-5.965525021900312,0.0,0.26954475308641945,-2.015868059676681,0.0,0.6666666666666666,28,5,13,0,0,0,0,0,0,0,0,0,8,5,13,0,17,0,0,0,0,0,12.080004176952924,0,-2.294499999999993,92.11600000000006,5,0,0,0,0,0,0,0,5,5,5,0,0,0,0,3,0,0,0,0,0,0,0,0,0,0,0,0,0,0,0,0,0,0,0,0,0,0,0,0,0,0,0,0,0,0,0,0,0,0,0,0,0,0,0,0,0,0,0,0,0,0,0,0,0,0,0,0,0,0,0,0,0,0,0,0,0,0,0,0,0,0,0,0,0,0,0,0,0,0,0,0,0,0,0,0,0,0,0,0,0,0,0,0,0,0,0,0,0,0,0,0,0,0,0,0,0,0,0,0,0,0,0,0,0,0,0,0,0,1,0,0,0,0,0,0,0,0,0,0,0,0,0,0,0,0,0,0,0,0,0,0,0,0,0,0,0,0,0,0,0,0,0,0,0,0,0,0,0,0,0,0,0,0,0,0,0,0,0,0,0,0,0,0,0,0,0,0,0,0,0,1,0,0,0,0,0,0,0,0,0,0,0,0,0,0,0,0,0,1,0,0,0,0,0,1,0,0,0,0,0,0,0,0,0,0,0,0,0,0,0,0,0,1,0,0,0,0,0,0,0,0,0,0,0,0,0,0,0,0,0,0,17.5
12.504171238736234,12.504171238736234,0.017235913687482896,-3.37634408090007,0.24353199245553217,25.555555555555557,596.5200000000001,548.1360000000001,596.2422610159999,216,0,0.21342046613570934,-0.34340162600648694,0.34340162600648694,0.21342046613570934,0.4166666666666667,0.5555555555555556,0.6666666666666666,31.18196892662466,10.352663052496252,2.2807688903204,-2.3533996820311573,2.431065166473816,-2.462915983383785,7.582300877197829,0.15858596700965244,2.798635402704584,3.2094505612978192,651.8949464100463,27.62310957574326,22.3132648068397,25.89097357083936,16.555833735058737,12.683279188423164,20.803516931373014,9.68792467627429,20.11950211882372,6.590254844067497,13.91112027593309,3.794324804067963,8.225805521407024,0.5999999999999999,19758365.94309436,34.62732240437158,15.403900591305353,14.118324683022744,216.3886703703159,19.5736464110099,0.0,0.0,29.475310121774395,0.0,0.0,37.85983206312723,0.0,0.0,0.0,27.694948798762496,0.0,77.00569135717228,25.143379241817946,37.83383955073522,29.475310121774395,0.0,19.599638923401912,0.0,27.694948798762496,102.14907059899025,0.0,0.0,0.0,0.0,0.0,0.0,29.475310121774395,141.3223559334021,18.260193139725317,0.0,27.694948798762496,0.0,0.0,0.0,0.0,162.16,29.475310121774395,37.83383955073522,0.0,49.79101935168963,52.358051247300594,0.0,0.0,27.694948798762496,19.599638923401912,0.0,0.0,50.016684954944935,0.0,48.4968550333509,0.0,0.0,0.0,0.0,0.4623525978649101,9.751705959661756,-13.505376323600277,1.0,36,4,12,0,1,1,0,0,0,0,4,0,8,4,16,1,12,0,1,1,0,4,14.816550890556126,1,2.1991999999999994,147.22519999999986,0,0,0,0,0,0,0,0,0,0,0,0,0,0,0,4,0,0,0,0,0,0,0,0,0,0,0,0,0,0,0,0,0,0,0,0,0,0,0,0,0,0,0,0,0,0,0,0,0,0,0,0,0,0,0,0,0,0,0,0,0,0,0,0,0,0,0,0,0,0,0,0,0,0,0,0,0,0,0,0,0,0,0,0,0,0,0,0,0,0,0,0,0,0,0,0,0,0,0,0,0,0,0,0,0,0,0,0,0,0,0,0,0,0,0,0,0,0,0,0,0,0,0,0,0,0,0,0,0,1,0,0,0,0,0,0,0,0,0,0,0,0,0,0,0,0,0,0,0,0,0,0,0,0,0,0,0,0,0,0,0,0,0,0,0,0,0,0,0,0,0,0,0,0,0,0,0,0,0,0,0,0,0,0,0,0,1,0,0,0,0,1,0,0,0,0,0,0,0,0,0,0,0,0,0,1,0,0,0,1,0,0,0,0,0,1,0,0,0,0,0,0,1,0,0,0,0,0,0,0,0,0,0,1,0,0,0,0,0,0,0,0,0,0,0,0,0,0,0,0,1,0,16.5
10.559622333501302,10.559622333501302,0.08916666666666684,-1.159080766565886,0.3324303867891498,10.894736842105264,278.26099999999997,260.11699999999996,278.111400916,110,0,0.31721811896927504,-0.4802858015123344,0.4802858015123344,0.31721811896927504,0.6842105263157895,1.0526315789473684,1.4210526315789473,16.3751438765075,10.358274520597588,2.1562314004307535,-2.2356280981295904,1.9333787238688063,-2.4214033157617263,5.7217905951735295,-0.14275992170396432,2.2308357979368076,4.335624674258048,279.16017124398627,14.836498814253964,10.357773912697171,10.357773912697171,8.845443010499071,5.557447362843419,5.557447362843419,3.891625256195106,3.891625256195106,2.2252848929667857,2.2252848929667857,1.4820582117938341,1.4820582117938341,-1.71,7709.768517669607,17.29,9.250643852895946,9.943931659931225,109.20489870672114,20.426109579362823,0.0,0.0,0.0,0.0,17.90791586385555,24.18343101391642,0.0,0.0,0.0,0.0,0.0,19.634269217737724,26.241151182250643,34.809721131578286,17.90791586385555,0.0,9.799819461700956,0.0,0.0,45.875420399988364,0.0,0.0,0.0,0.0,0.0,0.0,0.0,94.00926530490771,14.383611552215466,0.0,0.0,0.0,0.0,0.0,0.0,138.61,30.997428675680695,14.383611552215466,0.0,32.78590758816322,0.0,0.0,9.799819461700956,0.0,0.0,0.0,20.426109579362823,0.0,0.0,34.25301435080205,34.66768266565886,0.0,-3.3908752729486853,0.0,0.0,-1.02982174351222,0.0,0.7,19,4,9,0,0,0,0,0,0,0,0,0,6,4,9,0,11,0,0,0,0,0,8.41808590613531,0,-2.1634999999999964,62.873200000000026,3,1,1,0,0,0,0,0,3,3,3,0,0,0,0,2,0,0,0,0,0,0,0,0,0,0,0,0,0,0,0,0,0,0,0,0,0,0,0,0,0,0,0,0,0,0,0,0,0,0,0,0,0,0,0,0,0,0,0,0,0,0,0,0,0,0,0,0,0,0,0,0,0,0,0,0,0,0,0,0,0,0,0,0,0,0,0,0,0,0,0,0,0,0,0,0,0,0,0,0,0,0,0,0,0,0,0,0,0,0,0,0,0,0,0,0,0,0,0,0,0,0,0,0,0,0,0,0,0,1,0,0,0,0,0,0,0,0,0,0,0,0,0,0,0,0,0,0,0,0,0,0,0,0,0,0,0,0,0,0,0,0,0,0,0,0,0,0,0,0,0,0,0,0,0,0,0,0,0,0,0,0,0,0,0,0,0,0,0,0,0,1,0,0,0,0,0,0,0,0,0,0,0,0,0,0,0,0,0,1,0,0,0,0,0,1,0,0,0,0,0,0,0,0,0,0,0,0,0,0,0,0,0,1,0,0,0,0,0,0,0,0,0,0,0,0,0,0,0,0,0,0,15.22
10.717338116962937,10.717338116962937,0.015352497480473515,-1.1243432172251613,0.32173830117321633,10.818181818181818,320.29800000000006,300.13800000000003,320.12196559999995,126,0,0.3172037784923831,-0.4811950460172665,0.4811950460172665,0.3172037784923831,0.5454545454545454,0.8636363636363636,1.0909090909090908,16.37590212554149,10.295586063969953,2.155797618850147,-2.2455335074829907,1.9732623105824998,-2.40829777711915,5.7005169626296315,-0.1415505365863018,2.367473724673011,4.486659604213433,344.8424910217126,17.12095586463014,11.973128984347582,11.973128984347582,10.201285058155639,6.522503930401766,6.522503930401766,4.627249916410038,4.627249916410038,2.7339832014100893,2.7339832014100893,1.7127663210108568,1.7127663210108568,-2.1999999999999997,30478.85673144034,19.799999999999997,10.515839276887226,11.612130177514793,126.09630503555813,20.426109579362823,0.0,0.0,0.0,0.0,23.877221151807397,28.97796819798824,0.0,0.0,0.0,0.0,0.0,26.1790256236503,25.93115605767717,39.60425831565011,23.877221151807397,0.0,9.799819461700956,0.0,12.841643245852019,39.26853843547545,0.0,0.0,0.0,0.0,0.0,0.0,0.0,93.37168862834665,19.178148736287287,0.0,12.841643245852019,0.0,0.0,0.0,0.0,155.68,23.877221151807397,19.178148736287287,0.0,52.11018168132746,0.0,0.0,9.799819461700956,0.0,0.0,0.0,20.426109579362823,0.0,0.0,45.21518677897646,34.74416031666212,0.0,-4.380801124781101,0.0,-0.46957047325102885,-0.44230883093978357,0.0,0.6666666666666666,22,4,10,0,0,0,0,0,0,0,0,0,6,4,10,0,13,0,0,0,0,0,9.464255349198503,0,-1.2909999999999964,72.65720000000005,4,0,0,0,0,0,0,0,4,4,4,0,0,0,0,2,0,0,0,0,0,0,0,0,0,0,0,0,0,0,0,0,0,0,0,0,0,0,0,0,0,0,0,0,0,0,0,0,0,0,0,0,0,0,0,0,0,0,0,0,0,0,0,0,0,0,0,0,0,0,0,0,0,0,0,0,0,0,0,0,0,0,0,0,0,0,0,0,0,0,0,0,0,0,0,0,0,0,0,0,0,0,0,0,0,0,0,0,0,0,0,0,0,0,0,0,0,0,0,0,0,0,0,0,0,0,0,0,0,1,0,0,0,0,0,0,0,0,0,0,0,0,0,0,0,0,0,0,0,0,0,0,0,0,0,0,0,0,0,0,0,0,0,0,0,0,0,0,0,0,0,0,0,0,0,0,0,0,0,0,0,0,0,0,0,0,0,0,0,0,0,1,0,0,0,0,0,0,0,0,0,0,0,0,0,0,0,0,0,1,0,0,0,0,0,1,0,0,0,0,0,0,0,0,0,0,0,0,0,0,0,0,0,1,0,0,0,0,0,0,0,0,0,0,0,0,0,0,0,0,0,0,15.35
12.501349033532719,12.501349033532719,0.13290764009919842,-1.120275214302611,0.20067925511491058,17.73913043478261,644.7220000000003,600.3700000000003,644.305743608,252,0,0.32283475543119033,-0.4802858049740121,0.4802858049740121,0.32283475543119033,0.5434782608695652,0.8695652173913043,1.1956521739130435,16.482060797323904,10.170065001645535,2.3123371881503125,-2.3673997855586144,2.1128381928531224,-2.54915085221555,5.739751586538489,-0.14909108880412605,3.0110278741804497,1.8203573563781303,1087.5588248583135,33.31297954112573,25.85489667367002,25.85489667367002,22.117101296127604,15.173727367505965,15.173727367505965,11.121235125361286,11.121235125361286,7.7577120133316395,7.7577120133316395,5.239882068437457,5.239882068437457,-3.9199999999999995,8434319773.006562,36.547142730096404,19.56287343760672,13.206803884556912,267.8709570087502,29.89983548696292,12.083681658295921,0.0,0.0,0.0,23.877221151807397,38.777787659689196,0.0,0.0,0.0,60.6636706846161,11.126902983393991,52.358051247300594,39.51704066987682,49.077984223250205,23.877221151807397,0.0,19.599638923401912,0.0,25.297445587321757,78.66132798815158,71.7905736680101,0.0,0.0,0.0,0.0,0.0,0.0,154.64797930101966,41.86563857291322,0.0,11.126902983393991,60.6636706846161,0.0,0.0,0.0,180.61999999999998,35.96090281010332,39.60425831565011,0.0,91.87509191717743,0.0,11.126902983393991,0.0,19.599638923401912,60.6636706846161,0.0,9.473725907600098,11.597935799664974,0.0,54.85998606455105,39.40610611328733,1.7589937742379433,-4.360206710324958,16.470521542548536,0.0,0.9333300827017865,0.0,0.5,46,4,14,0,1,1,0,2,0,2,2,0,10,4,14,1,16,0,1,1,0,2,15.542763646413574,3,0.7172000000000103,166.34119999999962,4,0,0,0,0,0,0,0,4,4,4,0,0,0,0,4,0,0,0,0,0,0,0,0,0,0,0,0,0,0,0,0,0,0,2,0,0,0,0,0,0,2,0,0,0,0,0,0,0,0,0,0,0,0,0,0,0,0,0,0,0,0,0,0,0,0,0,0,0,0,0,0,0,0,0,0,0,0,0,0,0,0,0,0,0,0,0,0,0,0,0,0,0,0,0,0,0,0,0,0,0,0,0,0,0,0,0,0,0,0,0,0,0,0,0,0,0,0,0,0,0,0,0,0,0,0,0,0,0,1,0,0,0,0,0,0,0,0,0,0,0,0,0,0,0,0,0,0,0,0,0,0,0,0,0,0,0,0,0,0,0,0,0,0,0,0,0,0,0,0,0,0,0,0,0,0,0,0,0,0,0,0,0,0,0,0,1,0,0,0,0,1,0,0,0,0,0,0,0,0,0,0,0,0,0,1,0,0,0,1,0,0,0,0,0,1,0,0,0,0,0,0,1,0,0,0,0,0,0,0,0,0,0,1,0,0,0,0,0,0,0,0,0,0,0,0,0,0,0,0,1,0,25.95
12.384289919828117,12.384289919828117,0.19925625886258969,-1.2311718281961503,0.07859406848810421,16.0,632.6280000000002,592.3080000000002,632.2765687200001,248,0,0.32247015616777014,-0.47993044261588,0.47993044261588,0.32247015616777014,0.36363636363636365,0.5227272727272727,0.6590909090909091,16.37676316982435,10.272088691085646,2.2187089318156863,-2.3322741193183645,2.016314840072645,-2.5155133188433845,5.838812014068704,-0.13828530801861,2.9344086653044013,3.1337662461825473,803.5084951819779,33.07033885400645,24.15740358669532,24.15740358669532,20.726162201408226,13.564794232176702,13.564794232176702,9.78646456313979,9.78646456313979,6.14580740069835,6.14580740069835,3.943797759955384,3.943797759955384,-4.400000000000001,1139554176.8521805,37.62525252525253,20.495739438735654,18.91692806922661,251.83498372980213,41.69326399538815,26.1790256236503,0.0,23.628718917406022,0.0,23.877221151807397,57.95593639597648,0.0,0.0,0.0,0.0,0.0,52.358051247300594,26.1790256236503,58.78240705193739,47.505940069213416,0.0,40.86679333942723,0.0,0.0,104.71610249460122,0.0,0.0,0.0,21.267154416025324,0.0,0.0,0.0,192.2477910665794,38.356297472574575,0.0,0.0,0.0,0.0,0.0,0.0,278.56,73.68496569286371,38.356297472574575,0.0,78.5370768709509,0.0,0.0,0.0,19.599638923401912,0.0,21.267154416025324,20.426109579362823,0.0,0.0,99.6470400763433,44.49922800245955,0.0,-7.2226685075270876,0.0,0.0,-1.5902662379424295,0.0,0.6666666666666666,44,8,20,0,1,1,4,0,0,0,0,0,12,8,20,1,16,0,1,1,0,0,17.52630391077742,1,-5.98880000000001,148.34199999999993,4,0,0,0,0,0,0,0,4,4,8,4,0,0,0,4,4,0,0,0,0,0,0,0,0,0,0,4,0,0,0,0,0,0,0,0,0,0,0,0,0,0,0,0,0,0,0,0,0,0,0,0,0,0,0,0,0,0,0,0,0,0,0,0,0,0,0,0,0,0,0,0,0,0,0,0,0,0,0,0,0,0,0,0,0,0,0,0,0,0,0,0,0,0,0,0,0,0,0,0,0,0,0,0,0,0,0,0,0,0,0,0,0,0,0,0,0,0,0,0,0,0,0,0,0,0,0,0,0,1,0,0,0,0,0,0,0,0,0,0,0,0,0,0,0,0,0,0,0,0,0,0,0,0,0,0,0,0,0,0,0,0,0,0,0,0,0,0,0,0,0,0,0,0,0,0,0,0,0,0,0,0,0,0,0,0,1,0,0,0,0,1,0,0,0,0,0,0,0,0,0,0,0,0,0,1,0,0,0,1,0,0,0,0,0,1,0,0,0,0,0,0,1,0,0,0,0,0,0,0,0,0,0,1,0,0,0,0,0,0,0,0,0,0,0,0,0,0,0,0,1,0,14.54
10.956644568321156,10.956644568321156,0.1515015589569162,-1.1258389311239239,0.5221591711879595,10.869565217391305,324.3330000000001,304.17300000000006,324.13213635999995,126,0,0.3172181189754004,-0.48028568425404883,0.48028568425404883,0.3172181189754004,0.7391304347826086,1.173913043478261,1.6521739130434783,16.374957231171088,10.182153586927926,2.162974989113955,-2.244398389414787,2.0441696441457937,-2.411384039456048,5.721927120628213,-0.1427727227458708,2.4351761469829243,2.647415737860663,490.09966494232975,17.242276208189782,12.590204881958796,12.590204881958796,10.863081100704113,7.005456589942813,7.005456589942813,5.088124103357054,5.088124103357054,3.0580627726124705,3.0580627726124705,2.126353872380828,2.126353872380828,-2.4499999999999997,79795.85198433646,18.59866180048662,9.543452995272396,8.542243608158577,133.10281704619254,15.319582184522117,0.0,0.0,0.0,0.0,17.90791586385555,24.18343101391642,0.0,0.0,0.0,30.33183534230805,5.563451491696996,19.634269217737724,19.634269217737724,29.703193736737582,17.90791586385555,0.0,9.799819461700956,0.0,6.544756405912575,32.72378202956288,35.89528683400505,0.0,0.0,0.0,0.0,0.0,0.0,75.7510995396415,20.92836795812804,0.0,5.563451491696996,30.33183534230805,0.0,0.0,0.0,118.38000000000002,30.997428675680702,14.383611552215466,0.0,19.634269217737724,6.544756405912575,5.563451491696996,4.899909730850478,4.899909730850478,30.33183534230805,0.0,15.319582184522117,0.0,0.0,35.369139564840324,26.57515704743789,0.9275640379608635,-3.248020192389781,9.263496166615305,0.0,-0.2206699577979334,0.0,0.4,23,3,8,0,0,0,0,1,0,1,0,0,5,3,8,0,11,0,0,0,0,0,7.717193681213581,1,0.04440000000000216,81.06640000000004,3,0,0,0,0,0,0,0,3,3,3,0,0,0,0,2,0,0,0,0,0,0,0,0,0,0,0,0,0,0,0,0,0,0,1,0,0,0,0,0,0,0,0,0,0,0,0,0,0,0,0,0,0,0,0,0,0,0,0,0,0,0,0,0,0,0,0,0,0,0,0,0,0,0,0,0,0,0,0,0,0,0,0,0,0,0,0,0,0,0,0,0,0,0,0,0,0,0,0,0,0,0,0,0,0,0,0,0,0,0,0,0,0,0,0,0,0,0,0,0,0,0,0,0,0,0,0,0,0,1,0,0,0,0,0,0,0,0,0,0,0,0,0,0,0,0,0,0,0,0,0,0,0,0,0,0,0,0,0,0,0,0,0,0,0,0,0,0,0,0,0,0,0,0,0,0,0,0,0,0,0,0,0,0,0,0,0,0,0,0,0,1,0,0,0,0,0,0,0,0,0,0,0,0,0,0,0,0,0,1,0,0,0,0,0,1,0,0,0,0,0,0,0,0,0,0,0,0,0,0,0,0,0,1,0,0,0,0,0,0,0,0,0,0,0,0,0,0,0,0,0,0,12.4
11.23289675350878,11.23289675350878,0.23361543308783572,-1.0220864302511126,0.34123803524828755,21.75862068965517,418.4470000000002,388.20700000000016,418.20636391999994,166,0,0.31721395951871556,-0.4802858049740185,0.4802858049740185,0.31721395951871556,0.6206896551724138,0.9655172413793104,1.3793103448275863,16.376438514784496,10.19443773497914,2.240316780294729,-2.355482975210236,2.0615691625124413,-2.5159795382261265,5.699329222109723,-0.14150995854162957,2.5690550524541003,3.0122898223309535,548.3856189774723,21.974327015758654,16.56622678809677,16.56622678809677,13.561458403461778,9.347440209886605,9.347440209886605,7.181862392477995,7.181862392477995,4.729074640322683,4.729074640322683,3.302297552804882,3.302297552804882,-2.2800000000000002,1002198.6521825544,24.757425149700598,12.318136056349683,10.73235398540922,168.43485179441868,20.426109579362823,0.0,0.0,0.0,0.0,23.877221151807397,38.777787659689196,0.0,0.0,0.0,0.0,6.923737199690624,51.85513567053598,26.1790256236503,39.60425831565011,23.877221151807397,0.0,19.599638923401912,0.0,12.965578028838586,71.99232046503832,0.0,0.0,0.0,0.0,0.0,0.0,0.0,141.93713094875844,19.178148736287287,0.0,6.923737199690624,0.0,0.0,0.0,0.0,162.16,23.877221151807397,24.284676131127995,0.0,32.22086645279826,45.81329484138802,0.0,0.0,26.523376123092536,0.0,0.0,15.319582184522117,0.0,0.0,51.35556337772874,36.60292471516682,0.0,-4.085506346056941,-0.28752005123036883,0.0,2.9145383043917503,0.0,0.7647058823529411,29,4,12,0,1,1,0,0,0,0,1,0,8,4,12,1,8,0,1,1,0,1,10.516045910307083,1,-2.065099999999992,100.89820000000007,4,0,0,0,0,0,0,0,4,4,4,0,0,0,0,4,0,0,0,0,0,0,0,0,0,0,0,0,0,0,0,0,0,0,0,0,0,0,0,0,0,0,0,0,0,0,0,0,0,0,0,0,0,0,0,0,0,0,0,0,0,0,0,0,0,0,0,0,0,0,0,0,0,0,0,0,0,0,0,0,0,0,0,0,0,0,0,0,0,0,0,0,0,0,0,0,0,0,0,0,0,0,0,0,0,0,0,0,0,0,0,0,0,0,0,0,0,0,0,0,0,0,0,0,0,0,0,0,0,1,0,0,0,0,0,0,0,0,0,0,0,0,0,0,0,0,0,0,0,0,0,0,0,0,0,0,0,0,0,0,0,0,0,0,0,0,0,0,0,0,0,0,0,0,0,0,0,0,0,0,0,0,0,0,0,0,1,0,0,0,0,1,0,0,0,0,0,0,0,0,0,0,0,0,0,1,0,0,0,1,0,0,0,0,0,1,0,0,0,0,0,0,1,0,0,0,0,0,0,0,0,0,0,1,0,0,0,0,0,0,0,0,0,0,0,0,0,0,0,0,1,0,26.3
11.029494073864115,11.029494073864115,0.4870682161753588,-1.1911179348282521,0.39630813279277977,20.916666666666668,346.33600000000007,324.1600000000001,346.13761566399995,136,0,0.3172281123874592,-0.4802855463901649,0.4802855463901649,0.3172281123874592,0.625,0.875,1.0833333333333333,16.378981043184265,9.873416893235795,2.3658826967380353,-2.4287661276201082,2.269999770356114,-2.5692530024687064,5.732758384924871,-0.14867499948002405,2.435989513849063,3.0335477338339065,388.42998244008214,18.27565640300939,13.127829522726836,13.127829522726836,11.201285058155639,7.556276092123471,7.556276092123471,5.804072383604553,5.804072383604553,3.9853707277975383,3.9853707277975383,3.2193431165280098,3.2193431165280098,-2.1999999999999997,106014.26364271123,19.84587155963303,9.182505292554389,6.504788816180845,137.8203581108221,20.426109579362823,0.0,0.0,0.0,0.0,23.877221151807397,28.97796819798824,0.0,0.0,0.0,12.841643245852019,12.841643245852019,12.083681658295921,26.1790256236503,39.60425831565011,23.877221151807397,0.0,9.799819461700956,0.0,37.76696814999996,26.1790256236503,0.0,0.0,0.0,0.0,0.0,0.0,0.0,92.3658574748174,19.178148736287287,0.0,25.683286491704038,0.0,0.0,0.0,0.0,155.67999999999998,62.13992843375361,19.178148736287287,0.0,0.0,12.841643245852019,12.841643245852019,9.799819461700956,0.0,0.0,0.0,20.426109579362823,0.0,0.0,46.65606019568321,36.0268809313849,0.0,-4.764471739313007,-1.046944444444446,2.456056311413454,-1.994247921390778,0.0,0.7142857142857143,24,4,10,1,0,1,0,0,0,0,2,0,6,4,10,0,10,1,0,1,0,2,7.593117526320204,1,-0.7599999999999976,79.73320000000004,4,0,0,0,0,0,0,0,4,4,4,0,0,0,0,2,0,0,0,0,0,0,0,0,0,0,0,0,0,0,0,0,0,0,0,0,0,0,0,0,0,0,0,0,0,0,0,0,0,0,0,0,0,0,0,0,0,0,0,0,0,0,0,0,0,0,0,0,0,0,0,0,0,0,0,0,0,0,0,0,0,0,0,0,0,0,0,0,0,0,0,0,0,0,0,0,0,0,0,0,0,0,0,0,0,0,0,0,0,0,0,0,0,0,0,0,0,0,0,0,0,0,0,0,0,0,0,0,0,1,0,0,0,0,0,0,0,0,0,0,0,0,0,0,0,0,0,0,0,0,0,0,0,0,0,0,0,0,0,0,0,0,0,0,0,0,0,0,0,0,0,0,0,0,0,0,0,0,0,0,0,0,0,0,0,0,0,0,0,0,0,1,0,0,0,0,0,0,0,0,0,0,0,0,0,0,0,0,0,1,0,0,0,0,0,1,0,0,0,0,0,0,0,0,0,0,0,0,0,0,0,0,0,1,0,0,0,0,0,0,0,0,0,0,0,0,0,0,0,0,0,0,18.77
12.681011491527961,12.681011491527961,0.009440170030724948,-1.226675581288862,0.05560287206696422,11.0,649.6990000000003,602.3230000000004,649.328269944,258,0,0.31721724933815815,-0.48028580497400253,0.48028580497400253,0.31721724933815815,0.5111111111111111,0.8222222222222222,1.1333333333333333,16.465097236083373,10.306381921817621,2.2245255898871616,-2.2889449684571486,1.9974345080253333,-2.4843084982998045,5.861403138064698,-0.14172727200174068,2.9293045467762955,5.276353323044556,853.684982043425,34.363232072819905,26.358545095972637,26.358545095972637,21.174049268592533,13.995662988015358,13.995662988015358,10.06377978214267,10.06377978214267,6.1290202299703775,6.1290202299703775,3.7654921903196854,3.7654921903196854,-3.910000000000001,1350760678.2651217,41.09,23.469054406079007,21.43627336408945,261.5021430218859,45.226704761835826,0.0,0.0,23.628718917406022,0.0,17.90791586385555,48.261489481054184,0.0,0.0,0.0,0.0,0.0,67.58347748338488,59.02705877041385,58.35506838062496,41.53663478126157,0.0,35.133125862265054,0.0,0.0,126.61053625379877,0.0,0.0,0.0,10.633577208012662,0.0,0.0,0.0,207.96630187383488,43.035486196102845,0.0,0.0,0.0,0.0,0.0,0.0,238.89999999999995,61.170903998999286,48.881342473024866,0.0,65.44756405912574,13.213763929025836,9.799819461700956,43.01466824046088,0.0,0.0,10.633577208012662,9.473725907600098,9.687389738587367,0.0,89.974816829051,33.19277349943978,0.0,-5.584091743133067,0.0,0.0,-1.8203972547236473,5.716175597445243,0.7307692307692307,45,5,19,0,0,0,4,0,0,0,0,0,12,5,19,0,26,0,0,0,0,0,21.429854345461923,0,-4.4118000000000075,157.27279999999982,3,0,0,0,0,0,0,0,3,3,7,4,0,0,0,5,2,0,0,2,0,0,0,0,0,0,0,4,0,0,0,0,0,0,0,0,0,0,0,0,0,2,0,0,0,0,0,0,0,0,0,0,0,0,0,2,0,0,0,0,0,0,0,0,0,0,0,0,0,0,0,0,0,0,0,0,0,0,0,0,0,0,0,0,0,0,0,0,0,0,0,0,0,0,0,0,0,0,0,0,0,0,0,0,0,0,0,0,0,0,0,0,0,0,0,0,0,0,0,0,0,0,0,0,0,0,0,0,0,1,0,0,0,0,0,0,0,0,0,0,0,0,0,0,0,0,0,0,0,0,0,0,0,0,0,0,0,0,0,0,0,0,0,0,0,0,0,0,0,0,0,0,0,0,0,0,0,0,0,0,0,0,0,0,0,0,0,0,0,0,0,1,0,0,0,0,0,0,0,0,0,0,0,0,0,0,0,0,0,1,0,0,0,0,0,1,0,0,0,0,0,0,0,0,0,0,0,0,0,0,0,0,0,1,0,0,0,0,0,0,0,0,0,0,0,0,0,0,0,0,0,0,17.1
11.139812328380705,11.139812328380705,0.16869219990567386,-0.9828245989753921,0.5787068908209557,17.62962962962963,380.40100000000024,356.2090000000001,380.169584488,148,0,0.3172153872209515,-0.48028580497400275,0.48028580497400275,0.3172153872209515,0.7407407407407407,1.1111111111111112,1.5185185185185186,16.373210854826105,10.217901926135074,2.1894636072088964,-2.289259035988357,2.087737182353229,-2.4364414328073276,5.694829674284589,-0.14029773873433168,2.5466047133042027,2.2391388435752053,602.5070861331338,19.811190308942123,14.951251878139104,14.951251878139104,12.812570843487292,8.588240207419892,8.588240207419892,6.498935183627939,6.498935183627939,4.177158673063323,4.177158673063323,3.001067747414639,3.001067747414639,-2.56,652796.6522083993,20.7482848779716,9.95123602326118,7.6866213748265055,156.17129388700303,15.319582184522117,0.0,0.0,0.0,0.0,17.90791586385555,34.067319265714104,0.0,0.0,0.0,6.06636706846161,12.13273413692322,39.26853843547545,31.022125207434648,29.703193736737582,17.90791586385555,0.0,19.68370771349864,0.0,13.08951281182515,45.81329484138802,29.58695719508175,0.0,0.0,0.0,0.0,0.0,0.0,98.72450060326435,27.473124364040615,0.0,11.387855989696922,18.19910120538483,0.0,0.0,0.0,134.51,17.90791586385555,14.383611552215466,0.0,19.634269217737724,50.656394425172365,0.0,0.0,26.832463329474653,6.06636706846161,4.9839785209472085,15.319582184522117,0.0,0.0,43.02392470974607,27.37033316286272,1.3784871294196694,-2.9075159570000837,5.402182046015019,0.0,1.5659222422899366,0.0,0.5294117647058824,27,3,10,0,1,1,0,0,1,1,0,2,7,3,10,2,6,0,0,0,0,0,7.647077033279857,2,-0.7449999999999957,94.13840000000006,3,0,0,0,0,1,0,0,3,3,3,0,0,0,0,4,0,0,0,0,0,0,0,0,0,0,0,0,0,0,0,0,0,0,0,0,2,0,0,0,0,0,0,0,0,0,0,0,0,0,0,0,0,0,0,0,0,0,0,0,0,0,0,0,0,0,0,0,0,0,0,0,0,1,0,0,0,0,0,0,0,0,0,0,0,0,0,0,0,0,0,0,0,0,0,0,0,0,0,0,0,0,0,0,0,0,0,0,0,0,0,0,0,0,0,0,0,0,0,0,0,0,0,0,0,0,0,0,0,1,0,0,0,0,0,0,0,0,0,0,0,0,0,0,0,0,0,0,0,0,0,0,0,0,0,0,0,0,0,0,0,0,0,0,0,0,0,0,0,0,0,0,0,0,0,0,0,0,0,0,0,0,0,0,0,0,1,0,0,0,0,1,0,0,0,0,0,0,0,0,0,0,0,0,0,1,0,0,0,1,0,0,0,0,0,1,0,0,0,0,0,0,1,0,0,0,0,0,0,0,0,0,0,1,0,0,0,0,0,0,0,0,0,0,0,0,0,0,0,0,1,0,21.0
11.84111428655938,11.84111428655938,0.06773533950617261,-1.1515730680649796,0.18328180089283524,11.06060606060606,477.51100000000037,442.2310000000003,477.2322443199999,190,0,0.319654301079791,-0.48028580497400253,0.48028580497400253,0.319654301079791,0.5454545454545454,0.8484848484848485,1.1515151515151516,16.537514214245668,10.32576998645991,2.199359605311802,-2.2727880907013702,1.9873360524876293,-2.453613736086066,5.743175559135794,-0.1475690962519851,2.706130155062767,5.015865559025554,555.5278502336546,25.22540387131522,19.233407761671906,19.233407761671906,15.564988363311913,10.705070088554086,10.705070088554086,7.319613776376845,7.319613776376845,4.1812728553562275,4.1812728553562275,2.7257256609273646,2.7257256609273646,-2.7700000000000005,5786485.637008854,30.23,17.746548633645155,17.462194115648444,192.37005442779588,24.793308092122217,0.0,0.0,0.0,0.0,29.846526439759245,38.67241511291054,0.0,0.0,0.0,13.847474399381248,12.841643245852019,26.1790256236503,45.93754595858871,48.76599401248132,29.846526439759245,0.0,14.699729192551434,0.0,26.689117645233267,72.116571582239,0.0,0.0,0.0,0.0,0.0,0.0,0.0,131.98240939907186,33.4464118279592,0.0,26.689117645233267,0.0,0.0,0.0,0.0,174.21999999999997,42.93603925158439,29.079213315199816,0.0,59.02705877041385,12.841643245852019,0.0,14.699729192551434,0.0,13.847474399381248,0.0,19.68678069728151,9.936237761059694,0.0,61.27903791529353,27.34793105744633,0.0,-4.598054174679285,0.0,1.2418453617290197,2.6263354124840377,0.0,0.75,33,3,13,0,0,0,0,0,0,0,0,0,10,3,13,0,20,0,0,0,0,0,16.256914096821003,0,-0.947399999999992,114.7274000000001,3,0,0,0,0,0,0,0,3,3,5,2,0,0,0,3,0,0,0,0,0,0,0,0,0,0,0,0,0,0,0,0,0,0,0,0,0,0,0,0,2,2,0,0,0,0,0,0,0,0,0,0,0,0,0,0,0,0,0,0,0,0,0,0,0,0,0,0,0,0,0,0,0,0,0,0,0,0,0,0,0,0,0,0,0,0,0,0,0,0,0,0,0,0,0,0,0,0,0,0,0,0,0,0,0,0,0,0,0,0,0,0,0,0,0,0,0,0,0,0,0,0,0,0,0,0,0,0,0,1,0,0,0,0,0,0,0,0,0,0,0,0,0,0,0,0,0,0,0,0,0,0,0,0,0,0,0,0,0,0,0,0,0,0,0,0,0,0,0,0,0,0,0,0,0,0,0,0,0,0,0,0,0,0,0,0,0,0,0,0,0,1,0,0,0,0,0,0,0,0,0,0,0,0,0,0,0,0,0,1,0,0,0,0,0,1,0,0,0,0,0,0,0,0,0,0,0,0,0,0,0,0,0,1,0,0,0,0,0,0,0,0,0,0,0,0,0,0,0,0,0,0,16.3
11.583124472619076,11.583124472619076,0.2726817208364827,-1.019242233803021,0.35359189541522357,22.625,460.5280000000002,424.24000000000024,460.2533141119998,184,0,0.32012717541127406,-0.4800828621421988,0.4800828621421988,0.32012717541127406,0.4375,0.5625,0.65625,16.378205986505943,10.165644797126985,2.2983935686664303,-2.376246386372581,2.1036279250065695,-2.5457045841089134,5.738774479790631,-0.14654922307436133,2.7152245609463073,3.2103625538955143,506.42375127045165,24.585057479767894,19.176957252106,19.176957252106,14.860856220653085,10.737643074188746,10.737643074188746,8.200719608497876,8.200719608497876,6.318157771715757,6.318157771715757,3.648713603654927,3.648713603654927,-2.2800000000000002,4243657.048997715,27.75364737550471,12.678920769334713,8.005784463793704,187.52967813760844,20.426109579362823,24.167363316591842,0.0,0.0,0.0,23.877221151807397,38.777787659689196,0.0,0.0,0.0,0.0,27.694948798762496,52.358051247300594,0.0,39.60425831565011,23.877221151807397,0.0,19.599638923401912,0.0,51.86231211535434,52.358051247300594,0.0,0.0,0.0,0.0,0.0,0.0,0.0,140.42838421846457,19.178148736287287,0.0,27.694948798762496,0.0,0.0,0.0,0.0,162.16,48.044584468399236,39.60425831565011,0.0,52.358051247300594,0.0,0.0,0.0,47.29458772216441,0.0,0.0,0.0,0.0,0.0,53.1290154851685,37.91143004760027,0.0,-4.076968935212081,-3.3131850977305533,0.0,8.349708500173868,0.0,0.8,32,4,12,0,1,1,0,0,0,0,4,0,8,4,12,1,8,0,1,1,0,4,10.996446754189954,1,-0.8995999999999915,114.68320000000011,4,0,0,0,0,0,0,0,4,4,4,0,0,0,0,4,0,0,0,0,0,0,0,0,0,0,0,0,0,0,0,0,0,0,0,0,0,0,0,0,0,0,0,0,0,0,0,0,0,0,0,0,0,0,0,0,0,0,0,0,0,0,0,0,0,0,0,0,0,0,0,0,0,0,0,0,0,0,0,0,0,0,0,0,0,0,0,0,0,0,0,0,0,0,0,0,0,0,0,0,0,0,0,0,0,0,0,0,0,0,0,0,0,0,0,0,0,0,0,0,0,0,0,0,0,0,0,0,0,1,0,0,0,0,0,0,0,0,0,0,0,0,0,0,0,0,0,0,0,0,0,0,0,0,0,0,0,0,0,0,0,0,0,0,0,0,0,0,0,0,0,0,0,0,0,0,0,0,0,0,0,0,0,0,0,0,1,0,0,0,0,1,0,0,0,0,0,0,0,0,0,0,0,0,0,1,0,0,0,1,0,0,0,0,0,1,0,0,0,0,0,0,1,0,0,0,0,0,0,0,0,0,0,1,0,0,0,0,0,0,0,0,0,0,0,0,0,0,0,0,1,0,23.6
12.441396096458348,12.441396096458348,0.07820366609993612,-1.1390811172718671,0.14179580351759422,11.0,571.6310000000004,534.3350000000004,571.264213144,222,0,0.3172172485480285,-0.48028580497400253,0.48028580497400253,0.3172172485480285,0.4878048780487805,0.8048780487804879,1.146341463414634,16.373510469765574,10.201183995781605,2.1949195752317676,-2.275900450370456,2.0052440767860324,-2.468058777032097,5.792459474639771,-0.14058596614996718,2.919793396908974,1.9193836136987215,1001.8729428337872,30.03695865918684,22.776200310267345,22.776200310267345,19.600264543721995,13.040838733946517,13.040838733946517,9.403329986375422,9.403329986375422,5.940951459578465,5.940951459578465,3.9484958645646144,3.9484958645646144,-4.329999999999999,569591427.2012286,32.87955175754349,18.100396988072582,15.146504528129547,237.89710829053976,25.953159392534776,0.0,0.0,11.814359458703011,0.0,17.90791586385555,38.67241511291054,0.0,0.0,0.0,60.6636706846161,11.126902983393991,39.26853843547545,32.72378202956288,39.292268104881224,29.72227532255856,0.0,25.333306400564094,0.0,13.08951281182515,58.902807653213166,71.7905736680101,0.0,0.0,10.633577208012662,0.0,0.0,0.0,118.64439435284532,37.06219873218426,0.0,11.126902983393991,60.6636706846161,0.0,0.0,0.0,179.82,30.997428675680702,39.292268104881224,0.0,70.71716711191618,0.0,11.126902983393991,14.699729192551434,0.0,60.6636706846161,10.633577208012662,0.0,0.0,0.0,63.39398909346096,33.43284388169043,1.7739450540865518,-4.1634866444983345,18.44003089603503,0.0,-0.7106556141079676,0.0,0.39285714285714285,41,5,13,0,0,0,2,2,0,2,0,0,8,5,13,0,20,0,0,0,0,0,14.515437551254067,2,-0.22099999999999098,148.80479999999983,3,0,0,0,0,0,0,0,3,3,5,2,0,0,0,3,2,0,0,0,0,0,0,0,0,0,0,2,0,0,0,0,0,0,2,0,0,0,0,0,0,0,0,0,0,0,0,0,0,0,0,0,0,0,0,0,0,0,0,0,0,0,0,0,0,0,0,0,0,0,0,0,0,0,0,0,0,0,0,0,0,0,0,0,0,0,0,0,0,0,0,0,0,0,0,0,0,0,0,0,0,0,0,0,0,0,0,0,0,0,0,0,0,0,0,0,0,0,0,0,0,0,0,0,0,0,0,0,0,1,0,0,0,0,0,0,0,0,0,0,0,0,0,0,0,0,0,0,0,0,0,0,0,0,0,0,0,0,0,0,0,0,0,0,0,0,0,0,0,0,0,0,0,0,0,0,0,0,0,0,0,0,0,0,0,0,0,0,0,0,0,1,0,0,0,0,0,0,0,0,0,0,0,0,0,0,0,0,0,1,0,0,0,0,0,1,0,0,0,0,0,0,0,0,0,0,0,0,0,0,0,0,0,1,0,0,0,0,0,0,0,0,0,0,0,0,0,0,0,0,0,0,16.48
11.393697870456721,11.393697870456721,0.014417975514911863,-1.0567423800794578,0.3976759600527072,14.31578947368421,510.5540000000002,484.3460000000003,510.20155331200004,192,0,0.35398933624945456,-0.47650931457048634,0.47650931457048634,0.35398933624945456,0.5526315789473685,0.8947368421052632,1.236842105263158,16.36951838766688,10.167849186034235,2.1726887766658765,-2.2521088678798797,2.1737672394980643,-2.2752572491065814,5.851511284650876,0.06789530831586382,2.8868202766747566,1.435825142774635,1282.3806097280406,26.48455241637955,20.565049262322184,20.565049262322184,18.407019876413337,12.139070951049488,12.139070951049488,9.169482161895681,9.169482161895681,6.09426650887306,6.09426650887306,4.49426074214874,4.49426074214874,-4.539999999999999,393207811.2810756,25.12392113858983,11.241080119900422,6.413954024780768,218.82616246800495,10.213054789681411,11.387855989696922,0.0,0.0,0.0,11.938610575903699,19.76777650359537,19.55703141003806,0.0,0.0,24.26546827384644,48.53093654769288,39.26853843547545,34.163567969090764,19.802129157825057,11.938610575903699,0.0,29.735733545489786,0.0,39.26853843547545,0.0,118.34782878032705,0.0,0.0,0.0,0.0,0.0,0.0,51.887398911074904,39.26853843547545,0.0,55.14049832693132,72.79640482153933,0.0,0.0,0.0,132.64,11.938610575903699,19.802129157825057,0.0,11.387855989696922,50.656394425172365,22.775711979393844,12.13273413692322,12.13273413692322,48.53093654769288,19.76777650359537,9.967957041894417,0.0,0.0,45.436633987616204,18.66142853060046,4.844953285392942,-2.113484760158915,21.840060962197555,0.0,2.9970746610184253,0.0,0.21428571428571427,38,2,10,0,1,1,0,0,4,4,0,4,8,2,10,5,6,0,0,0,0,0,7.43210553802495,5,3.3812000000000015,136.76859999999994,0,0,0,0,2,4,0,0,2,2,2,0,0,0,0,6,0,0,0,0,0,0,0,0,0,0,0,0,0,0,0,0,0,0,0,0,4,0,0,0,0,0,0,0,0,0,0,0,0,0,0,0,0,0,0,0,0,0,0,0,0,0,0,0,0,0,0,0,0,0,0,0,0,4,0,0,0,0,0,0,0,0,0,0,0,0,0,0,0,0,0,0,0,0,0,0,0,0,0,0,0,0,0,0,0,0,0,0,0,0,0,0,0,0,0,0,0,0,0,0,0,0,0,0,0,0,0,0,0,1,0,0,0,0,0,0,0,0,0,0,0,0,0,0,0,0,0,0,0,0,0,0,0,0,0,0,0,0,0,0,0,0,0,0,0,0,0,0,0,0,0,0,0,0,0,0,0,0,0,0,0,0,0,0,0,0,1,0,0,0,0,1,0,0,0,0,0,0,0,0,0,0,0,0,0,1,0,0,0,1,0,0,0,0,0,1,0,0,0,0,0,0,1,0,0,0,0,0,0,0,0,0,0,1,0,0,0,0,0,0,0,0,0,0,0,0,0,0,0,0,1,0,13.62
11.865395579327966,11.865395579327966,0.012106481481481746,-1.215963368938415,0.15617130027883333,11.066666666666666,434.44600000000025,404.20600000000024,434.2012785399998,172,0,0.3172181189692342,-0.48028580497400253,0.48028580497400253,0.3172181189692342,0.6,0.9333333333333333,1.3,16.377837669379858,10.320175678759817,2.1892237461696236,-2.2717171779803107,1.9705334007035382,-2.4619491418856385,5.785874061999123,-0.14275088163129493,2.5948773288163465,4.930333991732412,542.5873848810925,23.104083527755577,16.949911213871047,16.949911213871047,14.026983560851129,9.339524936057304,9.339524936057304,6.622364989191875,6.622364989191875,3.83976210262873,3.83976210262873,2.5521938185808954,2.5521938185808954,-2.7700000000000005,1244212.5406394925,27.230000000000004,15.12070738609582,15.187283862440454,173.39223356139632,25.742898183369157,0.0,0.0,5.907179729351506,0.0,23.877221151807397,38.67241511291054,0.0,0.0,0.0,6.923737199690624,6.4208216229260096,32.72378202956288,32.72378202956288,44.39879549972193,29.784400881158902,0.0,20.016517796557764,0.0,13.344558822616634,65.44756405912574,0.0,0.0,0.0,5.316788604006331,0.0,0.0,0.0,130.35780371219897,23.97268592035911,0.0,13.344558822616634,0.0,0.0,0.0,0.0,188.01999999999998,50.056246775457694,23.97268592035911,0.0,38.63096175891438,6.544756405912575,11.320731353776488,9.799819461700956,0.0,6.923737199690624,5.316788604006331,20.426109579362823,0.0,0.0,59.690380347477934,38.48063541142882,0.0,-5.07300421214018,0.0,0.7224658907410532,0.5128558958257032,0.0,0.7058823529411765,30,5,13,0,0,0,1,0,0,0,0,0,8,5,13,0,18,0,0,0,0,0,13.724562070779642,0,-2.2429999999999914,103.16390000000007,4,0,0,0,0,0,0,0,4,4,5,1,0,0,0,3,1,0,0,0,0,0,0,0,0,0,0,1,0,0,0,0,0,0,0,0,0,0,0,0,0,0,0,0,0,0,0,0,0,0,0,0,0,0,0,0,0,0,0,0,0,0,0,0,0,0,0,0,0,0,0,0,0,0,0,0,0,0,0,0,0,0,0,0,0,0,0,0,0,0,0,0,0,0,0,0,0,0,0,0,0,0,0,0,0,0,0,0,0,0,0,0,0,0,0,0,0,0,0,0,0,0,0,0,0,0,0,0,0,1,0,0,0,0,0,0,0,0,0,0,0,0,0,0,0,0,0,0,0,0,0,0,0,0,0,0,0,0,0,0,0,0,0,0,0,0,0,0,0,0,0,0,0,0,0,0,0,0,0,0,0,0,0,0,0,0,0,0,0,0,0,1,0,0,0,0,0,0,0,0,0,0,0,0,0,0,0,0,0,1,0,0,0,0,0,1,0,0,0,0,0,0,0,0,0,0,0,0,0,0,0,0,0,1,0,0,0,0,0,0,0,0,0,0,0,0,0,0,0,0,0,0,19.68
11.246760944612433,11.246760944612433,0.03250126149837551,-1.0972888157561125,0.4991199328535493,18.741935483870968,437.4970000000003,406.2490000000002,437.22743371199994,172,0,0.3539893362336732,-0.4802858049740345,0.4802858049740345,0.3539893362336732,0.8064516129032258,1.2903225806451613,1.7741935483870968,16.372957172862407,10.237138952885735,2.1831115097310176,-2.319037286437982,2.064534055336758,-2.4640493930418272,5.847148076880388,-0.1387000290442892,2.6963198836585005,2.1472405324290516,689.3087878704011,22.802754140504845,17.812679036012156,17.812679036012156,14.723254446010252,10.210802553766975,10.210802553766975,7.738513897511846,7.738513897511846,5.1900295945855,5.1900295945855,3.4099315998457365,3.4099315998457365,-2.6,4555702.075429402,24.667481142116713,12.301723826947358,9.385092059716706,181.02595390039622,20.219491915372593,5.693927994848461,0.0,0.0,0.0,17.90791586385555,24.288803560695076,9.77851570501903,0.0,0.0,6.06636706846161,19.18040611960041,58.902807653213166,18.78344080667361,29.703193736737582,17.90791586385555,0.0,24.58361744434912,0.0,6.544756405912575,72.49523604180294,29.58695719508175,0.0,0.0,0.0,0.0,0.0,0.0,130.30635153452977,16.133830774056218,0.0,16.182393173768745,18.19910120538483,0.0,0.0,0.0,137.75,17.90791586385555,29.703193736737582,0.0,18.78344080667361,64.59673564806162,0.0,6.06636706846161,12.13273413692322,16.847491444378146,14.783797982648164,0.0,0.0,0.0,45.773691990625366,27.629151573555227,0.5659215675097711,-2.866258082219967,4.828389257013896,0.0,4.960896210654958,1.9415408161940795,0.6,31,3,11,0,1,1,0,0,1,1,0,0,8,3,11,2,7,0,1,1,0,0,9.78879162957264,2,-0.6995999999999951,112.1219000000001,2,0,0,0,1,1,0,0,3,3,3,0,0,0,0,5,0,0,0,1,0,0,0,0,0,0,0,0,0,0,0,0,0,0,0,0,0,0,0,0,0,0,0,0,0,0,0,0,0,0,0,0,0,0,0,0,0,0,0,0,0,0,0,0,0,0,0,0,0,0,0,0,0,1,0,0,0,0,0,0,0,0,0,0,0,0,0,0,0,0,0,0,0,0,0,0,0,0,0,0,0,0,0,0,0,0,0,0,0,0,0,0,0,0,0,0,0,0,0,0,0,0,0,0,0,0,0,0,0,1,0,0,0,0,0,0,0,0,0,0,0,0,0,0,0,0,0,0,0,0,0,0,0,0,0,0,0,0,0,0,0,0,0,0,0,0,0,0,0,0,0,0,0,0,0,0,0,0,0,0,0,0,0,0,0,0,1,0,0,0,0,1,0,0,0,0,0,0,0,0,0,0,0,0,0,1,0,0,0,1,0,0,0,0,0,1,0,0,0,0,0,0,1,0,0,0,0,0,0,0,0,0,0,1,0,0,0,0,0,0,0,0,0,0,0,0,0,0,0,0,1,0,16.69
10.743370791889564,10.743370791889564,0.05009842745638182,-0.8150671348786436,0.4685528092805891,20.8,288.348,264.156,288.179755248,116,0,0.3172043630540091,-0.48028580498035334,0.48028580498035334,0.3172043630540091,0.75,1.05,1.3,16.369944001259494,10.348688670202144,2.117777166550431,-2.2451712293057677,1.9023847736158985,-2.449019651248821,5.689024534556306,-0.1387000290442896,2.3337573884640253,2.374287395066084,244.41343573651113,14.794682450997078,11.676418774793037,11.676418774793037,9.575387400469408,6.874148825624492,6.874148825624492,4.839772829963332,4.839772829963332,3.136965837364705,3.136965837364705,2.121092047652386,2.121092047652386,-1.2200000000000002,21358.547619222758,16.833248136315227,9.64735434021341,8.051902636278918,118.2786865447654,20.846631997694075,0.0,0.0,0.0,0.0,11.938610575903699,19.388893829844598,0.0,0.0,0.0,0.0,0.0,52.358051247300594,13.08951281182515,19.802129157825057,11.938610575903699,0.0,20.433396669713616,0.0,0.0,65.44756405912574,0.0,0.0,0.0,10.633577208012662,0.0,0.0,0.0,97.39904888641183,9.589074368143644,0.0,0.0,0.0,0.0,0.0,0.0,105.14000000000001,11.938610575903699,9.589074368143644,0.0,13.08951281182515,52.358051247300594,0.0,0.0,0.0,9.799819461700956,10.633577208012662,10.213054789681411,0.0,0.0,25.262448888305876,24.09644890698712,0.0,-1.6301342697572867,0.0,0.0,5.6045698077976205,0.0,0.8333333333333334,20,4,8,0,1,1,0,0,0,0,0,0,6,4,8,1,4,0,1,1,0,0,8.119815473388499,1,-2.0475999999999948,73.89100000000005,2,0,0,0,0,0,0,0,2,2,2,0,0,0,0,2,2,0,0,0,0,0,0,0,0,0,0,0,0,0,0,0,0,0,0,0,0,0,0,0,0,0,0,0,0,0,0,0,0,0,0,0,0,0,0,0,0,0,0,0,0,0,0,0,0,0,0,0,0,0,0,0,0,0,0,0,0,0,0,0,0,0,0,0,0,0,0,0,0,0,0,0,0,0,0,0,0,0,0,0,0,0,0,0,0,0,0,0,0,0,0,0,0,0,0,0,0,0,0,0,0,0,0,0,0,0,0,0,0,1,0,0,0,0,0,0,0,0,0,0,0,0,0,0,0,0,0,0,0,0,0,0,0,0,0,0,0,0,0,0,0,0,0,0,0,0,0,0,0,0,0,0,0,0,0,0,0,0,0,0,0,0,0,0,0,0,1,0,0,0,0,1,0,0,0,0,0,0,0,0,0,0,0,0,0,1,0,0,0,1,0,0,0,0,0,1,0,0,0,0,0,0,1,0,0,0,0,0,0,0,0,0,0,1,0,0,0,0,0,0,0,0,0,0,0,0,0,0,0,0,1,0,13.06
12.456751778602825,12.456751778602825,0.0057008532292621705,-1.1952413620805669,0.03490448962879012,11.577777777777778,653.7310000000004,602.3230000000003,653.359570072,262,0,0.3172172485443024,-0.48028580497400253,0.48028580497400253,0.3172172485443024,0.37777777777777777,0.6666666666666666,0.9555555555555556,16.374146292937123,10.314753713109234,2.19818350795049,-2.2782254226025773,1.9778570571589076,-2.477017316696847,5.791883449747328,-0.14058037138916973,2.9347225344827366,5.097128199409531,735.8949464100463,34.036958659186844,25.757047003236295,25.757047003236295,21.428691668468186,14.674642407882422,14.674642407882422,10.156288240474826,10.156288240474826,6.441250543513988,6.441250543513988,4.29885528394068,4.29885528394068,-3.0100000000000007,1676587497.3923585,41.99,26.230976180833288,23.967038016560206,262.1289433715686,46.379268971897595,0.0,0.0,11.814359458703011,0.0,17.90791586385555,48.47223457461149,0.0,0.0,0.0,0.0,0.0,78.5370768709509,59.15130988761454,59.71837768424404,29.72227532255856,0.0,35.13312586226505,0.0,0.0,137.68838675856549,0.0,0.0,0.0,10.633577208012662,0.0,0.0,0.0,227.65590249926134,23.97268592035911,0.0,0.0,0.0,0.0,0.0,0.0,267.21999999999997,49.356544540296284,39.292268104881224,0.0,78.78557910535227,39.26853843547545,0.0,14.699729192551434,9.799819461700956,0.0,10.633577208012662,20.426109579362823,0.0,0.0,66.77286880436657,69.61618500789812,0.0,-4.503797762397294,0.0,0.0,-0.051922716534058555,0.0,0.8076923076923077,45,9,19,0,0,0,2,0,0,0,0,0,14,9,19,0,30,0,0,0,0,0,24.476415329626438,0,-6.048200000000014,159.46999999999986,3,4,4,0,0,0,0,0,3,3,5,2,0,0,0,5,2,0,0,0,0,0,0,0,0,0,0,2,0,0,0,0,0,0,0,0,0,0,0,0,0,0,0,0,0,0,0,0,0,0,0,0,0,0,0,0,0,0,0,0,0,0,0,0,0,0,0,0,0,0,0,0,0,0,0,0,0,0,0,0,0,0,0,0,0,0,0,0,0,0,0,0,0,0,0,0,0,0,0,0,0,0,0,0,0,0,0,0,0,0,0,0,0,0,0,0,0,0,0,0,0,0,0,0,0,0,0,0,0,1,0,0,0,0,0,0,0,0,0,0,0,0,0,0,0,0,0,0,0,0,0,0,0,0,0,0,0,0,0,0,0,0,0,0,0,0,0,0,0,0,0,0,0,0,0,0,0,0,0,0,0,0,0,0,0,0,0,0,0,0,0,1,0,0,0,0,0,0,0,0,0,0,0,0,0,0,0,0,0,1,0,0,0,0,0,1,0,0,0,0,0,0,0,0,0,0,0,0,0,0,0,0,0,1,0,0,0,0,0,0,0,0,0,0,0,0,0,0,0,0,0,0,16.7
12.736412202305182,12.736412202305182,0.001705771970194947,-1.1942254775887637,0.06444833206703114,11.292682926829269,595.6470000000005,550.2870000000005,595.3064718799999,238,0,0.31721724933811,-0.48028580497400253,0.48028580497400253,0.31721724933811,0.4878048780487805,0.8048780487804879,1.0975609756097562,16.46549176672311,10.300094334012613,2.2263608612991352,-2.2988097310865094,2.0098621454846435,-2.4856326235954436,5.79539180865489,-0.14146205508955012,2.8856836158661343,5.439211547402984,692.0,31.208531534440656,23.850689268417923,23.850689268417923,19.4623651732794,13.043685008245836,13.043685008245836,9.073058975595577,9.073058975595577,5.835151144674137,5.835151144674137,3.786860165777453,3.786860165777453,-2.9300000000000006,258520719.22702876,38.07,22.72366855931101,18.93485578987426,238.93795773018107,44.80618234350458,0.0,0.0,11.814359458703011,0.0,17.90791586385555,38.67241511291054,0.0,0.0,0.0,0.0,0.0,66.57764632985565,59.15130988761454,58.97904880216273,29.72227532255856,0.0,24.49954865425239,0.0,0.0,125.72895621747024,0.0,0.0,0.0,0.0,0.0,0.0,0.0,205.48341716848472,33.4464118279592,0.0,0.0,0.0,0.0,0.0,0.0,221.15999999999997,49.356544540296284,49.50532289456263,0.0,91.87509191717743,0.0,0.0,38.71914373680745,0.0,0.0,0.0,9.473725907600098,9.928256296004935,0.0,66.56553981594732,46.50049631451076,0.0,-4.432461527254026,0.0,0.0,-1.6360758631919188,2.907578297316264,0.7916666666666666,41,5,17,0,0,0,2,0,0,0,0,0,12,5,17,0,26,0,0,0,0,0,21.099757611048055,0,-3.9191999999999956,143.31099999999995,3,2,2,0,0,0,0,0,3,3,5,2,0,0,0,5,0,0,0,0,0,0,0,0,0,0,0,2,0,0,0,0,0,0,0,0,0,0,0,0,0,2,0,0,0,0,0,0,0,0,0,0,0,0,0,2,0,0,0,0,0,0,0,0,0,0,0,0,0,0,0,0,0,0,0,0,0,0,0,0,0,0,0,0,0,0,0,0,0,0,0,0,0,0,0,0,0,0,0,0,0,0,0,0,0,0,0,0,0,0,0,0,0,0,0,0,0,0,0,0,0,0,0,0,0,0,0,0,0,1,0,0,0,0,0,0,0,0,0,0,0,0,0,0,0,0,0,0,0,0,0,0,0,0,0,0,0,0,0,0,0,0,0,0,0,0,0,0,0,0,0,0,0,0,0,0,0,0,0,0,0,0,0,0,0,0,0,0,0,0,0,1,0,0,0,0,0,0,0,0,0,0,0,0,0,0,0,0,0,1,0,0,0,0,0,1,0,0,0,0,0,0,0,0,0,0,0,0,0,0,0,0,0,1,0,0,0,0,0,0,0,0,0,0,0,0,0,0,0,0,0,0,17.49
10.700548259427228,10.700548259427228,0.0841666666666665,-1.2304452212983954,0.3473306195607562,12.333333333333334,306.271,288.127,306.10631553599995,120,0,0.31722775886662957,-0.48028566298206915,0.48028566298206915,0.31722775886662957,0.7619047619047619,1.0952380952380953,1.380952380952381,16.378860838464764,10.211345174399272,2.2332027515368758,-2.296583728612727,2.026615839809825,-2.4813301986757725,5.730624789809833,-0.14595928364802657,2.2386850332417763,4.811606491454502,350.84249102171253,16.57698579026012,11.429158909977566,11.429158909977566,9.611968660678597,5.950073613785578,5.950073613785578,4.498580819478248,4.498580819478248,2.540206176399033,2.540206176399033,1.771762007975566,1.771762007975566,-2.1999999999999997,15617.066791894631,18.8,8.869204152249134,9.350206211598351,119.73136292116152,20.426109579362823,0.0,0.0,0.0,0.0,23.877221151807397,28.97796819798824,0.0,0.0,0.0,0.0,6.923737199690624,12.586597235060536,26.1790256236503,39.60425831565011,23.877221151807397,0.0,9.799819461700956,0.0,12.965578028838586,32.72378202956288,0.0,0.0,0.0,0.0,0.0,0.0,0.0,92.86877305158204,19.178148736287287,0.0,6.923737199690624,0.0,0.0,0.0,0.0,155.67999999999998,56.09808760460565,19.178148736287287,0.0,6.544756405912575,0.0,9.799819461700956,6.923737199690624,0.0,0.0,0.0,20.426109579362823,0.0,0.0,44.92621042244058,34.87383198958596,0.0,-4.9211327370454345,-0.6426851851851854,0.0,-0.7362244897959176,0.0,0.6363636363636364,21,4,10,0,0,0,0,0,0,0,1,0,6,4,10,0,11,0,0,0,0,1,7.940049431537321,0,-1.6826999999999963,68.01820000000002,4,0,0,0,0,0,0,0,4,4,4,0,0,0,0,2,0,0,0,0,0,0,0,0,0,0,0,0,0,0,0,0,0,0,0,0,0,0,0,0,0,0,0,0,0,0,0,0,0,0,0,0,0,0,0,0,0,0,0,0,0,0,0,0,0,0,0,0,0,0,0,0,0,0,0,0,0,0,0,0,0,0,0,0,0,0,0,0,0,0,0,0,0,0,0,0,0,0,0,0,0,0,0,0,0,0,0,0,0,0,0,0,0,0,0,0,0,0,0,0,0,0,0,0,0,0,0,0,0,1,0,0,0,0,0,0,0,0,0,0,0,0,0,0,0,0,0,0,0,0,0,0,0,0,0,0,0,0,0,0,0,0,0,0,0,0,0,0,0,0,0,0,0,0,0,0,0,0,0,0,0,0,0,0,0,0,0,0,0,0,0,1,0,0,0,0,0,0,0,0,0,0,0,0,0,0,0,0,0,1,0,0,0,0,0,1,0,0,0,0,0,0,0,0,0,0,0,0,0,0,0,0,0,1,0,0,0,0,0,0,0,0,0,0,0,0,0,0,0,0,0,0,18.15
10.881031221130428,10.881031221130428,0.09737898400100775,-0.9521957409507011,0.5397929386575986,19.636363636363637,317.3420000000001,294.158,317.158685456,126,0,0.31720436546181735,-0.480285809442321,0.480285809442321,0.31720436546181735,0.5909090909090909,0.8636363636363636,1.1363636363636365,16.373189889697553,10.252826813468571,2.1846669639032683,-2.3061555994730507,2.017978641074861,-2.4590653139896523,5.694745802610011,-0.14045311483740047,2.383918220705049,2.6732087036873513,345.4995490565423,16.535169427003233,12.479094256256815,12.479094256256815,10.363081100704113,7.189902894877095,7.189902894877095,5.3632126355382725,5.3632126355382725,3.4901959570341377,3.4901959570341377,2.467222822970657,2.467222822970657,-1.71,45246.76782898183,18.339285362247413,9.336378855614752,7.910838524454611,128.2594938143891,15.319582184522117,0.0,0.0,0.0,0.0,17.90791586385555,29.083340744766897,0.0,0.0,0.0,0.0,6.4208216229260096,39.26853843547545,19.634269217737724,29.703193736737582,17.90791586385555,0.0,14.699729192551434,0.0,6.4208216229260096,58.902807653213166,0.0,0.0,0.0,0.0,0.0,0.0,0.0,106.8300348941423,14.383611552215466,0.0,6.4208216229260096,0.0,0.0,0.0,0.0,121.62,17.90791586385555,14.383611552215466,0.0,19.634269217737724,45.689360058401455,0.0,0.0,14.699729192551434,0.0,0.0,15.319582184522117,0.0,0.0,37.791900135832314,26.716278036671255,0.0,-2.8054622018560504,0.0,0.6800501543209877,2.617233875031494,0.0,0.7692307692307693,22,3,9,0,1,1,0,0,0,0,0,0,6,3,9,1,6,0,1,1,0,0,7.782841640144176,1,-1.4500999999999955,76.84440000000005,3,0,0,0,0,0,0,0,3,3,3,0,0,0,0,3,0,0,0,0,0,0,0,0,0,0,0,0,0,0,0,0,0,0,0,0,0,0,0,0,0,0,0,0,0,0,0,0,0,0,0,0,0,0,0,0,0,0,0,0,0,0,0,0,0,0,0,0,0,0,0,0,0,0,0,0,0,0,0,0,0,0,0,0,0,0,0,0,0,0,0,0,0,0,0,0,0,0,0,0,0,0,0,0,0,0,0,0,0,0,0,0,0,0,0,0,0,0,0,0,0,0,0,0,0,0,0,0,0,1,0,0,0,0,0,0,0,0,0,0,0,0,0,0,0,0,0,0,0,0,0,0,0,0,0,0,0,0,0,0,0,0,0,0,0,0,0,0,0,0,0,0,0,0,0,0,0,0,0,0,0,0,0,0,0,0,1,0,0,0,0,1,0,0,0,0,0,0,0,0,0,0,0,0,0,1,0,0,0,1,0,0,0,0,0,1,0,0,0,0,0,0,1,0,0,0,0,0,0,0,0,0,0,1,0,0,0,0,0,0,0,0,0,0,0,0,0,0,0,0,1,0,15.1
12.029958370155953,12.029958370155953,0.07709543246402206,-1.1466714476946092,0.09127783141463323,11.114285714285714,507.54100000000034,470.24500000000035,507.2540423839999,202,0,0.31721724854433203,-0.48028580497400253,0.48028580497400253,0.31721724854433203,0.5714285714285714,0.8857142857142857,1.2,16.464995014735536,10.317571856771552,2.192711218735756,-2.275590960039754,1.9722042755524305,-2.4715686942172344,5.791547122754223,-0.14058589603583874,2.7414505334041452,5.003794714650672,582.4237512704517,26.63961743368831,20.233407761671906,20.233407761671906,16.56498836331191,10.906211597831401,10.906211597831401,7.5641780361286575,7.5641780361286575,4.532649585358782,4.532649585358782,2.940504518697578,2.940504518697578,-2.8500000000000005,15234953.39126552,32.15,19.455553885555567,19.178627893538433,203.46977879501193,35.42688530013488,0.0,0.0,11.814359458703011,0.0,17.90791586385555,38.67241511291054,0.0,0.0,0.0,0.0,0.0,53.48813351803051,45.93754595858871,48.76599401248132,29.72227532255856,0.0,25.333306400564094,0.0,0.0,99.42567947661924,0.0,0.0,0.0,10.633577208012662,0.0,0.0,0.0,159.16726617625133,33.4464118279592,0.0,0.0,0.0,0.0,0.0,0.0,198.27999999999997,42.811788134383704,29.079213315199816,0.0,58.902807653213166,13.213763929025836,0.0,28.9193242751065,0.0,0.0,10.633577208012662,19.68678069728151,9.680443657270647,0.0,61.915013969085734,32.67085085125752,0.0,-4.228904812052359,0.0,0.0,-0.15914597803335484,2.9550756458051435,0.75,35,5,15,0,0,0,2,0,0,0,0,0,10,5,15,0,22,0,0,0,0,0,17.871315926303186,0,-3.3285999999999945,121.9988000000001,3,0,0,0,0,0,0,0,3,3,5,2,0,0,0,3,2,0,0,0,0,0,0,0,0,0,0,2,0,0,0,0,0,0,0,0,0,0,0,0,0,2,0,0,0,0,0,0,0,0,0,0,0,0,0,2,0,0,0,0,0,0,0,0,0,0,0,0,0,0,0,0,0,0,0,0,0,0,0,0,0,0,0,0,0,0,0,0,0,0,0,0,0,0,0,0,0,0,0,0,0,0,0,0,0,0,0,0,0,0,0,0,0,0,0,0,0,0,0,0,0,0,0,0,0,0,0,0,0,1,0,0,0,0,0,0,0,0,0,0,0,0,0,0,0,0,0,0,0,0,0,0,0,0,0,0,0,0,0,0,0,0,0,0,0,0,0,0,0,0,0,0,0,0,0,0,0,0,0,0,0,0,0,0,0,0,0,0,0,0,0,1,0,0,0,0,0,0,0,0,0,0,0,0,0,0,0,0,0,1,0,0,0,0,0,1,0,0,0,0,0,0,0,0,0,0,0,0,0,0,0,0,0,1,0,0,0,0,0,0,0,0,0,0,0,0,0,0,0,0,0,0,16.84
11.47830489701617,11.47830489701617,0.13586363792532596,-1.1269513830987783,0.1252109963679634,19.428571428571427,606.6300000000002,564.2940000000003,606.286070784,240,0,0.31720436546192304,-0.48028580497401857,0.48028580497401857,0.31720436546192304,0.2857142857142857,0.38095238095238093,0.4523809523809524,16.382776760426616,10.28738230071748,2.213949039542815,-2.3208336252140493,2.020911380511623,-2.4864534015434936,5.705417977684781,-0.1409968370015541,2.8473471820361507,3.2751413059185572,654.3519001557697,31.65612529163336,23.54397495014052,23.54397495014052,19.726162201408226,13.379805789754181,13.379805789754181,10.019318489889994,10.019318489889994,6.547936382034592,6.547936382034592,4.464282523653324,4.464282523653324,-3.420000000000001,390086563.9389526,36.60592016588906,19.655610072232875,18.10080703694792,242.4206256400812,30.63916436904423,0.0,0.0,0.0,0.0,35.81583172771109,58.166681489533794,0.0,0.0,0.0,0.0,0.0,78.5370768709509,39.26853843547545,59.40638747347516,35.81583172771109,0.0,29.399458385102868,0.0,0.0,117.80561530642638,0.0,0.0,0.0,0.0,0.0,0.0,0.0,213.6600697882846,28.76722310443093,0.0,0.0,0.0,0.0,0.0,0.0,243.23999999999998,35.81583172771109,59.40638747347516,0.0,117.80561530642638,0.0,0.0,0.0,29.399458385102868,0.0,0.0,0.0,0.0,0.0,78.13752685633378,56.25861931471499,0.0,-6.761708298592667,0.0,0.0,-0.6344378724561046,0.0,0.75,42,6,18,0,1,1,0,0,0,0,0,0,12,6,18,1,12,0,1,1,0,0,17.131230788476227,1,-3.680399999999997,144.45479999999995,6,0,0,0,0,0,0,0,6,6,6,0,0,0,0,6,0,0,0,0,0,0,0,0,0,0,0,0,0,0,0,0,0,0,0,0,0,0,0,0,0,0,0,0,0,0,0,0,0,0,0,0,0,0,0,0,0,0,0,0,0,0,0,0,0,0,0,0,0,0,0,0,0,0,0,0,0,0,0,0,0,0,0,0,0,0,0,0,0,0,0,0,0,0,0,0,0,0,0,0,0,0,0,0,0,0,0,0,0,0,0,0,0,0,0,0,0,0,0,0,0,0,0,0,0,0,0,0,0,1,0,0,0,0,0,0,0,0,0,0,0,0,0,0,0,0,0,0,0,0,0,0,0,0,0,0,0,0,0,0,0,0,0,0,0,0,0,0,0,0,0,0,0,0,0,0,0,0,0,0,0,0,0,0,0,0,0,0,0,0,0,1,0,0,0,0,0,0,0,0,0,0,0,0,0,1,0,0,0,1,0,0,0,0,0,1,0,0,0,0,0,0,1,0,0,0,0,0,0,0,0,0,0,1,0,0,0,0,0,0,0,0,0,0,0,0,0,0,0,0,1,0,22.95
12.167647372991588,12.167647372991588,0.10688228300579494,-3.9244571643977704,0.11144800935750765,25.555555555555557,604.4080000000002,564.0880000000002,604.15931924,216,0,0.23822876036972732,-0.38620765195480106,0.38620765195480106,0.23822876036972732,0.3888888888888889,0.5277777777777778,0.6388888888888888,31.182013507038864,10.352708869422028,2.28997980249078,-2.35076767134039,2.4232231905274513,-2.463506991275009,7.5801440174862735,0.15551252051235778,2.798635402704584,3.2094505612978192,651.8949464100463,27.62310957574326,20.102119188839538,23.679827952839194,16.555833735058737,11.119763127744326,19.24000087069417,8.988699037156177,18.021825201469373,5.497666769113342,10.633356051070626,3.5732102422679457,7.562461836006974,0.43999999999999995,19758365.94309436,34.46744237102085,15.286027365698095,14.004587271581599,210.1058369215135,39.99975599037272,25.391881476219318,0.0,29.475310121774395,0.0,0.0,37.85983206312723,0.0,0.0,0.0,0.0,0.0,52.358051247300594,25.143379241817946,58.25994913009803,29.475310121774395,0.0,19.599638923401912,0.0,0.0,102.89331196533789,0.0,0.0,0.0,0.0,0.0,0.0,29.475310121774395,162.49270687911252,18.260193139725317,0.0,0.0,0.0,0.0,0.0,0.0,243.07999999999996,80.01057083981165,58.25994913009803,0.0,52.358051247300594,0.0,0.0,19.599638923401912,0.0,0.0,0.0,0.0,48.67058949196635,0.0,45.87852816541364,36.90579066300678,0.0,0.0,0.0,-5.389915704619843,0.8550582640463595,-15.697828657591078,1.0,36,8,16,0,1,1,0,0,0,0,4,0,12,8,20,1,12,0,1,1,0,4,14.635285203029078,1,-2.0811999999999946,133.4044,0,4,4,0,0,0,0,0,0,0,0,0,0,0,0,4,0,0,0,0,0,0,0,0,0,0,0,0,0,0,0,0,0,0,0,0,0,0,0,0,0,0,0,0,0,0,0,0,0,0,0,0,0,0,0,0,0,0,0,0,0,0,0,0,0,0,0,0,0,0,0,0,0,0,0,0,0,0,0,0,0,0,0,0,0,0,0,0,0,0,0,0,0,0,0,0,0,0,0,0,0,0,0,0,0,0,0,0,0,0,0,0,0,0,0,0,0,0,0,0,0,0,0,0,0,0,0,0,0,1,0,0,0,0,0,0,0,0,0,0,0,0,0,0,0,0,0,0,0,0,0,0,0,0,0,0,0,0,0,0,0,0,0,0,0,0,0,0,0,0,0,0,0,0,0,0,0,0,0,0,0,0,0,0,0,0,1,0,0,0,0,1,0,0,0,0,0,0,0,0,0,0,0,0,0,1,0,0,0,1,0,0,0,0,0,1,0,0,0,0,0,0,1,0,0,0,0,0,0,0,0,0,0,1,0,0,0,0,0,0,0,0,0,0,0,0,0,0,0,0,1,0,16.09
11.536683199880002,11.536683199880002,0.07167404998934579,-1.1973334399597368,0.3426182017427849,17.352941176470587,472.45400000000024,448.2620000000003,472.15941372799995,180,0,0.353989336249291,-0.48028556169810194,0.48028556169810194,0.353989336249291,0.7058823529411765,1.088235294117647,1.3823529411764706,16.376127652894223,9.828064679386356,2.40508821647824,-2.481778625297896,2.3192561239751144,-2.591251694814105,5.851946226088964,-0.14388126230731127,2.7198937849513753,1.824092852182984,963.7129237446472,24.827698166887174,18.07214476649141,18.07214476649141,16.13393804853321,10.438737154835973,10.438737154835973,7.948123056984478,7.948123056984478,5.599029188103154,5.599029188103154,4.034619610420215,4.034619610420215,-3.9000000000000004,18536089.743912548,24.736736832911173,10.81194376085187,6.3295478176057625,193.64395825604987,20.426109579362823,11.387855989696922,0.0,0.0,0.0,23.877221151807397,19.388893829844598,19.55703141003806,0.0,0.0,12.13273413692322,37.107111519698464,25.17319447012107,24.477368801522072,39.60425831565011,23.877221151807397,0.0,19.76777650359537,0.0,38.01483771597309,13.08951281182515,59.173914390163496,0.0,0.0,0.0,0.0,0.0,0.0,89.24430170488667,22.678587179968794,0.0,45.2064295933895,36.39820241076966,0.0,0.0,0.0,181.45999999999995,23.877221151807397,39.60425831565011,0.0,49.650563271643136,24.229499235548943,0.0,24.26546827384644,21.932553598624175,0.0,9.967957041894417,0.0,0.0,0.0,56.93469933599211,37.20928353500833,0.44858419487020096,-4.560130225496455,8.290310984191823,1.2128594524229444,-0.5356072769889497,0.0,0.36363636363636365,34,4,12,1,0,1,0,0,2,2,2,0,8,4,12,2,12,1,0,1,0,0,7.866241396012606,3,0.8774000000000013,115.29420000000006,2,0,0,0,2,2,0,0,4,4,4,0,0,0,0,4,0,0,0,0,0,0,0,0,0,0,0,0,0,0,0,0,0,0,0,0,0,0,0,0,0,0,0,0,0,0,0,0,0,0,0,0,0,0,0,0,0,0,0,0,0,0,0,0,0,0,0,0,0,0,0,0,0,2,0,0,0,0,0,0,0,0,0,0,0,0,0,0,0,0,0,0,0,0,0,0,0,0,0,0,0,0,0,0,0,0,0,0,0,0,0,0,0,0,0,0,0,0,0,0,0,0,0,0,0,0,0,0,0,1,0,0,0,0,0,0,0,0,0,0,0,0,0,0,0,0,0,0,0,0,0,0,0,0,0,0,0,0,0,0,0,0,0,0,0,0,0,0,0,0,0,0,0,0,0,0,0,0,0,0,0,0,0,0,0,0,0,0,0,0,0,1,0,0,0,0,0,0,0,0,0,0,0,0,0,0,0,0,0,1,0,0,0,0,0,1,0,0,0,0,0,0,0,0,0,0,0,0,0,0,0,0,0,1,0,0,0,0,0,0,0,0,0,0,0,0,0,0,0,0,0,0,18.0
12.479425421775085,12.479425421775085,0.09466320400979433,-1.126697123397441,0.07862695449232103,16.441860465116278,617.701,570.3250000000003,617.3384407039999,246,0,0.3172172485443024,-0.48028580497400253,0.48028580497400253,0.3172172485443024,0.5348837209302325,0.8604651162790697,1.2093023255813953,16.480590627981176,10.313731914321044,2.201789359703333,-2.283789055523853,1.9896897079759406,-2.479614865947838,5.79189258182421,-0.14058133410051812,2.9424525807267616,1.8270786128531162,764.0996223722952,31.451172221559933,24.784689202164195,24.784689202164195,20.600264543721998,14.564431882194324,14.564431882194324,10.486605920866504,10.486605920866504,6.983749184373724,6.983749184373724,4.7118906734648585,4.7118906734648585,-2.9300000000000006,1481610652.773558,36.26241795247166,20.884977393190955,17.7034712619088,251.1674365147399,35.42688530013487,0.0,0.0,11.814359458703011,0.0,17.90791586385555,48.47223457461149,0.0,0.0,0.0,0.0,0.0,78.5370768709509,59.15130988761454,48.76599401248132,29.72227532255856,0.0,35.13312586226505,0.0,0.0,137.68838675856549,0.0,0.0,0.0,10.633577208012662,0.0,0.0,0.0,207.22979291989856,33.44641182795921,0.0,0.0,0.0,0.0,0.0,0.0,204.76,30.997428675680702,39.292268104881224,0.0,57.62765430009103,52.606553481701965,26.1790256236503,14.699729192551434,0.0,0.0,20.433396669713616,9.473725907600098,10.601911509255267,0.0,67.95306040036382,33.62881088304429,0.0,-4.050245807664789,0.0,0.0,6.69979634833476,0.0,0.8076923076923077,43,5,17,0,2,2,2,0,0,0,0,0,12,5,17,2,22,0,2,2,0,0,17.61255300371657,2,-3.957,152.76479999999984,3,0,0,0,0,0,0,0,3,3,5,2,0,0,0,5,2,0,0,0,0,0,0,0,0,0,0,2,0,0,0,0,0,0,0,0,0,0,0,0,0,2,0,0,0,0,0,0,0,0,0,0,0,0,0,0,2,0,0,0,0,0,0,0,0,0,0,0,0,0,0,0,0,0,0,0,0,0,0,0,0,0,0,0,0,0,0,0,0,0,0,0,0,0,0,0,0,0,0,0,0,0,0,0,0,0,0,0,0,0,0,0,0,0,0,0,0,0,0,0,0,0,0,0,0,0,0,0,0,1,0,0,0,0,0,0,0,0,0,0,0,0,0,0,0,0,0,0,0,0,0,0,0,0,0,0,0,0,0,0,0,0,0,0,0,0,0,0,0,0,0,0,0,0,0,0,0,0,0,0,0,0,0,0,0,0,0,0,0,0,0,1,0,0,0,0,0,0,0,0,0,0,0,0,0,0,0,0,0,1,0,0,0,0,0,1,0,0,0,0,0,0,0,0,0,0,0,0,0,0,0,0,0,1,0,0,0,0,0,0,0,0,0,0,0,0,0,0,0,0,0,0,16.1
12.853660858908876,12.853660858908876,0.0969969840400684,-1.1080348051994464,0.1323353744534056,18.0,764.9170000000003,708.4690000000003,764.399643992,300,0,0.32283475543637846,-0.480009800556157,0.480009800556157,0.32283475543637846,0.509090909090909,0.7818181818181819,1.0363636363636364,16.485534197149907,10.154451772655099,2.3317714164727064,-2.3847164797868388,2.1358667865051677,-2.5645706804041364,5.743160668446624,-0.1498721889995452,3.163703299850355,1.5796981961007075,1415.8575836991572,39.41742754781081,31.603455339183945,31.603455339183945,26.600264543721995,18.763168903833005,18.763168903833005,13.821822983727955,13.821822983727955,9.61747809468882,9.61747809468882,6.57857108159927,6.57857108159927,-4.249999999999999,910798182989.7928,43.47757166035695,23.62051904755959,15.426648335302467,322.9749006874671,34.63669844076297,18.12552248744388,0.0,0.0,0.0,17.90791586385555,33.983250475617375,0.0,0.0,0.0,90.99550602692418,23.61409167478161,58.902807653213166,45.74525817482581,49.02030999297843,17.90791586385555,0.0,19.599638923401912,0.0,50.973871968421555,78.72345354675193,107.68586050201517,0.0,0.0,0.0,0.0,0.0,0.0,160.8866067885644,48.41484630715436,0.0,23.61409167478161,90.99550602692418,0.0,0.0,0.0,172.77999999999997,42.13740473904773,34.809721131578286,0.0,85.45458662846553,13.08951281182515,16.690354475090988,0.0,21.623466392242058,95.89541575777466,0.0,14.210588861400147,17.754010029212022,0.0,45.66932257914908,41.735759045719455,2.701149423705388,-3.2455552634539933,25.166966078908015,-0.6884619592262264,4.240143399319594,0.0,0.4878048780487805,55,4,14,0,1,1,0,3,0,3,4,0,11,4,14,1,20,0,1,1,0,4,18.672051082638156,4,2.598800000000012,205.40519999999935,3,1,1,0,0,0,0,0,3,3,3,0,0,1,0,4,0,0,0,0,0,0,0,0,0,0,0,0,0,0,0,0,0,0,3,0,0,0,0,0,0,3,0,0,0,0,0,0,0,0,0,0,0,0,0,0,0,0,0,0,0,0,0,0,0,0,0,0,0,0,0,0,0,0,0,0,0,0,0,0,0,0,0,0,0,0,0,0,0,0,0,0,0,0,0,0,0,0,0,0,0,0,0,0,0,0,0,0,0,0,0,0,0,0,0,0,0,0,0,0,0,0,0,0,0,0,0,0,0,1,0,0,0,0,0,0,0,0,0,0,0,0,0,0,0,0,0,0,0,0,0,0,0,0,0,0,0,0,0,0,0,0,0,0,0,0,0,0,0,0,0,0,0,0,0,0,0,0,0,0,0,0,0,0,0,0,1,0,0,0,0,1,0,0,0,0,0,0,0,0,0,0,0,0,0,1,0,0,0,1,0,0,0,0,0,1,0,0,0,0,0,0,1,0,0,0,0,0,0,0,0,0,0,1,0,0,0,0,0,0,0,0,0,0,0,0,0,0,0,0,1,0,18.37
10.813129986562526,10.813129986562526,0.1370804988662131,-0.9547999076173677,0.5192676290885945,19.428571428571427,303.31500000000005,282.14700000000005,303.143035392,120,0,0.31720436546192304,-0.48028580497401857,0.48028580497401857,0.31720436546192304,0.5714285714285714,0.7619047619047619,0.9047619047619048,16.373243381192474,10.372913662112307,2.1965847667160596,-2.227030373048683,2.0046126305762386,-2.398023260463448,5.695542461060263,-0.13962978837286644,2.4218386811158186,2.681215959020966,291.17595007788486,15.828062645816686,11.771987475070267,11.771987475070267,9.863081100704113,6.689902894877095,6.689902894877095,5.009659244944999,5.009659244944999,3.2739681910172997,3.2739681910172997,2.232141261826664,2.232141261826664,-1.71,28655.195274962367,17.341840331778126,8.548817253274432,7.588539785463711,121.89455169999248,15.319582184522117,0.0,0.0,0.0,0.0,17.90791586385555,29.083340744766897,0.0,0.0,0.0,0.0,0.0,39.26853843547545,19.634269217737724,29.703193736737582,17.90791586385555,0.0,14.699729192551434,0.0,0.0,58.902807653213166,0.0,0.0,0.0,0.0,0.0,0.0,0.0,106.8300348941423,14.383611552215466,0.0,0.0,0.0,0.0,0.0,0.0,121.62,17.90791586385555,14.383611552215466,0.0,19.634269217737724,39.26853843547545,0.0,0.0,14.699729192551434,0.0,0.0,15.319582184522117,0.0,0.0,37.51484914336105,26.591200239355004,0.0,-2.864399722852103,0.0,0.0,2.2583503401360536,0.0,0.75,21,3,9,0,1,1,0,0,0,0,0,0,6,3,9,1,6,0,1,1,0,0,7.059629706277868,1,-1.8401999999999954,72.22740000000003,3,0,0,0,0,0,0,0,3,3,3,0,0,0,0,3,0,0,0,0,0,0,0,0,0,0,0,0,0,0,0,0,0,0,0,0,0,0,0,0,0,0,0,0,0,0,0,0,0,0,0,0,0,0,0,0,0,0,0,0,0,0,0,0,0,0,0,0,0,0,0,0,0,0,0,0,0,0,0,0,0,0,0,0,0,0,0,0,0,0,0,0,0,0,0,0,0,0,0,0,0,0,0,0,0,0,0,0,0,0,0,0,0,0,0,0,0,0,0,0,0,0,0,0,0,0,0,0,0,1,0,0,0,0,0,0,0,0,0,0,0,0,0,0,0,0,0,0,0,0,0,0,0,0,0,0,0,0,0,0,0,0,0,0,0,0,0,0,0,0,0,0,0,0,0,0,0,0,0,0,0,0,0,0,0,0,1,0,0,0,0,1,0,0,0,0,0,0,0,0,0,0,0,0,0,1,0,0,0,1,0,0,0,0,0,1,0,0,0,0,0,0,1,0,0,0,0,0,0,0,0,0,0,1,0,0,0,0,0,0,0,0,0,0,0,0,0,0,0,0,1,0,14.3
12.321327128079265,12.321327128079265,0.03865006527545334,-0.03865006527545334,0.23093677898084622,17.444444444444443,512.7000000000004,464.3160000000003,512.3798520160001,208,0,0.23367151376343434,-0.35526796429700663,0.35526796429700663,0.23367151376343434,0.4166666666666667,0.5833333333333334,0.7222222222222222,16.15661415413749,10.273074451530341,2.2075114197576813,-2.3325577306592207,2.0145253543503583,-2.5107247652523768,5.788302240911132,-0.1244328942379803,2.808748631700127,3.028296111526519,506.4237512704517,26.76093777724795,22.735556042840038,22.735556042840038,17.302794010781955,13.268084022622157,13.268084022622157,8.918617171432931,8.918617171432931,5.894457890679974,5.894457890679974,4.035683876946966,4.035683876946966,-2.2800000000000002,41295345.882707946,31.74965599051008,18.91433395627518,14.320664090217067,216.01196032084306,21.267154416025324,0.0,0.0,23.628718917406022,0.0,0.0,38.777787659689196,0.0,0.0,0.0,0.0,27.694948798762496,78.5370768709509,26.1790256236503,19.178148736287287,23.628718917406022,0.0,40.86679333942723,0.0,27.694948798762496,104.71610249460122,0.0,0.0,0.0,21.267154416025324,0.0,0.0,0.0,147.9444603354092,19.178148736287287,0.0,27.694948798762496,0.0,0.0,0.0,0.0,129.36,0.0,19.178148736287287,0.0,49.80774454105632,78.5370768709509,0.0,0.0,0.0,27.694948798762496,40.86679333942723,0.0,0.0,0.0,57.596866937391,11.412812490190667,0.0,-0.15460026110181335,0.0,0.0,15.811587500186823,0.0,0.8333333333333334,36,4,12,0,1,1,4,0,0,0,0,0,8,4,12,1,12,0,1,1,0,0,16.681211011148903,1,-2.2475999999999914,140.49479999999994,0,0,0,0,0,0,0,0,0,0,4,4,0,0,0,4,4,0,0,4,0,0,0,0,0,0,0,4,0,0,0,0,0,0,0,0,0,0,0,0,0,0,0,0,0,0,0,0,0,0,0,0,0,0,0,0,0,0,0,0,0,0,0,0,0,0,0,0,0,0,0,0,0,0,0,0,0,0,0,0,0,0,0,0,0,0,0,0,0,0,0,0,0,0,0,0,0,0,0,0,0,0,0,0,0,0,0,0,0,0,0,0,0,0,0,0,0,0,0,0,0,0,0,0,0,0,0,0,0,1,0,0,0,0,0,0,0,0,0,0,0,0,0,0,0,0,0,0,0,0,0,0,0,0,0,0,0,0,0,0,0,0,0,0,0,0,0,0,0,0,0,0,0,0,0,0,0,0,0,0,0,0,0,0,0,0,1,0,0,0,0,1,0,0,0,0,0,0,0,0,0,0,0,0,0,1,0,0,0,1,0,0,0,0,0,1,0,0,0,0,0,0,1,0,0,0,0,0,0,0,0,0,0,1,0,0,0,0,0,0,0,0,0,0,0,0,0,0,0,0,1,0,14.83
10.578757604128276,10.578757604128276,0.10549414210128494,-1.176686980347695,0.3281297008466873,10.761904761904763,306.2710000000001,288.127,306.10631553599995,120,0,0.3172173175371954,-0.4802856684573587,0.4802856684573587,0.3172173175371954,0.5714285714285714,0.8095238095238095,1.0,16.37864138800315,10.290630575058733,2.1591308570415046,-2.2121499379476743,1.9658504004718245,-2.3877329378512426,5.727448201200085,-0.14268311883950507,2.242316989033684,4.336673146764226,301.4995490565423,16.41384908344359,11.266022203161034,11.266022203161034,9.701285058155639,6.022503930401766,6.022503930401766,4.349817477520193,4.349817477520193,2.3841520912722096,2.3841520912722096,1.711103810180551,1.711103810180551,-2.1999999999999997,17077.486188480536,18.8,9.664265927977839,11.334537292113051,119.73136292116152,20.426109579362823,0.0,0.0,0.0,0.0,23.877221151807397,28.97796819798824,0.0,0.0,0.0,0.0,6.4208216229260096,13.08951281182515,26.1790256236503,39.60425831565011,23.877221151807397,0.0,9.799819461700956,0.0,6.4208216229260096,39.26853843547545,0.0,0.0,0.0,0.0,0.0,0.0,0.0,93.37168862834665,19.178148736287287,0.0,6.4208216229260096,0.0,0.0,0.0,0.0,155.68,50.056246775457694,19.178148736287287,0.0,19.51033443475116,0.0,0.0,9.799819461700956,0.0,0.0,0.0,20.426109579362823,0.0,0.0,44.657056115681655,34.571080064716426,0.0,-4.706747921390778,0.0,0.25111111111111084,-1.6058327034517517,0.0,0.6363636363636364,21,4,10,0,0,0,0,0,0,0,0,0,6,4,10,0,12,0,0,0,0,0,8.651819021237303,0,-1.6810999999999965,68.04020000000003,4,0,0,0,0,0,0,0,4,4,4,0,0,0,0,2,0,0,0,0,0,0,0,0,0,0,0,0,0,0,0,0,0,0,0,0,0,0,0,0,0,0,0,0,0,0,0,0,0,0,0,0,0,0,0,0,0,0,0,0,0,0,0,0,0,0,0,0,0,0,0,0,0,0,0,0,0,0,0,0,0,0,0,0,0,0,0,0,0,0,0,0,0,0,0,0,0,0,0,0,0,0,0,0,0,0,0,0,0,0,0,0,0,0,0,0,0,0,0,0,0,0,0,0,0,0,0,0,0,1,0,0,0,0,0,0,0,0,0,0,0,0,0,0,0,0,0,0,0,0,0,0,0,0,0,0,0,0,0,0,0,0,0,0,0,0,0,0,0,0,0,0,0,0,0,0,0,0,0,0,0,0,0,0,0,0,0,0,0,0,0,1,0,0,0,0,0,0,0,0,0,0,0,0,0,0,0,0,0,1,0,0,0,0,0,1,0,0,0,0,0,0,0,0,0,0,0,0,0,0,0,0,0,1,0,0,0,0,0,0,0,0,0,0,0,0,0,0,0,0,0,0,13.74
12.094276745320318,12.094276745320318,0.13136574074074048,-1.110466406922937,0.2843581905118515,19.741935483870968,445.4730000000003,414.2250000000002,445.21726295199994,176,0,0.3172172485442638,-0.48028580497400253,0.48028580497400253,0.3172172485442638,0.6451612903225806,0.967741935483871,1.3225806451612903,16.37347108027987,10.270377636757097,2.194780607622694,-2.2743936939396563,1.979020098711102,-2.467310216063789,5.792291527029479,-0.14057025814683716,2.6403110238404546,2.9094327888341542,555.5278502336546,23.22540387131522,17.41691118074418,17.41691118074418,14.650774800938818,10.01236474771405,10.01236474771405,7.285686257661719,7.285686257661719,4.52383054025626,4.52383054025626,3.0610949961463176,3.0610949961463176,-2.77,2965153.7697255933,26.265423308537017,14.27274657059976,13.205214931987948,179.50697295367573,25.95315939253478,0.0,0.0,11.814359458703011,0.0,17.90791586385555,38.672415112910535,0.0,0.0,0.0,0.0,12.841643245852019,39.26853843547545,32.72378202956288,39.292268104881224,29.72227532255856,0.0,25.333306400564094,0.0,12.841643245852019,71.99232046503832,0.0,0.0,0.0,10.633577208012662,0.0,0.0,0.0,131.73390716467048,23.97268592035911,0.0,12.841643245852019,0.0,0.0,0.0,0.0,179.82,17.90791586385555,23.97268592035911,0.0,70.71716711191618,25.93115605767717,0.0,14.699729192551434,0.0,0.0,10.633577208012662,15.319582184522117,0.0,0.0,61.96921759993951,32.73940249782921,0.0,-4.003352627577915,0.0,1.2146430857569024,-0.08657722261438017,0.0,0.7222222222222222,31,5,13,0,1,1,2,0,0,0,0,0,8,5,13,1,6,0,1,1,0,0,12.092894530718473,1,-2.8275999999999923,107.48080000000009,3,0,0,0,0,0,0,0,3,3,5,2,0,0,0,3,2,0,0,0,0,0,0,0,0,0,0,2,0,0,0,0,0,0,0,0,0,0,0,0,0,0,0,0,0,0,0,0,0,0,0,0,0,0,0,0,0,0,0,0,0,0,0,0,0,0,0,0,0,0,0,0,0,0,0,0,0,0,0,0,0,0,0,0,0,0,0,0,0,0,0,0,0,0,0,0,0,0,0,0,0,0,0,0,0,0,0,0,0,0,0,0,0,0,0,0,0,0,0,0,0,0,0,0,0,0,0,0,0,1,0,0,0,0,0,0,0,0,0,0,0,0,0,0,0,0,0,0,0,0,0,0,0,0,0,0,0,0,0,0,0,0,0,0,0,0,0,0,0,0,0,0,0,0,0,0,0,0,0,0,0,0,0,0,0,0,0,0,0,0,0,1,0,0,0,0,0,0,0,0,0,0,0,0,0,1,0,0,0,1,0,0,0,0,0,1,0,0,0,0,0,0,1,0,0,0,0,0,0,0,0,0,0,1,0,0,0,0,0,0,0,0,0,0,0,0,0,0,0,0,1,0,15.39
10.554992703871672,10.554992703871672,0.07027777777777766,-1.2275285546317292,0.33329473712396296,10.7,292.24399999999997,276.116,292.09066547199996,114,0,0.3172181189756388,-0.48028566397731876,0.48028566397731876,0.3172181189756388,0.55,0.75,0.9,16.37878387705902,10.354887847928888,2.17451625076088,-2.229253152210809,1.9382812708062003,-2.4286135794610093,5.7293528142940175,-0.14485538593801636,2.2171767300907814,4.494378506622938,288.2346001038465,15.706742302257043,10.558915421974486,10.558915421974486,9.201285058155639,5.522503930401766,5.522503930401766,3.99626408692692,3.99626408692692,2.1679243252553717,2.1679243252553717,1.476022249036557,1.476022249036557,-2.1999999999999997,10500.548993709941,17.8,8.824913727800691,9.791851516523314,113.3664208067649,20.426109579362823,0.0,0.0,0.0,0.0,23.877221151807397,28.97796819798824,0.0,0.0,0.0,0.0,0.0,13.08951281182515,26.1790256236503,39.60425831565011,23.877221151807397,0.0,9.799819461700956,0.0,0.0,39.26853843547545,0.0,0.0,0.0,0.0,0.0,0.0,0.0,93.37168862834665,19.178148736287287,0.0,0.0,0.0,0.0,0.0,0.0,155.68,50.056246775457694,19.178148736287287,0.0,13.08951281182515,0.0,9.799819461700956,0.0,0.0,0.0,0.0,20.426109579362823,0.0,0.0,44.36157323423197,34.465751868648695,0.0,-4.910114218526916,0.0,0.0,-2.250544217687075,0.0,0.6,20,4,10,0,0,0,0,0,0,0,0,0,6,4,10,0,11,0,0,0,0,0,7.854173217742615,0,-2.0711999999999966,63.423200000000016,4,0,0,0,0,0,0,0,4,4,4,0,0,0,0,2,0,0,0,0,0,0,0,0,0,0,0,0,0,0,0,0,0,0,0,0,0,0,0,0,0,0,0,0,0,0,0,0,0,0,0,0,0,0,0,0,0,0,0,0,0,0,0,0,0,0,0,0,0,0,0,0,0,0,0,0,0,0,0,0,0,0,0,0,0,0,0,0,0,0,0,0,0,0,0,0,0,0,0,0,0,0,0,0,0,0,0,0,0,0,0,0,0,0,0,0,0,0,0,0,0,0,0,0,0,0,0,0,0,1,0,0,0,0,0,0,0,0,0,0,0,0,0,0,0,0,0,0,0,0,0,0,0,0,0,0,0,0,0,0,0,0,0,0,0,0,0,0,0,0,0,0,0,0,0,0,0,0,0,0,0,0,0,0,0,0,0,0,0,0,0,1,0,0,0,0,0,0,0,0,0,0,0,0,0,0,0,0,0,1,0,0,0,0,0,1,0,0,0,0,0,0,0,0,0,0,0,0,0,0,0,0,0,1,0,0,0,0,0,0,0,0,0,0,0,0,0,0,0,0,0,0,17.37
11.554976797823517,11.554976797823517,0.19455006391649587,-1.0314842285168144,0.33151584374991394,17.0,558.5920000000002,524.3200000000004,558.243812048,216,0,0.3172153872271687,-0.48028567906897124,0.48028567906897124,0.3172153872271687,0.5,0.725,0.925,16.37638931913753,10.208935219556038,2.1950121516736263,-2.272294485588961,2.1117503855654847,-2.401515993798964,5.697996567958389,-0.14003323232104362,2.8404567166750283,1.953795049918085,970.1332141051382,29.07033885400645,22.054512106231353,22.054512106231353,19.049754286505173,12.716545151588383,12.716545151588383,9.658097537292544,9.658097537292544,6.1716718854484425,6.1716718854484425,4.514041320278167,4.514041320278167,-3.98,362837952.66836643,30.559888610357902,14.977663342153473,11.018766962289154,230.6233940540431,20.426109579362823,0.0,0.0,0.0,0.0,23.877221151807397,48.74574470158362,0.0,0.0,0.0,12.13273413692322,24.26546827384644,52.358051247300594,48.95473760304414,39.60425831565011,23.877221151807397,0.0,29.567595965296327,0.0,26.1790256236503,52.358051247300594,59.173914390163496,0.0,0.0,0.0,0.0,0.0,0.0,126.22897794376718,45.35717435993758,0.0,22.775711979393844,36.39820241076966,0.0,0.0,0.0,187.94,23.877221151807397,39.60425831565011,0.0,78.5370768709509,22.775711979393844,0.0,0.0,55.997841334171575,0.0,9.967957041894417,0.0,0.0,0.0,62.08718903960572,37.818138438084674,2.3399909005536723,-4.125936914067256,10.515861345711635,0.0,0.698090523444892,0.0,0.46153846153846156,40,4,14,0,1,1,0,0,2,2,0,4,10,4,14,3,8,0,0,0,0,0,11.442893084491276,3,-0.2631999999999932,140.12519999999995,4,0,0,0,0,2,0,0,4,4,4,0,0,0,0,6,0,0,0,0,0,0,0,0,0,0,0,0,0,0,0,0,0,0,0,0,4,0,0,0,0,0,0,0,0,0,0,0,0,0,0,0,0,0,0,0,0,0,0,0,0,0,0,0,0,0,0,0,0,0,0,0,0,2,0,0,0,0,0,0,0,0,0,0,0,0,0,0,0,0,0,0,0,0,0,0,0,0,0,0,0,0,0,0,0,0,0,0,0,0,0,0,0,0,0,0,0,0,0,0,0,0,0,0,0,0,0,0,0,1,0,0,0,0,0,0,0,0,0,0,0,0,0,0,0,0,0,0,0,0,0,0,0,0,0,0,0,0,0,0,0,0,0,0,0,0,0,0,0,0,0,0,0,0,0,0,0,0,0,0,0,0,0,0,0,0,0,0,0,0,0,1,0,0,0,0,0,0,0,0,0,0,0,0,0,1,0,0,0,1,0,0,0,0,0,1,0,0,0,0,0,0,1,0,0,0,0,0,0,0,0,0,0,1,0,0,0,0,0,0,0,0,0,0,0,0,0,0,0,0,1,0,21.7
11.452307635502635,11.452307635502635,0.28957986898463095,-0.9624621359614152,0.4924740601661062,22.9,433.5020000000001,398.22200000000015,433.2424150799999,174,0,0.3201284287811084,-0.48008285866103134,0.48008285866103134,0.3201284287811084,0.5666666666666667,0.8,1.0333333333333334,16.479695770932366,10.213864894460686,2.252741622791721,-2.3120930848126644,2.0595411456449764,-2.483660695238678,5.732550141686372,-0.1448945254785487,2.699787756503303,2.8787264599974103,486.1564000692311,22.681433796945207,18.02764164475342,18.02764164475342,14.145642165489814,10.20793284402081,10.20793284402081,7.375284577764996,7.375284577764996,5.481116969646555,5.481116969646555,3.1540928179948713,3.1540928179948713,-1.79,2142065.6017648503,26.245448422545195,13.500294536821563,8.921629415842427,176.67623695978244,24.793308092122217,18.12552248744388,0.0,0.0,0.0,17.90791586385555,29.083340744766897,0.0,0.0,0.0,0.0,20.771211599071872,39.26853843547545,26.427527858051672,39.17691964433768,17.90791586385555,0.0,14.699729192551434,0.0,38.89673408651576,65.69606629352711,0.0,0.0,0.0,0.0,0.0,0.0,0.0,131.74881602190015,23.85733745981556,0.0,20.771211599071872,0.0,0.0,0.0,0.0,140.08,36.03343835129943,29.703193736737582,0.0,13.213763929025836,52.48230236450128,0.0,0.0,35.470940791623306,0.0,0.0,9.473725907600098,11.249589579659023,0.0,39.463266126502475,28.051595455284613,0.0,-2.859338497234421,-2.1832929649515167,0.0,8.278180300739823,0.0,0.8421052631578947,30,3,11,0,1,1,0,0,0,0,3,0,8,3,11,1,6,0,1,1,0,3,11.8107094651773,1,-0.6414999999999926,107.65040000000009,3,0,0,0,0,0,0,0,3,3,3,0,0,0,0,3,0,0,0,0,0,0,0,0,0,0,0,0,0,0,0,0,0,0,0,0,0,0,0,0,0,2,0,0,0,0,0,0,0,0,0,0,0,0,0,0,0,0,0,0,0,0,0,0,0,0,0,0,0,0,0,0,0,0,0,0,0,0,0,0,0,0,0,0,0,0,0,0,0,0,0,0,0,0,0,0,0,0,0,0,0,0,0,0,0,0,0,0,0,0,0,0,0,0,0,0,0,0,0,0,0,0,0,0,0,0,0,0,0,1,0,0,0,0,0,0,0,0,0,0,0,0,0,0,0,0,0,0,0,0,0,0,0,0,0,0,0,0,0,0,0,0,0,0,0,0,0,0,0,0,0,0,0,0,0,0,0,0,0,0,0,0,0,0,0,0,0,0,0,0,0,1,0,0,0,0,0,0,0,0,0,0,0,0,0,1,0,0,0,1,0,0,0,0,0,1,0,0,0,0,0,0,1,0,0,0,0,0,0,0,0,0,0,1,0,0,0,0,0,0,0,0,0,0,0,0,0,0,0,0,1,0,11.49
10.96481722936088,10.96481722936088,0.000836167800453369,-1.2406239764424292,0.18191710880196524,11.074074074074074,393.34900000000016,370.16500000000013,393.1383439359999,154,0,0.3172181189692342,-0.48028580497400253,0.48028580497400253,0.3172181189692342,0.4074074074074074,0.5925925925925926,0.8148148148148148,16.38144653039537,10.328136610066576,2.1868357540267453,-2.267365081964262,1.9679876288599876,-2.450450426519028,5.728671755443908,-0.14315569667199485,2.462061301234473,4.845969157230808,444.15640006923104,20.982763184195935,14.48291124699791,14.48291124699791,12.488978758390344,7.7524715620274645,7.7524715620274645,5.666150501908585,5.666150501908585,3.259247055594472,3.259247055594472,2.2200693363121116,2.2200693363121116,-2.77,264720.8311087306,24.229999999999993,12.561799023672194,14.120624863026014,153.54177878679445,25.532636974203527,0.0,0.0,0.0,0.0,29.846526439759245,38.67241511291054,0.0,0.0,0.0,0.0,0.0,26.1790256236503,32.72378202956288,49.50532289456263,29.846526439759245,0.0,14.699729192551434,0.0,0.0,58.902807653213166,0.0,0.0,0.0,0.0,0.0,0.0,0.0,128.98170025972743,23.97268592035911,0.0,0.0,0.0,0.0,0.0,0.0,196.21999999999997,62.570308469322114,23.97268592035911,0.0,26.1790256236503,0.0,9.799819461700956,4.899909730850478,0.0,0.0,0.0,25.532636974203527,0.0,0.0,57.60919926532564,44.11563574300685,0.0,-6.155978940959101,0.0,0.0,-2.735522734040051,0.0,0.6428571428571429,27,5,13,0,0,0,0,0,0,0,0,0,8,5,13,0,16,0,0,0,0,0,11.273051494206562,0,-2.6845999999999943,87.49900000000005,5,0,0,0,0,0,0,0,5,5,5,0,0,0,0,3,0,0,0,0,0,0,0,0,0,0,0,0,0,0,0,0,0,0,0,0,0,0,0,0,0,0,0,0,0,0,0,0,0,0,0,0,0,0,0,0,0,0,0,0,0,0,0,0,0,0,0,0,0,0,0,0,0,0,0,0,0,0,0,0,0,0,0,0,0,0,0,0,0,0,0,0,0,0,0,0,0,0,0,0,0,0,0,0,0,0,0,0,0,0,0,0,0,0,0,0,0,0,0,0,0,0,0,0,0,0,0,0,0,1,0,0,0,0,0,0,0,0,0,0,0,0,0,0,0,0,0,0,0,0,0,0,0,0,0,0,0,0,0,0,0,0,0,0,0,0,0,0,0,0,0,0,0,0,0,0,0,0,0,0,0,0,0,0,0,0,0,0,0,0,0,1,0,0,0,0,0,0,0,0,0,0,0,0,0,0,0,0,0,1,0,0,0,0,0,1,0,0,0,0,0,0,0,0,0,0,0,0,0,0,0,0,0,1,0,0,0,0,0,0,0,0,0,0,0,0,0,0,0,0,0,0,22.26
11.532778738906899,11.532778738906899,0.02174866670496023,-1.1026981850341129,0.3840748244512526,15.692307692307692,534.5730000000003,504.33300000000037,534.22268268,204,0,0.35398933624156087,-0.48028567906897923,0.48028567906897923,0.35398933624156087,0.6153846153846154,1.0769230769230769,1.6153846153846154,16.37280538785629,10.194398534701788,2.1895520525981187,-2.302862126464816,2.1323048973493828,-2.410189819777965,5.851620122231115,-0.1380812449612721,2.8930007267257123,1.603586893337677,1288.650280347565,27.777445635193,21.30978068427677,21.30978068427677,18.745223833864863,12.470701270132388,12.470701270132388,9.350092638194408,9.350092638194408,6.282398757166137,6.282398757166137,4.4501989132281885,4.4501989132281885,-4.26,408764029.4510794,27.766182827361167,13.00235973613734,8.36632641686708,224.72477826102397,15.319582184522117,11.387855989696922,0.0,0.0,0.0,17.90791586385555,24.478244897570463,19.55703141003806,0.0,0.0,18.19910120538483,36.39820241076966,52.358051247300594,29.32046838530642,29.703193736737582,17.90791586385555,0.0,29.651664755393057,0.0,26.1790256236503,32.72378202956288,88.76087158524527,0.0,0.0,0.0,0.0,0.0,0.0,95.60294483333361,30.973562807722125,0.0,43.752642337234406,54.59730361615449,0.0,0.0,0.0,160.28999999999996,17.90791586385555,29.703193736737582,0.0,17.932612395609496,63.74590723699751,11.387855989696922,12.13273413692322,24.26546827384644,23.099010936235306,19.76777650359537,4.9839785209472085,0.0,0.0,53.70445551319223,28.136506201581888,2.7161160143013716,-3.120307293209425,15.455457874209088,0.0,3.6077716899248493,0.0,0.3333333333333333,39,3,12,0,1,1,0,0,3,3,0,2,9,3,12,4,8,0,0,0,0,0,9.257074297966893,4,1.6726000000000005,138.93339999999995,1,0,0,0,2,3,0,0,3,3,3,0,0,0,0,6,0,0,0,0,0,0,0,0,0,0,0,0,0,0,0,0,0,0,0,0,2,0,0,0,0,0,0,0,0,0,0,0,0,0,0,0,0,0,0,0,0,0,0,0,0,0,0,0,0,0,0,0,0,0,0,0,0,3,0,0,0,0,0,0,0,0,0,0,0,0,0,0,0,0,0,0,0,0,0,0,0,0,0,0,0,0,0,0,0,0,0,0,0,0,0,0,0,0,0,0,0,0,0,0,0,0,0,0,0,0,0,0,0,1,0,0,0,0,0,0,0,0,0,0,0,0,0,0,0,0,0,0,0,0,0,0,0,0,0,0,0,0,0,0,0,0,0,0,0,0,0,0,0,0,0,0,0,0,0,0,0,0,0,0,0,0,0,0,0,0,1,0,0,0,0,1,0,0,0,0,0,0,0,0,0,0,0,0,0,1,0,0,0,1,0,0,0,0,0,1,0,0,0,0,0,0,1,0,0,0,0,0,0,0,0,0,0,1,0,0,0,0,0,0,0,0,0,0,0,0,0,0,0,0,1,0,23.44
10.807218705383388,10.807218705383388,0.5498119803476946,-1.2330378138909885,0.3608123141582704,13.818181818181818,320.29800000000006,300.13800000000003,320.12196559999995,126,0,0.3172279378451749,-0.4802855473554599,0.4802855473554599,0.3172279378451749,0.6363636363636364,0.8181818181818182,0.9545454545454546,16.37894050498967,10.081963848245598,2.2947916105678767,-2.3601340674258275,2.110151688439564,-2.533865223829049,5.732003483882479,-0.14739285819365036,2.326569748982298,5.134446714983726,337.75424759098905,17.4472292782632,12.299402397980645,12.299402397980645,10.039489015607163,6.394480049574998,6.394480049574998,4.866126886928227,4.866126886928227,3.2034797310878274,3.2034797310878274,1.9929138114157765,1.9929138114157765,-2.1999999999999997,25164.178404992537,19.799999999999997,8.948668950183283,7.547431043807464,126.09630503555813,20.426109579362823,0.0,0.0,0.0,0.0,23.877221151807397,28.97796819798824,0.0,0.0,0.0,0.0,13.847474399381248,12.083681658295921,26.1790256236503,39.60425831565011,23.877221151807397,0.0,9.799819461700956,0.0,25.93115605767717,26.1790256236503,0.0,0.0,0.0,0.0,0.0,0.0,0.0,92.3658574748174,19.178148736287287,0.0,13.847474399381248,0.0,0.0,0.0,0.0,155.67999999999998,62.13992843375361,19.178148736287287,0.0,0.0,0.0,9.799819461700956,13.847474399381248,0.0,0.0,0.0,20.426109579362823,0.0,0.0,45.4908476106492,35.28191211052322,0.0,-4.932151255563953,-1.350185185185186,0.0,0.842910052910053,0.0,0.6666666666666666,22,4,10,0,0,0,0,0,0,0,2,0,6,4,10,0,11,0,0,0,0,2,8.053802055164953,0,-1.294199999999996,72.61320000000003,4,0,0,0,0,0,0,0,4,4,4,0,0,0,0,2,0,0,0,0,0,0,0,0,0,0,0,0,0,0,0,0,0,0,0,0,0,0,0,0,0,0,0,0,0,0,0,0,0,0,0,0,0,0,0,0,0,0,0,0,0,0,0,0,0,0,0,0,0,0,0,0,0,0,0,0,0,0,0,0,0,0,0,0,0,0,0,0,0,0,0,0,0,0,0,0,0,0,0,0,0,0,0,0,0,0,0,0,0,0,0,0,0,0,0,0,0,0,0,0,0,0,0,0,0,0,0,0,0,1,0,0,0,0,0,0,0,0,0,0,0,0,0,0,0,0,0,0,0,0,0,0,0,0,0,0,0,0,0,0,0,0,0,0,0,0,0,0,0,0,0,0,0,0,0,0,0,0,0,0,0,0,0,0,0,0,0,0,0,0,0,1,0,0,0,0,0,0,0,0,0,0,0,0,0,0,0,0,0,1,0,0,0,0,0,1,0,0,0,0,0,0,0,0,0,0,0,0,0,0,0,0,0,1,0,0,0,0,0,0,0,0,0,0,0,0,0,0,0,0,0,0,17.03
10.971234651871585,10.971234651871585,0.14215742315444713,-1.1512800319469696,0.2497602260664022,11.166666666666666,426.42600000000016,400.21800000000025,426.17506379199995,166,0,0.31721811896905966,-0.48028566397732686,0.48028566397732686,0.31721811896905966,0.6666666666666666,1.0666666666666667,1.4,16.378702639064247,10.272534507239824,2.1804371592689473,-2.277609412717899,2.0321030985625783,-2.4358040236624774,5.7269209266153425,-0.14315569667199465,2.621334722476633,2.810173010609651,603.249678539845,22.51829709012867,16.38406403329255,16.38406403329255,14.150774800938818,9.095221441137504,9.095221441137504,6.593486921299145,6.593486921299145,4.01213189949891,4.01213189949891,2.7495357026177984,2.7495357026177984,-3.09,1948763.1447224682,24.947160906726126,13.192137535641226,11.68512014566901,172.49782300716862,20.426109579362823,0.0,0.0,0.0,0.0,23.877221151807397,38.861856449785925,0.0,0.0,0.0,6.06636706846161,12.13273413692322,38.920625601175956,31.872953618498762,39.60425831565011,23.877221151807397,0.0,19.68370771349864,0.0,6.544756405912575,52.358051247300594,30.089872771846366,0.0,0.0,0.0,0.0,0.0,0.0,116.3450896919695,25.722905142199863,0.0,5.693927994848461,24.395944776997908,0.0,0.0,0.0,171.80999999999997,50.056246775457694,19.178148736287287,0.0,26.1790256236503,12.238684400761036,0.0,9.799819461700956,24.395944776997908,4.899909730850478,4.9839785209472085,20.426109579362823,0.0,0.0,52.481345552980585,35.860480366143314,0.7116095574032085,-4.605120127787877,5.324518138420555,1.6069770082811208,-0.5464771621075728,0.0,0.5,30,4,12,0,0,0,0,0,1,1,0,0,8,4,12,1,16,0,0,0,0,0,10.970212593510103,1,-1.1739999999999935,102.93720000000008,4,0,0,0,0,1,0,0,4,4,4,0,0,0,0,4,0,0,0,0,0,0,0,0,0,0,0,0,0,0,0,0,0,0,0,0,0,0,0,0,0,0,0,0,0,0,0,0,0,0,0,0,0,0,0,0,0,0,0,0,0,0,0,0,0,0,0,0,0,0,0,0,0,1,0,0,0,0,0,0,0,0,0,0,0,0,0,0,0,0,0,0,0,0,0,0,0,0,0,0,0,0,0,0,0,0,0,0,0,0,0,0,0,0,0,0,0,0,0,0,0,0,0,0,0,0,0,0,0,1,0,0,0,0,0,0,0,0,0,0,0,0,0,0,0,0,0,0,0,0,0,0,0,0,0,0,0,0,0,0,0,0,0,0,0,0,0,0,0,0,0,0,0,0,0,0,0,0,0,0,0,0,0,0,0,0,0,0,0,0,0,1,0,0,0,0,0,0,0,0,0,0,0,0,0,0,0,0,0,1,0,0,0,0,0,1,0,0,0,0,0,0,0,0,0,0,0,0,0,0,0,0,0,1,0,0,0,0,0,0,0,0,0,0,0,0,0,0,0,0,0,0,21.59
11.018472638672854,11.018472638672854,0.027840792181070162,-1.2293161473898448,0.1727663177593982,11.107142857142858,407.3760000000002,382.17600000000016,407.1539939999999,160,0,0.3172181189692342,-0.4811950460172665,0.4811950460172665,0.3172181189692342,0.42857142857142855,0.7142857142857143,1.0357142857142858,16.380349390679243,10.304328164412077,2.1814430091707844,-2.271699567074167,1.9797249837368684,-2.445672533894696,5.7234296196943,-0.14292882274796323,2.518673827828234,4.850207776550723,514.2415647232905,21.689869965382485,15.190018028184458,15.190018028184458,12.988978758390344,8.252471562027464,8.252471562027464,5.981643416650142,5.981643416650142,3.5422764936718307,3.5422764936718307,2.3384413722992603,2.3384413722992603,-2.7700000000000005,446510.4961973893,25.23,13.40626702158866,14.404771677766098,159.9067209011911,25.532636974203527,0.0,0.0,0.0,0.0,29.846526439759245,38.67241511291054,0.0,0.0,0.0,0.0,0.0,32.72378202956288,32.59984724657631,49.50532289456263,29.846526439759245,0.0,14.699729192551434,0.0,6.4208216229260096,58.902807653213166,0.0,0.0,0.0,0.0,0.0,0.0,0.0,128.98170025972743,23.97268592035911,0.0,6.4208216229260096,0.0,0.0,0.0,0.0,196.21999999999997,56.02555206340954,23.97268592035911,0.0,39.14460365248888,0.0,4.899909730850478,9.799819461700956,0.0,0.0,0.0,25.532636974203527,0.0,0.0,58.04195274491083,44.24304602004506,0.0,-5.890698441495213,0.0,-0.280544172788491,-1.780422817338853,0.0,0.6666666666666666,28,5,13,0,0,0,0,0,0,0,0,0,8,5,13,0,17,0,0,0,0,0,12.080004176952924,0,-2.294499999999993,92.11600000000006,5,0,0,0,0,0,0,0,5,5,5,0,0,0,0,3,0,0,0,0,0,0,0,0,0,0,0,0,0,0,0,0,0,0,0,0,0,0,0,0,0,0,0,0,0,0,0,0,0,0,0,0,0,0,0,0,0,0,0,0,0,0,0,0,0,0,0,0,0,0,0,0,0,0,0,0,0,0,0,0,0,0,0,0,0,0,0,0,0,0,0,0,0,0,0,0,0,0,0,0,0,0,0,0,0,0,0,0,0,0,0,0,0,0,0,0,0,0,0,0,0,0,0,0,0,0,0,0,0,1,0,0,0,0,0,0,0,0,0,0,0,0,0,0,0,0,0,0,0,0,0,0,0,0,0,0,0,0,0,0,0,0,0,0,0,0,0,0,0,0,0,0,0,0,0,0,0,0,0,0,0,0,0,0,0,0,0,0,0,0,0,1,0,0,0,0,0,0,0,0,0,0,0,0,0,0,0,0,0,1,0,0,0,0,0,1,0,0,0,0,0,0,0,0,0,0,0,0,0,0,0,0,0,1,0,0,0,0,0,0,0,0,0,0,0,0,0,0,0,0,0,0,19.74
11.192283458808184,11.192283458808184,0.10818010617929441,-0.9055215944402459,0.8343088466163069,15.692307692307692,356.38200000000006,336.2220000000001,356.14845512000005,136,0,0.31722641818336755,-0.4802855530661234,0.4802855530661234,0.31722641818336755,0.7307692307692307,1.0384615384615385,1.3076923076923077,16.36996127179989,10.187352577066815,2.1713693754161576,-2.234908768825964,2.134771986904944,-2.3197262382037036,5.689736457783544,-0.1391394674513449,2.530367177401613,1.950054782374733,670.1302493010206,18.518297090128673,14.206520456184519,14.206520456184519,12.474366886035765,8.256609888336992,8.256609888336992,6.3183247073292135,6.3183247073292135,3.989026424770247,3.989026424770247,3.045129576335191,3.045129576335191,-2.84,624375.6921253802,17.966223318614603,8.026077518537072,5.0762848812994585,150.27267809398396,10.213054789681411,0.0,0.0,0.0,0.0,11.938610575903699,29.356850871739013,0.0,0.0,0.0,12.13273413692322,24.26546827384644,26.1790256236503,35.86522479121899,19.802129157825057,11.938610575903699,0.0,19.76777650359537,0.0,26.1790256236503,13.08951281182515,59.173914390163496,0.0,0.0,0.0,0.0,0.0,0.0,55.00895468100563,35.768099991793946,0.0,22.775711979393844,36.39820241076966,0.0,0.0,0.0,106.86000000000001,11.938610575903699,19.802129157825057,0.0,13.08951281182515,26.1790256236503,22.775711979393844,0.0,9.799819461700956,36.39820241076966,9.967957041894417,0.0,0.0,0.0,35.07172830377577,18.360671948055398,2.9842705971277415,-1.8110431888804914,11.090977891156461,0.0,1.3033944487651195,0.0,0.3333333333333333,26,2,8,0,1,1,0,0,2,2,0,4,6,2,8,3,4,0,0,0,0,0,5.54608850271343,3,0.9635999999999996,91.97360000000006,2,0,0,0,0,2,0,0,2,2,2,0,0,0,0,4,0,0,0,0,0,0,0,0,0,0,0,0,0,0,0,0,0,0,0,0,4,0,0,0,0,0,0,0,0,0,0,0,0,0,0,0,0,0,0,0,0,0,0,0,0,0,0,0,0,0,0,0,0,0,0,0,0,2,0,0,0,0,0,0,0,0,0,0,0,0,0,0,0,0,0,0,0,0,0,0,0,0,0,0,0,0,0,0,0,0,0,0,0,0,0,0,0,0,0,0,0,0,0,0,0,0,0,0,0,0,0,0,0,1,0,0,0,0,0,0,0,0,0,0,0,0,0,0,0,0,0,0,0,0,0,0,0,0,0,0,0,0,0,0,0,0,0,0,0,0,0,0,0,0,0,0,0,0,0,0,0,0,0,0,0,0,0,0,0,0,1,0,0,0,0,1,0,0,0,0,0,0,0,0,0,0,0,0,0,1,0,0,0,1,0,0,0,0,0,1,0,0,0,0,0,0,1,0,0,0,0,0,0,0,0,0,0,1,0,0,0,0,0,0,0,0,0,0,0,0,0,0,0,0,1,0,14.5
11.38288819643909,11.38288819643909,0.04960869951490432,-1.111617710766826,0.5325944817229166,16.484848484848484,457.48700000000036,430.27100000000024,457.19613358400005,176,0,0.3539893362336732,-0.48028567906897923,0.48028567906897923,0.3539893362336732,0.7272727272727273,1.2424242424242424,1.7575757575757576,16.37295621755919,10.207752910015746,2.189129965809875,-2.2975666009234876,2.108055372745019,-2.419519919092829,5.8471820148663225,-0.13891021614011434,2.7400449009098975,1.838983608150001,914.258533589371,23.794317972067564,18.130516281207935,18.130516281207935,15.778897338676078,10.529470738776142,10.529470738776142,7.924513910911174,7.924513910911174,5.22977871511473,5.22977871511473,3.7256333303214126,3.7256333303214126,-3.4099999999999997,16485863.752610525,24.23672995980372,11.453647638233193,7.898078959638197,190.4480360740135,15.319582184522117,5.693927994848461,0.0,0.0,0.0,17.90791586385555,29.272782081642283,9.77851570501903,0.0,0.0,12.13273413692322,24.26546827384644,45.81329484138802,30.171296796370534,29.703193736737582,17.90791586385555,0.0,24.66768623444585,0.0,19.634269217737724,39.26853843547545,59.173914390163496,0.0,0.0,0.0,0.0,0.0,0.0,97.16372271829898,29.22334358588137,0.0,27.570249163465668,36.39820241076966,0.0,0.0,0.0,147.39999999999998,17.90791586385555,29.703193736737582,0.0,18.78344080667361,62.895078825933396,0.0,6.06636706846161,21.932553598624175,23.099010936235306,9.967957041894417,0.0,0.0,0.0,48.40971894969776,27.875003696181615,1.9526120902906623,-2.985213772393191,10.28327394746538,0.0,2.631271755424443,0.0,0.4090909090909091,33,3,11,0,1,1,0,0,2,2,0,2,8,3,11,3,7,0,0,0,0,0,8.41208984432126,3,0.4638000000000017,116.53590000000004,2,0,0,0,1,2,0,0,3,3,3,0,0,0,0,5,0,0,0,0,0,0,0,0,0,0,0,0,0,0,0,0,0,0,0,0,2,0,0,0,0,0,0,0,0,0,0,0,0,0,0,0,0,0,0,0,0,0,0,0,0,0,0,0,0,0,0,0,0,0,0,0,0,2,0,0,0,0,0,0,0,0,0,0,0,0,0,0,0,0,0,0,0,0,0,0,0,0,0,0,0,0,0,0,0,0,0,0,0,0,0,0,0,0,0,0,0,0,0,0,0,0,0,0,0,0,0,0,0,1,0,0,0,0,0,0,0,0,0,0,0,0,0,0,0,0,0,0,0,0,0,0,0,0,0,0,0,0,0,0,0,0,0,0,0,0,0,0,0,0,0,0,0,0,0,0,0,0,0,0,0,0,0,0,0,0,1,0,0,0,0,1,0,0,0,0,0,0,0,0,0,0,0,0,0,1,0,0,0,1,0,0,0,0,0,1,0,0,0,0,0,0,1,0,0,0,0,0,0,0,0,0,0,1,0,0,0,0,0,0,0,0,0,0,0,0,0,0,0,0,1,0,20.49
11.081981897918254,11.081981897918254,0.030764959080254783,-1.0957564352901652,0.5609277027335071,17.62962962962963,380.4010000000001,356.2090000000001,380.169584488,148,0,0.3539893362336732,-0.4802858049740186,0.4802858049740186,0.3539893362336732,0.8148148148148148,1.2962962962962963,1.7407407407407407,16.372987105573582,10.24623814496453,2.195327710601189,-2.2438945903352323,2.069265166275615,-2.398023260463447,5.847134403018466,-0.139629788372865,2.672745144962112,2.088618038716642,619.7570861331338,19.811190308942127,14.951251878139104,14.951251878139104,12.8294075958929,8.631133426233344,8.631133426233344,6.435237972228234,6.435237972228234,4.326588233068707,4.326588233068707,2.9567068447334384,2.9567068447334384,-2.56,742381.6914646763,20.7482848779716,9.95123602326118,7.291895084139941,156.171293887003,15.319582184522117,5.693927994848461,0.0,0.0,0.0,17.90791586385555,24.288803560695076,9.77851570501903,0.0,0.0,6.06636706846161,12.13273413692322,45.81329484138802,18.78344080667361,29.703193736737582,17.90791586385555,0.0,19.68370771349864,0.0,6.544756405912575,52.358051247300594,29.58695719508175,0.0,0.0,0.0,0.0,0.0,0.0,105.26925700917693,16.133830774056218,0.0,16.182393173768745,18.19910120538483,0.0,0.0,0.0,134.51000000000002,17.90791586385555,14.383611552215466,0.0,18.78344080667361,51.50722283623648,0.0,6.06636706846161,21.932553598624175,4.899909730850478,4.9839785209472085,15.319582184522117,0.0,0.0,42.89597481989208,27.20024240284029,0.5698980962653404,-2.954260954126573,4.797779115191633,0.0,3.32369985327056,0.0,0.5294117647058824,27,3,10,0,1,1,0,0,1,1,0,0,7,3,10,2,7,0,1,1,0,0,7.647077033279857,2,-0.6313999999999969,94.62490000000005,2,0,0,0,1,1,0,0,3,3,3,0,0,0,0,4,0,0,0,0,0,0,0,0,0,0,0,0,0,0,0,0,0,0,0,0,0,0,0,0,0,0,0,0,0,0,0,0,0,0,0,0,0,0,0,0,0,0,0,0,0,0,0,0,0,0,0,0,0,0,0,0,0,1,0,0,0,0,0,0,0,0,0,0,0,0,0,0,0,0,0,0,0,0,0,0,0,0,0,0,0,0,0,0,0,0,0,0,0,0,0,0,0,0,0,0,0,0,0,0,0,0,0,0,0,0,0,0,0,1,0,0,0,0,0,0,0,0,0,0,0,0,0,0,0,0,0,0,0,0,0,0,0,0,0,0,0,0,0,0,0,0,0,0,0,0,0,0,0,0,0,0,0,0,0,0,0,0,0,0,0,0,0,0,0,0,1,0,0,0,0,1,0,0,0,0,0,0,0,0,0,0,0,0,0,1,0,0,0,1,0,0,0,0,0,1,0,0,0,0,0,0,1,0,0,0,0,0,0,0,0,0,0,1,0,0,0,0,0,0,0,0,0,0,0,0,0,0,0,0,1,0,13.9
11.715642059292852,11.715642059292852,0.1893565759637188,-1.3913997018560507,0.11608854219114267,12.09375,465.4120000000003,438.19600000000025,465.1594733039999,182,0,0.32043368045203074,-0.48122948911598223,0.48122948911598223,0.32043368045203074,0.53125,0.875,1.125,16.38462952802544,10.100776917025536,2.2778140042159687,-2.3194329378487217,2.0950165188445466,-2.4963719987231197,5.751556482670347,-0.14712943163537284,2.598903083047149,5.5290198064182485,583.5257954347983,24.844570503761737,17.122830183337904,17.122830183337904,14.810345963436264,9.319097053798373,9.319097053798373,6.818681973594563,6.818681973594563,4.199824188400232,4.199824188400232,2.8788192130300683,2.8788192130300683,-3.3000000000000007,2578777.177572032,28.7,14.661221777576488,13.836972436033234,181.59236098222408,30.63916436904423,6.041840829147961,0.0,0.0,0.0,35.81583172771109,43.46695229698236,0.0,0.0,0.0,0.0,6.4208216229260096,32.59984724657631,26.1790256236503,59.40638747347516,35.81583172771109,0.0,14.699729192551434,0.0,18.88348407499998,52.358051247300594,0.0,0.0,0.0,0.0,0.0,0.0,0.0,139.55461736575535,28.76722310443093,0.0,12.841643245852019,0.0,0.0,0.0,0.0,233.51999999999998,74.45751980343536,33.87375049927164,0.0,32.59984724657631,0.0,9.799819461700956,4.899909730850478,0.0,0.0,0.0,25.532636974203527,0.0,0.0,69.68497661858405,54.09322728796581,0.0,-7.897719070385014,-1.3619331065759643,-0.8375120727303258,-3.3477063235252262,0.0,0.6470588235294118,32,6,15,0,0,0,0,0,0,0,1,0,9,6,15,0,19,0,0,0,0,1,13.149283281763912,0,-2.451199999999993,103.28980000000008,6,0,0,0,0,0,0,0,6,6,6,0,0,0,0,3,0,0,0,0,0,0,0,0,0,0,0,0,0,0,0,0,0,0,0,0,0,0,0,0,0,0,0,0,0,0,0,0,0,0,0,0,0,0,0,0,0,0,0,0,0,0,0,0,0,0,0,0,0,0,0,0,0,0,0,0,0,0,0,0,0,0,0,0,0,0,0,0,0,0,0,0,0,0,0,0,0,0,0,0,0,0,0,0,0,0,0,0,0,0,0,0,0,0,0,0,0,0,0,0,0,0,0,0,0,0,0,0,0,1,0,0,0,0,0,0,0,0,0,0,0,0,0,0,0,0,0,0,0,0,0,0,0,0,0,0,0,0,0,0,0,0,0,0,0,0,0,0,0,0,0,0,0,0,0,0,0,0,0,0,0,0,0,0,0,0,0,0,0,0,0,1,0,0,0,0,0,0,0,0,0,0,0,0,0,0,0,0,0,1,0,0,0,0,0,1,0,0,0,0,0,0,0,0,0,0,0,0,0,0,0,0,0,1,0,0,0,0,0,0,0,0,0,0,0,0,0,0,0,0,0,0,21.66
10.993932455698328,10.993932455698328,0.08955293308783574,-0.9598796401276555,0.4177210675068642,20.0,346.3840000000001,320.1760000000001,346.18523455199994,138,0,0.31720436546192304,-0.4802858049771859,0.4802858049771859,0.31720436546192304,0.625,0.9166666666666666,1.2083333333333333,16.373198033659836,10.31067435390104,2.1716496115988955,-2.2931097077884424,1.9725829840143496,-2.471077726730822,5.6944657623197426,-0.14019468852934264,2.4521866075535494,2.6795484226015693,370.26137307125543,17.949382989376325,13.686201037443364,13.686201037443364,11.363081100704113,7.897009676063643,7.897009676063643,5.759659244944999,5.759659244944999,3.7511283793605523,3.7511283793605523,2.5486401983773015,2.5486401983773015,-1.75,120843.75602023891,20.29494382022472,10.918728952932884,9.402635288589552,140.17429811239373,20.63637078852845,0.0,0.0,0.0,0.0,17.90791586385555,29.083340744766897,0.0,0.0,0.0,0.0,0.0,52.358051247300594,19.634269217737724,29.703193736737582,17.90791586385555,0.0,20.016517796557764,0.0,0.0,71.99232046503832,0.0,0.0,0.0,5.316788604006331,0.0,0.0,0.0,119.91954770596746,14.383611552215466,0.0,0.0,0.0,0.0,0.0,0.0,133.65,17.90791586385555,14.383611552215466,0.0,19.634269217737724,52.358051247300594,0.0,0.0,14.699729192551434,0.0,5.316788604006331,15.319582184522117,0.0,0.0,38.06341675384716,30.090396164902636,0.0,-2.794116538590745,0.0,0.0,3.6403036198409575,0.0,0.7857142857142857,24,4,10,0,1,1,0,0,0,0,0,0,7,4,10,1,6,0,1,1,0,0,9.233124612001415,1,-2.2505999999999933,85.09710000000005,3,0,0,0,0,0,0,0,3,3,3,0,0,0,0,3,1,0,0,0,0,0,0,0,0,0,0,0,0,0,0,0,0,0,0,0,0,0,0,0,0,0,0,0,0,0,0,0,0,0,0,0,0,0,0,0,0,0,0,0,0,0,0,0,0,0,0,0,0,0,0,0,0,0,0,0,0,0,0,0,0,0,0,0,0,0,0,0,0,0,0,0,0,0,0,0,0,0,0,0,0,0,0,0,0,0,0,0,0,0,0,0,0,0,0,0,0,0,0,0,0,0,0,0,0,0,0,0,0,1,0,0,0,0,0,0,0,0,0,0,0,0,0,0,0,0,0,0,0,0,0,0,0,0,0,0,0,0,0,0,0,0,0,0,0,0,0,0,0,0,0,0,0,0,0,0,0,0,0,0,0,0,0,0,0,0,1,0,0,0,0,1,0,0,0,0,0,0,0,0,0,0,0,0,0,1,0,0,0,1,0,0,0,0,0,1,0,0,0,0,0,0,1,0,0,0,0,0,0,0,0,0,0,1,0,0,0,0,0,0,0,0,0,0,0,0,0,0,0,0,1,0,19.06
12.619105520245,12.619105520245,0.05741391111288552,-1.1518884735447832,0.10009902959425447,11.0,659.7370000000003,614.3770000000004,659.31664264,258,0,0.31721724854427247,-0.4964769779210904,0.4964769779210904,0.31721724854427247,0.5531914893617021,0.8936170212765957,1.2553191489361701,16.46867676122438,10.122724486696697,2.197500263371764,-2.276014082889871,2.176584492877385,-2.4706973836910193,5.792770164126699,-0.14057747336601734,3.013878022245516,1.9104923996813166,1176.9484431873448,34.60587275993919,26.85220991518891,26.85220991518891,22.49764135368948,15.098916938671438,15.098916938671438,10.702273148399406,10.702273148399406,7.093998958177785,7.093998958177785,4.847658732953742,4.847658732953742,-4.73,9075799038.386873,38.45274918416877,21.13702678689778,15.898662952088866,273.58396720714006,35.42688530013488,11.49902366656781,0.0,11.814359458703011,0.0,17.90791586385555,38.67241511291054,0.0,0.0,0.0,36.39820241076966,36.101280366169235,39.26853843547545,46.94337711211794,48.765994012481315,29.72227532255856,0.0,25.333306400564094,0.0,12.841643245852019,86.21191554759339,59.65783953108687,0.0,11.49902366656781,20.10730311561276,0.0,11.49902366656781,0.0,145.95350224722552,36.814329166211124,0.0,11.126902983393991,48.53093654769288,0.0,0.0,0.0,198.27999999999997,49.356544540296284,39.292268104881224,0.0,39.26853843547545,37.43017972424498,11.126902983393991,14.699729192551434,14.219595082555067,48.53093654769288,10.633577208012662,9.473725907600098,10.629352153557868,0.0,64.06949903207698,33.75712530721582,1.8134784536088775,-2.8388108414669864,14.787098834007297,1.015304012998426,-0.8472560976680741,3.1142091456697814,0.46875,47,5,15,0,0,0,2,2,0,2,0,0,10,5,15,0,24,0,0,0,0,0,17.2931231816093,2,-0.1187999999999903,171.64279999999965,3,0,0,0,0,0,0,0,3,3,5,2,0,0,0,3,2,0,0,0,0,0,0,0,0,0,0,2,0,0,0,0,0,0,2,0,0,0,0,0,0,2,0,0,0,0,0,0,0,0,0,0,0,0,0,2,0,0,0,0,0,0,0,0,2,0,0,0,0,0,0,0,0,0,0,0,0,0,0,0,0,0,0,0,0,0,0,0,0,0,0,0,0,0,0,0,0,0,0,0,0,0,0,0,0,0,0,0,0,0,0,0,0,0,0,0,0,0,0,0,0,0,0,0,0,0,0,0,0,1,0,0,0,0,0,0,0,0,0,0,0,0,0,0,0,0,0,0,0,0,0,0,0,0,0,0,0,0,0,0,0,0,0,0,0,0,0,0,0,0,0,0,0,0,0,0,0,0,0,0,0,0,0,0,0,0,0,0,0,0,0,1,0,0,0,0,0,0,0,0,0,0,0,0,0,0,0,0,0,1,0,0,0,0,0,1,0,0,0,0,0,0,0,0,0,0,0,0,0,0,0,0,0,1,0,0,0,0,0,0,0,0,0,0,0,0,0,0,0,0,0,0,16.91
10.827983027887637,10.827983027887637,0.10037808641975277,-1.173687248047368,0.18804757801444855,12.481481481481481,393.3930000000002,366.17700000000013,393.1747294439999,156,0,0.3172181189628926,-0.4802856639773348,0.4802856639773348,0.3172181189628926,0.6296296296296297,0.8888888888888888,1.1111111111111112,16.378900750708798,10.285593834847209,2.1825031137420297,-2.2867972984447498,1.9842060541619722,-2.453323999312688,5.726823707293597,-0.1431556966719948,2.462061301234473,4.821476405874513,404.2667786696707,20.982763184195935,15.152013225723673,15.152013225723673,12.488978758390344,8.21498467785293,8.21498467785293,6.145893627557947,6.145893627557947,3.4228025909640367,3.4228025909640367,2.426911489806306,2.426911489806306,-2.2800000000000002,264720.8311087306,24.720000000000002,12.974448784722219,14.562900245497648,155.74519880114732,25.532636974203527,0.0,0.0,0.0,0.0,23.877221151807397,33.87787792883872,0.0,0.0,0.0,0.0,6.923737199690624,32.72378202956288,32.282992011398605,44.71078571049081,23.877221151807397,0.0,14.699729192551434,0.0,13.027703587438927,58.902807653213166,0.0,0.0,0.0,0.0,0.0,0.0,0.0,129.11636135952386,19.178148736287287,0.0,6.923737199690624,0.0,0.0,0.0,0.0,179.14999999999998,56.160213163205995,24.28467613112799,0.0,32.72378202956288,0.0,0.0,16.72355666139158,4.899909730850478,0.0,0.0,20.426109579362823,0.0,0.0,47.43298012952317,44.97098553724553,0.0,-4.694748992189469,0.0,-0.7316712857982697,0.5224546112190409,0.0,0.7333333333333333,27,5,12,0,0,0,0,0,0,0,1,0,8,5,12,0,16,0,0,0,0,1,11.878828665123455,0,-2.3883999999999936,91.54400000000005,4,1,1,0,0,0,0,0,4,4,4,0,0,0,0,3,0,0,0,0,0,0,0,0,0,0,0,0,0,0,0,0,0,0,0,0,0,0,0,0,0,0,0,0,0,0,0,0,0,0,0,0,0,0,0,0,0,0,0,0,0,0,0,0,0,0,0,0,0,0,0,0,0,0,0,0,0,0,0,0,0,0,0,0,0,0,0,0,0,0,0,0,0,0,0,0,0,0,0,0,0,0,0,0,0,0,0,0,0,0,0,0,0,0,0,0,0,0,0,0,0,0,0,0,0,0,0,0,0,1,0,0,0,0,0,0,0,0,0,0,0,0,0,0,0,0,0,0,0,0,0,0,0,0,0,0,0,0,0,0,0,0,0,0,0,0,0,0,0,0,0,0,0,0,0,0,0,0,0,0,0,0,0,0,0,0,0,0,0,0,0,1,0,0,0,0,0,0,0,0,0,0,0,0,0,0,0,0,0,1,0,0,0,0,0,1,0,0,0,0,0,0,0,0,0,0,0,0,0,0,0,0,0,1,0,0,0,0,0,0,0,0,0,0,0,0,0,0,0,0,0,0,18.48
10.60379539702321,10.60379539702321,0.3528391912320481,-1.3079629629629637,0.25227992623253087,11.090909090909092,322.27000000000004,304.12600000000003,322.101230156,126,0,0.31721893595806727,-0.48028565945938145,0.48028565945938145,0.31721893595806727,0.6363636363636364,0.8636363636363636,1.0454545454545454,16.379456520932422,10.244756864050037,2.212559505933021,-2.2538279184778047,1.980855968849825,-2.4560124617701673,5.728002399987992,-0.14268311883950485,2.231137490738802,4.628366864529943,326.26137307125543,17.28409257144667,11.58347928666407,11.58347928666407,10.095131908272991,6.097199401076653,6.097199401076653,4.568022369361995,4.568022369361995,2.373364778648724,2.373364778648724,1.7889741665571852,1.7889741665571852,-2.24,23989.190300423597,19.759999999999998,9.652003622498114,10.535938040657438,124.52559667335753,25.532636974203527,0.0,0.0,0.0,0.0,23.877221151807397,28.97796819798824,0.0,0.0,0.0,0.0,0.0,13.08951281182515,32.282992011398605,44.71078571049081,23.877221151807397,0.0,9.799819461700956,0.0,6.103966387748303,39.26853843547545,0.0,0.0,0.0,0.0,0.0,0.0,0.0,104.58218241093566,19.178148736287287,0.0,0.0,0.0,0.0,0.0,0.0,175.90999999999997,56.160213163205995,24.28467613112799,0.0,13.08951281182515,0.0,9.799819461700956,0.0,0.0,0.0,0.0,20.426109579362823,0.0,0.0,44.29424432429843,44.37611407832186,0.0,-5.1615627362055925,0.0,-1.3079629629629637,-3.200832703451751,0.0,0.6363636363636364,22,5,11,0,0,0,0,0,0,0,0,0,7,5,11,0,12,0,0,0,0,0,8.669254162752852,0,-2.7102999999999957,69.43000000000004,4,1,1,0,0,0,0,0,4,4,4,0,0,0,0,2,0,0,0,0,0,0,0,0,0,0,0,0,0,0,0,0,0,0,0,0,0,0,0,0,0,0,0,0,0,0,0,0,0,0,0,0,0,0,0,0,0,0,0,0,0,0,0,0,0,0,0,0,0,0,0,0,0,0,0,0,0,0,0,0,0,0,0,0,0,0,0,0,0,0,0,0,0,0,0,0,0,0,0,0,0,0,0,0,0,0,0,0,0,0,0,0,0,0,0,0,0,0,0,0,0,0,0,0,0,0,0,0,0,1,0,0,0,0,0,0,0,0,0,0,0,0,0,0,0,0,0,0,0,0,0,0,0,0,0,0,0,0,0,0,0,0,0,0,0,0,0,0,0,0,0,0,0,0,0,0,0,0,0,0,0,0,0,0,0,0,0,0,0,0,0,1,0,0,0,0,0,0,0,0,0,0,0,0,0,0,0,0,0,1,0,0,0,0,0,1,0,0,0,0,0,0,0,0,0,0,0,0,0,0,0,0,0,1,0,0,0,0,0,0,0,0,0,0,0,0,0,0,0,0,0,0,13.94
11.012347029874086,11.012347029874086,0.1377703148522953,-1.1753754957497737,0.16455685582954793,11.137931034482758,421.4030000000003,394.1870000000002,421.16964406399995,166,0,0.3172173175371838,-0.48028581390969644,0.48028581390969644,0.3172173175371838,0.41379310344827586,0.6206896551724138,0.8620689655172413,16.38133227035404,10.2541153866298,2.1659339328848546,-2.2420593145893104,2.001940438135706,-2.392107357911094,5.727772583463981,-0.14330938293377127,2.50907300244536,4.605926703286554,470.3856189774724,22.39697674656903,15.897124809371006,15.897124809371006,13.488978758390344,8.752471562027463,8.752471562027463,6.373257283095132,6.373257283095132,3.6917025876281477,3.6917025876281477,2.6902324586000974,2.6902324586000974,-2.7700000000000005,698686.5045529447,26.230000000000004,14.259472755787145,15.935219109381642,166.27166301558768,25.532636974203527,0.0,0.0,0.0,0.0,29.846526439759245,38.67241511291054,0.0,0.0,0.0,0.0,25.93115605767717,13.08951281182515,32.72378202956288,49.50532289456263,29.846526439759245,0.0,14.699729192551434,0.0,12.841643245852019,58.902807653213166,0.0,0.0,0.0,0.0,0.0,0.0,0.0,128.98170025972743,23.97268592035911,0.0,12.841643245852019,0.0,0.0,0.0,0.0,196.22,56.02555206340954,23.97268592035911,0.0,32.72378202956288,12.841643245852019,0.0,9.799819461700956,4.899909730850478,0.0,0.0,25.532636974203527,0.0,0.0,58.10542828455353,44.228402364461296,0.0,-5.79330186962041,0.0,0.6424724951709078,-1.3496679412320034,0.0,0.6875,29,5,13,0,0,0,0,0,0,0,0,0,8,5,13,0,18,0,0,0,0,0,12.897447254630928,0,-1.9043999999999937,96.73300000000008,5,0,0,0,0,0,0,0,5,5,5,0,0,0,0,3,0,0,0,0,0,0,0,0,0,0,0,0,0,0,0,0,0,0,0,0,0,0,0,0,0,0,0,0,0,0,0,0,0,0,0,0,0,0,0,0,0,0,0,0,0,0,0,0,0,0,0,0,0,0,0,0,0,0,0,0,0,0,0,0,0,0,0,0,0,0,0,0,0,0,0,0,0,0,0,0,0,0,0,0,0,0,0,0,0,0,0,0,0,0,0,0,0,0,0,0,0,0,0,0,0,0,0,0,0,0,0,0,0,1,0,0,0,0,0,0,0,0,0,0,0,0,0,0,0,0,0,0,0,0,0,0,0,0,0,0,0,0,0,0,0,0,0,0,0,0,0,0,0,0,0,0,0,0,0,0,0,0,0,0,0,0,0,0,0,0,0,0,0,0,0,1,0,0,0,0,0,0,0,0,0,0,0,0,0,0,0,0,0,1,0,0,0,0,0,1,0,0,0,0,0,0,0,0,0,0,0,0,0,0,0,0,0,1,0,0,0,0,0,0,0,0,0,0,0,0,0,0,0,0,0,0,13.0
12.093326425711508,12.093326425711508,0.1222343213529109,-1.1130912007810292,0.11411353732052593,11.114285714285714,503.5970000000004,462.26900000000035,503.2955132719999,202,0,0.3172172485442638,-0.48028580497400253,0.48028580497400253,0.3172172485442638,0.5428571428571428,0.8571428571428571,1.1714285714285715,16.373485021622045,10.297392801044134,2.1924013707614654,-2.275727405423692,1.9762553544253187,-2.4697224479875812,5.791411787319336,-0.14057827949823057,2.7414505334041452,5.003794714650672,582.4237512704517,26.63961743368831,20.831124743117275,20.831124743117275,16.56498836331191,11.926578310087145,11.926578310087145,8.285686257661716,8.285686257661716,4.980937321442807,4.980937321442807,3.1646483867395907,3.1646483867395907,-2.7700000000000005,15234953.39126552,32.22999999999999,19.5271868782427,19.250567749358638,205.9725725647914,25.95315939253478,0.0,0.0,11.814359458703011,0.0,17.90791586385555,38.67241511291054,0.0,0.0,0.0,26.689117645233267,12.841643245852019,39.26853843547545,32.72378202956288,39.292268104881224,29.72227532255856,0.0,25.333306400564094,0.0,39.53076089108528,71.99232046503832,0.0,0.0,0.0,10.633577208012662,0.0,0.0,0.0,131.73390716467048,23.97268592035911,0.0,39.53076089108528,0.0,0.0,0.0,0.0,179.82,17.90791586385555,29.079213315199816,0.0,70.71716711191618,13.08951281182515,25.683286491704038,14.699729192551434,0.0,13.847474399381248,10.633577208012662,10.213054789681411,0.0,0.0,62.26634501136458,33.015769490310774,0.0,-3.956188762669642,0.0,3.4228050370806056,4.084602557247015,0.0,0.7727272727272727,35,5,13,0,0,0,2,0,0,0,0,0,8,5,13,0,22,0,0,0,0,0,17.98174951673606,0,-1.0211999999999906,128.0628000000001,3,0,0,0,0,0,0,0,3,3,5,2,0,0,0,3,2,0,0,0,0,0,0,0,0,0,0,2,0,0,0,0,0,0,0,0,0,0,0,0,0,0,0,0,0,0,0,0,0,0,0,0,0,0,0,0,0,0,0,0,0,0,0,0,0,0,0,0,0,0,0,0,0,0,0,0,0,0,0,0,0,0,0,2,0,0,0,0,0,0,0,0,0,0,0,0,0,0,0,0,0,0,0,0,0,0,0,0,0,0,0,0,0,0,0,0,0,0,0,0,0,0,0,0,0,0,0,0,0,1,0,0,0,0,0,0,0,0,0,0,0,0,0,0,0,0,0,0,0,0,0,0,0,0,0,0,0,0,0,0,0,0,0,0,0,0,0,0,0,0,0,0,0,0,0,0,0,0,0,0,0,0,0,0,0,0,0,0,0,0,0,1,0,0,0,0,0,0,0,0,0,0,0,0,0,0,0,0,0,1,0,0,0,0,0,1,0,0,0,0,0,0,0,0,0,0,0,0,0,0,0,0,0,1,0,0,0,0,0,0,0,0,0,0,0,0,0,0,0,0,0,0,15.9
11.987594978194517,11.987594978194517,0.0791205452339454,-0.0791205452339454,0.2926603530227898,18.125,456.5920000000003,416.2720000000002,456.3172517599999,184,0,0.23342290099224228,-0.3580627320060118,0.3580627320060118,0.23342290099224228,0.4375,0.59375,0.71875,16.156307094316052,10.276002627600398,2.2025786725307572,-2.330793326214138,2.0113600822762576,-2.506472424684796,5.784927085725514,-0.12402640372879525,2.791006012043727,2.9853898072534637,456.8457306866737,23.932510652501765,19.907128918093854,19.907128918093854,15.302794010781957,11.025443335502873,11.025443335502873,7.797296827873291,7.797296827873291,5.514031046549025,5.514031046549025,3.339629710619013,3.339629710619013,-2.28,6609548.797481472,27.75364737550471,15.510561473782932,11.370446891066681,190.5521918632566,21.267154416025324,0.0,0.0,23.628718917406022,0.0,0.0,38.777787659689196,0.0,0.0,0.0,0.0,0.0,80.54873917800936,26.1790256236503,19.178148736287287,23.628718917406022,0.0,40.86679333942723,0.0,0.0,106.72776480165967,0.0,0.0,0.0,21.267154416025324,0.0,0.0,0.0,149.95612264246765,19.178148736287287,0.0,0.0,0.0,0.0,0.0,0.0,129.35999999999999,0.0,19.178148736287287,0.0,49.80774454105632,52.358051247300594,0.0,0.0,28.19068793070876,19.599638923401912,21.267154416025324,0.0,0.0,0.0,56.102909412232165,10.610661668429456,0.0,-0.3164821809357816,0.0,0.0,5.842356582210478,6.427221184730342,0.8,32,4,12,0,1,1,4,0,0,0,0,0,8,4,12,1,8,0,1,1,0,0,13.452332929358128,1,-3.807999999999997,122.02680000000008,0,0,0,0,0,0,0,0,0,0,4,4,0,0,0,4,4,0,0,4,0,0,0,0,0,0,0,4,0,0,0,0,0,0,0,0,0,0,0,0,0,0,0,0,0,0,0,0,0,0,0,0,0,0,0,0,0,0,0,0,0,0,0,0,0,0,0,0,0,0,0,0,0,0,0,0,0,0,0,0,0,0,0,0,0,0,0,0,0,0,0,0,0,0,0,0,0,0,0,0,0,0,0,0,0,0,0,0,0,0,0,0,0,0,0,0,0,0,0,0,0,0,0,0,0,0,0,0,0,1,0,0,0,0,0,0,0,0,0,0,0,0,0,0,0,0,0,0,0,0,0,0,0,0,0,0,0,0,0,0,0,0,0,0,0,0,0,0,0,0,0,0,0,0,0,0,0,0,0,0,0,0,0,0,0,0,1,0,0,0,0,1,0,0,0,0,0,0,0,0,0,0,0,0,0,1,0,0,0,1,0,0,0,0,0,1,0,0,0,0,0,0,1,0,0,0,0,0,0,0,0,0,0,1,0,0,0,0,0,0,0,0,0,0,0,0,0,0,0,0,1,0,13.54
12.036944377385641,12.036944377385641,0.011978914844174682,-1.2380188956243978,0.062002562571206975,12.945945945945946,539.5390000000004,502.2430000000004,539.2438716239998,214,0,0.31721724854434097,-0.48028580497400253,0.48028580497400253,0.31721724854434097,0.5405405405405406,0.8378378378378378,1.135135135135135,16.374799727875434,10.304544275300882,2.1991437752195786,-2.276724438617886,1.9749399093223658,-2.4772376238543368,5.792159338119384,-0.1406011601905428,2.8064495427895277,5.085594426814014,636.8268714730222,28.380104409694468,20.36046610112326,20.36046610112326,17.352682063546617,11.294211221097498,11.294211221097498,8.15962315113899,8.15962315113899,4.767148821257494,4.767148821257494,2.9478745386563325,2.9478745386563325,-2.9300000000000006,34217523.792479604,34.07,19.217066399628585,18.92636867791923,212.4196233447822,46.379268971897595,0.0,0.0,11.814359458703011,0.0,17.90791586385555,38.67241511291054,0.0,0.0,0.0,0.0,0.0,39.26853843547545,58.14547873408531,59.71837768424404,29.72227532255856,0.0,25.333306400564094,0.0,12.207932775496605,85.20608439406416,0.0,0.0,0.0,10.633577208012662,0.0,0.0,0.0,177.58171344855572,23.97268592035911,0.0,0.0,0.0,0.0,0.0,0.0,260.73999999999995,74.77824124481872,39.292268104881224,0.0,52.358051247300594,0.0,0.0,14.699729192551434,0.0,0.0,10.633577208012662,20.426109579362823,0.0,0.0,61.559680254136225,68.30302753731486,0.0,-4.926935188513401,0.0,-2.3638759577958446,-4.071896645141839,0.0,0.75,37,9,17,0,0,0,2,0,0,0,2,0,12,9,17,0,22,0,0,0,0,2,17.695282492847184,0,-5.915000000000004,124.43200000000007,3,4,4,0,0,0,0,0,3,3,5,2,0,0,0,3,2,0,0,0,0,0,0,0,0,0,0,2,0,0,0,0,0,0,0,0,0,0,0,0,0,0,0,0,0,0,0,0,0,0,0,0,0,0,0,0,0,0,0,0,0,0,0,0,0,0,0,0,0,0,0,0,0,0,0,0,0,0,0,0,0,0,0,0,0,0,0,0,0,0,0,0,0,0,0,0,0,0,0,0,0,0,0,0,0,0,0,0,0,0,0,0,0,0,0,0,0,0,0,0,0,0,0,0,0,0,0,0,0,1,0,0,0,0,0,0,0,0,0,0,0,0,0,0,0,0,0,0,0,0,0,0,0,0,0,0,0,0,0,0,0,0,0,0,0,0,0,0,0,0,0,0,0,0,0,0,0,0,0,0,0,0,0,0,0,0,0,0,0,0,0,1,0,0,0,0,0,0,0,0,0,0,0,0,0,0,0,0,0,1,0,0,0,0,0,1,0,0,0,0,0,0,0,0,0,0,0,0,0,0,0,0,0,1,0,0,0,0,0,0,0,0,0,0,0,0,0,0,0,0,0,0,15.32
11.069759490215839,11.069759490215839,0.07579270597127752,-1.178277202728862,0.6374371164128219,10.6,345.31100000000004,330.1910000000001,345.0960852,130,0,0.35398933624966866,-0.48028555306610504,0.48028555306610504,0.35398933624966866,0.8,1.24,1.6,16.372777734917555,10.220315599620276,2.1487330284905686,-2.193377700179437,2.0905022392060593,-2.2963365833551665,5.851765222463024,-0.13817375290651338,2.5426033620133577,2.1994565263274337,716.6302493010206,18.396976746569035,12.993448403088738,12.993448403088738,11.846244348298507,7.174997361488569,7.174997361488569,5.177535126511724,5.177535126511724,3.181841679019087,3.181841679019087,2.190697542878618,2.190697542878618,-3.33,292030.7091440442,18.015106103198324,7.973574745443346,5.358056546015961,141.7445472007564,15.319582184522117,11.387855989696922,0.0,0.0,0.0,17.90791586385555,9.694446914922299,19.55703141003806,0.0,0.0,12.13273413692322,24.26546827384644,13.08951281182515,17.932612395609496,29.703193736737582,17.90791586385555,0.0,14.867866772744893,0.0,13.08951281182515,6.544756405912575,59.173914390163496,0.0,0.0,0.0,0.0,0.0,0.0,54.64012122703513,17.884049995896973,0.0,32.36478634753749,36.39820241076966,0.0,0.0,0.0,140.92,17.90791586385555,14.383611552215466,0.0,31.022125207434648,11.387855989696922,0.0,29.165378004696915,12.13273413692322,0.0,9.967957041894417,15.319582184522117,0.0,0.0,42.40882820794007,26.99630607222848,0.4894698817696661,-3.4363892715029074,8.892225396790693,0.0,-0.1837736205593341,0.0,0.1875,25,3,9,0,0,0,0,0,2,2,0,0,6,3,9,2,8,0,0,0,0,0,5.745791802437778,2,0.9597999999999998,84.14240000000007,1,0,0,0,2,2,0,0,3,3,3,0,0,0,0,3,0,0,0,0,0,0,0,0,0,0,0,0,0,0,0,0,0,0,0,0,0,0,0,0,0,0,0,0,0,0,0,0,0,0,0,0,0,0,0,0,0,0,0,0,0,0,0,0,0,0,0,0,0,0,0,0,0,2,0,0,0,0,0,0,0,0,0,0,0,0,0,0,0,0,0,0,0,0,0,0,0,0,0,0,0,0,0,0,0,0,0,0,0,0,0,0,0,0,0,0,0,0,0,0,0,0,0,0,0,0,0,0,0,1,0,0,0,0,0,0,0,0,0,0,0,0,0,0,0,0,0,0,0,0,0,0,0,0,0,0,0,0,0,0,0,0,0,0,0,0,0,0,0,0,0,0,0,0,0,0,0,0,0,0,0,0,0,0,0,0,0,0,0,0,0,1,0,0,0,0,0,0,0,0,0,0,0,0,0,0,0,0,0,1,0,0,0,0,0,1,0,0,0,0,0,0,0,0,0,0,0,0,0,0,0,0,0,1,0,0,0,0,0,0,0,0,0,0,0,0,0,0,0,0,0,0,16.2
12.128042246952859,12.128042246952859,0.013191818264245647,-1.2366283780743361,0.08042590868384517,10.794871794871796,563.5610000000004,526.2650000000004,563.2438716239999,222,0,0.3248957948788072,-0.48028580497400253,0.48028580497400253,0.3248957948788072,0.5384615384615384,0.8461538461538461,1.1538461538461537,16.536733743236148,10.317106890840096,2.200418932554993,-2.2751969182592364,1.9742580656648552,-2.4743050485396787,5.839162650685353,-0.14385401425238142,2.819088557788379,5.105226034910024,739.8949464100461,29.794317972067564,22.04990434259963,22.04990434259963,18.352682063546617,12.027531941391043,12.027531941391043,8.042175206709175,8.042175206709175,4.746379389578939,4.746379389578939,3.1210232319288425,3.1210232319288425,-3.830000000000001,85937727.0714579,35.17,20.173062057450842,19.885654912372082,224.5227072238927,35.42688530013488,13.08951281182515,0.0,11.814359458703011,0.0,29.846526439759245,48.261489481054184,0.0,0.0,0.0,0.0,13.847474399381248,26.1790256236503,45.93754595858871,58.35506838062496,41.660885898462254,0.0,25.333306400564094,0.0,13.847474399381248,85.20608439406416,0.0,0.0,0.0,10.633577208012662,0.0,0.0,0.0,156.88628166959998,43.035486196102845,0.0,13.847474399381248,0.0,0.0,0.0,0.0,232.41999999999996,87.4741807398503,38.66828768334346,0.0,39.392789552676135,0.0,0.0,14.699729192551434,13.847474399381248,0.0,10.633577208012662,19.68678069728151,9.391549212279491,0.0,84.69297514193931,32.194071326096456,0.0,-6.290344488104575,0.0,0.0,0.17841547445598693,0.0,0.6818181818181818,39,5,17,0,0,0,2,0,0,0,0,0,12,5,17,0,22,0,0,0,0,0,18.191963911808873,0,-3.495199999999995,131.51280000000008,3,0,0,0,0,0,0,0,3,3,7,4,0,0,0,3,2,0,0,0,0,0,0,0,0,0,0,2,0,0,0,0,0,0,0,0,0,0,0,0,2,2,0,0,0,0,0,0,0,0,0,0,0,0,0,0,0,0,0,0,0,0,0,0,0,0,0,0,0,0,0,0,0,0,0,0,0,0,0,0,0,0,0,0,0,0,0,0,0,0,0,0,0,0,0,0,0,0,0,0,0,0,0,0,0,0,0,0,0,0,0,0,0,0,0,0,0,0,0,0,0,0,0,0,0,0,0,0,0,1,0,0,0,0,0,0,0,0,0,0,0,0,0,0,0,0,0,0,0,0,0,0,0,0,0,0,0,0,0,0,0,0,0,0,0,0,0,0,0,0,0,0,0,0,0,0,0,0,0,0,0,0,0,0,0,0,0,0,0,0,0,1,0,0,0,0,0,0,0,0,0,0,0,0,0,0,0,0,0,1,0,0,0,0,0,1,0,0,0,0,0,0,0,0,0,0,0,0,0,0,0,0,0,1,0,0,0,0,0,0,0,0,0,0,0,0,0,0,0,0,0,0,16.7
11.330417066011611,11.330417066011611,0.07834876716730976,-1.1372931988374184,0.3296189280088651,18.0,481.5060000000003,450.25800000000027,481.217262952,188,0,0.3539893362336732,-0.4802858049740186,0.4802858049740186,0.3539893362336732,0.6470588235294118,1.0294117647058822,1.3823529411764706,16.376217199692455,10.235403320452416,2.2022133111064184,-2.325773504901599,2.06851588866267,-2.479069235376271,5.847242367154375,-0.14031082093910807,2.743225040769155,2.1960358529764274,790.1949948497507,25.087211190881018,18.875247703162522,18.875247703162522,16.117101296127604,10.861101057859038,10.861101057859038,8.1051243872099,8.1051243872099,5.417910963407803,5.417910963407803,3.700753932008992,3.700753932008992,-3.1300000000000003,17077870.681007233,27.117081585067357,13.546335370129963,10.207768548380601,196.3466518670326,20.426109579362823,5.693927994848461,0.0,0.0,0.0,23.877221151807397,33.983250475617375,9.77851570501903,0.0,0.0,6.06636706846161,12.13273413692322,58.902807653213166,25.328197212586186,39.60425831565011,23.877221151807397,0.0,24.58361744434912,0.0,6.544756405912575,71.99232046503832,29.58695719508175,0.0,0.0,0.0,0.0,0.0,0.0,140.8792686405577,20.92836795812804,0.0,16.182393173768745,18.19910120538483,0.0,0.0,0.0,175.05,23.877221151807397,39.60425831565011,0.0,25.328197212586186,64.59673564806162,0.0,6.06636706846161,26.832463329474653,4.899909730850478,4.9839785209472085,0.0,0.0,0.0,56.39300466339513,36.948871599645926,0.45794443221120695,-4.134787667459717,4.705767366980668,0.0,2.629199605226772,0.0,0.5714285714285714,34,4,13,0,1,1,0,0,1,1,0,0,9,4,13,2,9,0,1,1,0,0,10.804031806191112,2,-1.2447999999999935,118.70070000000008,3,0,0,0,1,1,0,0,4,4,4,0,0,0,0,5,0,0,0,0,0,0,0,0,0,0,0,0,0,0,0,0,0,0,0,0,0,0,0,0,0,0,0,0,0,0,0,0,0,0,0,0,0,0,0,0,0,0,0,0,0,0,0,0,0,0,0,0,0,0,0,0,0,1,0,0,0,0,0,0,0,0,0,0,0,0,0,0,0,0,0,0,0,0,0,0,0,0,0,0,0,0,0,0,0,0,0,0,0,0,0,0,0,0,0,0,0,0,0,0,0,0,0,0,0,0,0,0,0,1,0,0,0,0,0,0,0,0,0,0,0,0,0,0,0,0,0,0,0,0,0,0,0,0,0,0,0,0,0,0,0,0,0,0,0,0,0,0,0,0,0,0,0,0,0,0,0,0,0,0,0,0,0,0,0,0,1,0,0,0,0,1,0,0,0,0,0,0,0,0,0,0,0,0,0,1,0,0,0,1,0,0,0,0,0,1,0,0,0,0,0,0,1,0,0,0,0,0,0,0,0,0,0,1,0,0,0,0,0,0,0,0,0,0,0,0,0,0,0,0,1,0,23.31
11.10984154660742,11.10984154660742,0.16080293308783555,-0.9915257306626353,0.47189098014445297,20.444444444444443,391.4210000000002,362.18900000000014,391.195464888,156,0,0.31720498989224494,-0.48028580497401846,0.48028580497401846,0.31720498989224494,0.5555555555555556,0.8518518518518519,1.1481481481481481,16.52194828034123,10.33106243888665,2.168848127769909,-2.275709661202947,1.9802826457152598,-2.4430476560326433,5.694389736685709,-0.14022886488061773,2.5666805592756488,2.737389375742922,406.9546635134158,20.07070333293597,15.416911180744185,15.416911180744185,12.863081100704113,8.844603433256346,8.844603433256346,6.234404116336588,6.234404116336588,4.017225979375314,4.017225979375314,2.6585721594024756,2.6585721594024756,-1.79,537627.1766681145,23.24966679888933,13.389289535462812,12.260392371508201,157.58141061659265,24.793308092122217,0.0,0.0,0.0,0.0,17.90791586385555,29.083340744766897,0.0,0.0,0.0,0.0,0.0,39.26853843547545,46.06179707578939,39.17691964433768,17.90791586385555,0.0,14.699729192551434,0.0,0.0,85.33033551126485,0.0,0.0,0.0,0.0,0.0,0.0,0.0,133.257562752194,23.85733745981556,0.0,0.0,0.0,0.0,0.0,0.0,140.07999999999998,17.90791586385555,14.383611552215466,0.0,19.634269217737724,65.69606629352711,0.0,0.0,14.699729192551434,0.0,0.0,24.793308092122217,10.858548962794995,0.0,38.19995780208463,27.161559724934335,0.0,-2.9199190077265476,0.0,0.0,3.199852517912582,0.0,0.8125,27,3,11,0,1,1,0,0,0,0,0,0,8,3,11,1,6,0,1,1,0,0,11.529500754569112,1,-1.8069999999999928,93.86540000000005,3,0,0,0,0,0,0,0,3,3,3,0,0,0,0,3,0,0,0,0,0,0,0,0,0,0,0,0,0,0,0,0,0,0,0,0,0,0,0,0,0,2,0,0,0,0,0,0,0,0,0,0,0,0,0,0,0,0,0,0,0,0,0,0,0,0,0,0,0,0,0,0,0,0,0,0,0,0,0,0,0,0,0,0,0,0,0,0,0,0,0,0,0,0,0,0,0,0,0,0,0,0,0,0,0,0,0,0,0,0,0,0,0,0,0,0,0,0,0,0,0,0,0,0,0,0,0,0,0,1,0,0,0,0,0,0,0,0,0,0,0,0,0,0,0,0,0,0,0,0,0,0,0,0,0,0,0,0,0,0,0,0,0,0,0,0,0,0,0,0,0,0,0,0,0,0,0,0,0,0,0,0,0,0,0,0,0,0,0,0,0,1,0,0,0,0,0,0,0,0,0,0,0,0,0,1,0,0,0,1,0,0,0,0,0,1,0,0,0,0,0,0,1,0,0,0,0,0,0,0,0,0,0,1,0,0,0,0,0,0,0,0,0,0,0,0,0,0,0,0,1,0,9.98
11.491046137871532,11.491046137871532,0.009627490277500428,-1.3169285243137427,0.1002919628761039,11.973684210526315,542.4980000000004,512.2580000000004,542.1860224,210,0,0.31722812040756004,-0.48028580844214497,0.48028580844214497,0.31722812040756004,0.7105263157894737,1.131578947368421,1.5526315789473684,16.628444028170936,10.026637727399429,2.2678464408861654,-2.3359148055663845,2.16283900548843,-2.500499765224675,5.729923413013351,-0.38445081228975914,2.761406083205315,3.1514705513368275,918.2573837450757,28.827698166887174,20.340479550560264,20.340479550560264,17.75983570621944,11.274615031744789,11.274615031744789,8.454503875800038,8.454503875800038,5.305818186180808,5.305818186180808,3.8352540316142054,3.8352540316142054,-4.15,61318944.01620793,31.879542097488923,15.851689878212223,13.239021552679539,215.9817329441515,25.532636974203527,0.0,0.0,0.0,5.687386274683562,29.846526439759245,48.786733381676115,0.0,0.0,0.0,12.13273413692322,18.405094737549014,37.80884418380891,37.64709307838054,54.428633943380305,35.533912714442806,0.0,14.699729192551434,0.0,18.88348407499998,52.358051247300594,39.94323803430901,0.0,0.0,0.0,5.687386274683562,0.0,0.0,133.40209573178046,30.393507543285118,10.114318268765572,11.984273114623004,24.26546827384644,0.0,0.0,0.0,239.35999999999999,73.53546034728775,49.406586373646796,0.0,38.16329873827331,5.563451491696996,9.799819461700956,29.165378004696915,0.0,0.0,0.0,10.213054789681411,0.0,0.0,70.40207967967461,56.88935584054234,0.3368072593568985,-6.3425540398241305,4.5007179288564565,0.2031543343921587,-2.9895610029983293,0.0,0.5,38,5,16,0,0,0,0,1,0,1,1,0,10,5,16,0,20,0,0,0,0,1,13.298542494442254,1,-0.7749999999999928,127.83740000000012,5,0,0,0,0,0,0,0,5,5,5,0,0,0,0,4,0,0,0,0,0,0,0,0,0,0,0,0,0,0,0,0,0,0,1,0,0,0,0,0,0,0,0,0,0,0,0,0,0,0,0,0,0,0,0,0,0,0,1,1,1,0,0,0,0,0,0,0,0,0,0,0,0,0,0,0,0,0,0,0,0,0,0,0,0,0,0,0,0,0,0,0,0,0,0,0,0,0,0,0,0,0,0,0,0,0,0,0,0,0,0,0,0,0,0,0,0,0,0,0,0,0,0,0,0,0,0,0,0,1,0,0,0,0,0,0,0,0,0,0,0,0,0,0,0,0,0,0,0,0,0,0,0,0,0,0,0,0,0,0,0,0,0,0,0,0,0,0,0,0,0,0,0,0,0,0,0,0,0,0,0,0,0,0,0,0,0,0,0,0,0,1,0,0,0,0,0,0,0,0,0,0,0,0,0,0,0,0,0,1,0,0,0,0,0,1,0,0,0,0,0,0,0,0,0,0,0,0,0,0,0,0,0,1,0,0,0,0,0,0,0,0,0,0,0,0,0,0,0,0,0,0,19.2
11.13847884518719,11.13847884518719,0.035024708949026095,-1.0401396312102957,0.6717052072669188,17.25,444.48800000000017,416.2640000000002,444.200884616,172,0,0.3539893362337702,-0.4765093145705068,0.4765093145705068,0.3539893362337702,0.71875,1.09375,1.4375,16.480319043939947,10.248291003097279,2.133815150922533,-2.256046003271492,2.0698398718251494,-2.354688414544096,5.851352111321628,0.033590009545547285,2.769720851947437,1.5141990792823028,785.611978390104,22.760937777247953,17.85144416185843,17.85144416185843,15.50804039084698,10.497096864343147,10.497096864343147,7.4156751559213925,7.4156751559213925,5.030384185640751,5.030384185640751,3.3502607298888374,3.3502607298888374,-2.9200000000000004,13971624.181097282,23.737041487157317,12.202071167096001,7.6463597313635265,185.95953701058414,19.68678069728151,11.387855989696922,0.0,0.0,0.0,11.938610575903699,9.799819461700956,19.55703141003806,0.0,0.0,12.13273413692322,24.26546827384644,39.26853843547545,37.81538384774859,29.275855065425155,11.938610575903699,0.0,19.76777650359537,0.0,13.08951281182515,52.606553481701965,59.173914390163496,0.0,0.0,0.0,0.0,0.0,0.0,94.52599535088245,22.56323871942525,0.0,32.36478634753749,36.39820241076966,0.0,0.0,0.0,125.32000000000002,11.938610575903699,9.589074368143644,0.0,11.387855989696922,77.08392228322404,0.0,12.13273413692322,12.13273413692322,12.13273413692322,19.76777650359537,19.68678069728151,11.626022507768539,0.0,34.925224449716765,18.25182610907885,1.4575690144210074,-2.080279262420591,9.988136413682097,0.0,5.831500767753336,0.0,0.45454545454545453,32,2,10,0,1,1,0,0,2,2,0,0,8,2,10,3,6,0,1,1,0,0,9.05128342258137,3,1.2240000000000002,114.58460000000008,0,0,0,0,2,2,0,0,2,2,2,0,0,0,0,4,0,0,0,0,0,0,0,0,0,0,0,0,0,0,0,0,0,0,0,0,0,0,0,0,0,2,0,0,0,0,0,0,0,0,0,0,0,0,0,0,0,0,0,0,0,0,0,0,0,0,0,0,0,0,0,0,0,2,0,0,0,0,0,0,0,0,0,0,0,0,0,0,0,0,0,0,0,0,0,0,0,0,0,0,0,0,0,0,0,0,0,0,0,0,0,0,0,0,0,0,0,0,0,0,0,0,0,0,0,0,0,0,0,1,0,0,0,0,0,0,0,0,0,0,0,0,0,0,0,0,0,0,0,0,0,0,0,0,0,0,0,0,0,0,0,0,0,0,0,0,0,0,0,0,0,0,0,0,0,0,0,0,0,0,0,0,0,0,0,0,1,0,0,0,0,1,0,0,0,0,0,0,0,0,0,0,0,0,0,1,0,0,0,1,0,0,0,0,0,1,0,0,0,0,0,0,1,0,0,0,0,0,0,0,0,0,0,1,0,0,0,0,0,0,0,0,0,0,0,0,0,0,0,0,1,0,18.82
11.682521132572262,11.682521132572262,0.030171170319979845,-1.2979752621383212,0.1458793492597643,22.147058823529413,494.5420000000002,456.23800000000034,494.2587934159998,198,0,0.3228240686630805,-0.4800099204895611,0.4800099204895611,0.3228240686630805,0.6176470588235294,0.8823529411764706,1.088235294117647,16.380101881191123,10.161252068280385,2.317641387014195,-2.3779749951410944,2.096936825039467,-2.561595037435492,5.741706242260491,-0.14837506904971384,2.7402681177904085,3.270694272052484,569.5278502336547,25.83613433532446,19.4387768728882,19.4387768728882,16.047350273106876,11.187090414965946,11.187090414965946,8.367364724684641,8.367364724684641,5.974467955296101,5.974467955296101,4.041238379302552,4.041238379302552,-1.9100000000000001,12160389.176666256,30.121162355874105,15.160450590470514,9.38427909173105,197.75085729415272,35.745691763884935,18.12552248744388,0.0,0.0,0.0,17.90791586385555,33.983250475617375,0.0,0.0,0.0,0.0,6.923737199690624,58.902807653213166,25.924612281287057,50.1293033161004,17.90791586385555,0.0,19.599638923401912,0.0,31.15322607488281,78.72345354675193,0.0,0.0,0.0,0.0,0.0,0.0,0.0,176.20618897308648,14.383611552215466,0.0,6.923737199690624,0.0,0.0,0.0,0.0,205.77999999999997,61.95805063258648,50.1293033161004,0.0,45.81329484138802,13.08951281182515,0.0,14.699729192551434,6.923737199690624,4.899909730850478,0.0,0.0,0.0,0.0,41.2958482927347,67.30305001843317,0.0,-3.7621699268677995,-3.7463579370632045,-0.7014802199831063,0.94444310607956,0.0,0.85,34,7,14,0,1,1,0,0,0,0,4,0,11,7,14,1,11,0,1,1,0,4,13.430893930110877,1,-4.074699999999988,118.36860000000007,3,4,4,0,0,0,0,0,3,3,3,0,0,1,0,4,0,0,0,0,0,0,0,0,0,0,0,0,0,0,0,0,0,0,0,0,0,0,0,0,0,0,0,0,0,0,0,0,0,0,0,0,0,0,0,0,0,0,0,0,0,0,0,0,0,0,0,0,0,0,0,0,0,0,0,0,0,0,0,0,0,0,0,0,0,0,0,0,0,0,0,0,0,0,0,0,0,0,0,0,0,0,0,0,0,0,0,0,0,0,0,0,0,0,0,0,0,0,0,0,0,0,0,0,0,0,0,0,0,1,0,0,0,0,0,0,0,0,0,0,0,0,0,0,0,0,0,0,0,0,0,0,0,0,0,0,0,0,0,0,0,0,0,0,0,0,0,0,0,0,0,0,0,0,0,0,0,0,0,0,0,0,0,0,0,0,1,0,0,0,0,1,0,0,0,0,0,0,0,0,0,0,0,0,0,1,0,0,0,1,0,0,0,0,0,1,0,0,0,0,0,0,1,0,0,0,0,0,0,0,0,0,0,1,0,0,0,0,0,0,0,0,0,0,0,0,0,0,0,0,1,0,19.4
11.782462747746493,11.782462747746493,0.0723386444670715,-1.0670043170313732,0.3160970963820363,17.89189189189189,515.5230000000004,486.29100000000034,515.201612888,198,0,0.31722534965810717,-0.48028580397362647,0.48028580397362647,0.31722534965810717,0.8648648648648649,1.4324324324324325,2.027027027027027,16.628365315292193,10.0231105286289,2.2689722125944174,-2.3546571948799984,2.1843621085387936,-2.4966174210999186,5.6960755574840825,-0.38444984786604947,2.8031046946370526,1.9900777896302317,1079.276326063849,26.949018510446813,20.101713400514914,20.101713400514914,17.58342779131639,11.610383677137222,11.610383677137222,8.933735166926114,8.933735166926114,6.007502037632824,6.007502037632824,4.377701533639187,4.377701533639187,-3.94,92211133.8583185,27.64432956102635,12.850242785317912,8.897703629252954,212.24630592996346,15.319582184522117,0.0,0.0,0.0,5.687386274683562,17.90791586385555,44.181637534479684,0.0,0.0,0.0,18.19910120538483,24.117007251546227,50.89835699563405,35.94543625625232,34.626504785555255,23.59530213853911,0.0,19.68370771349864,0.0,25.55217526389912,39.26853843547545,69.53019522939076,0.0,0.0,0.0,5.687386274683562,0.0,0.0,103.14489607531739,33.89394598696663,10.114318268765572,16.95130748139392,42.46456947923127,0.0,0.0,0.0,177.64999999999998,28.87306774182118,39.817512005503154,0.0,58.045437521984155,17.80867761262293,5.563451491696996,12.13273413692322,45.031564534859484,0.0,4.9839785209472085,0.0,0.0,0.0,55.00753448395222,39.52502220333668,1.860028086979539,-3.1447076332190864,10.75761784362007,0.30548041593180475,0.18902459939877514,0.0,0.4166666666666667,37,3,13,0,1,1,0,1,1,2,1,2,9,3,13,2,9,0,0,0,0,1,9.60098233774404,3,0.7745000000000037,129.85980000000006,3,0,0,0,0,1,0,0,3,3,3,0,0,0,0,5,0,0,0,0,0,0,0,0,0,0,0,0,0,0,0,0,0,0,1,0,2,0,0,0,0,0,0,0,0,0,0,0,0,0,0,0,0,0,0,0,0,0,1,1,1,0,0,0,0,0,0,0,0,0,0,0,0,1,0,0,0,0,0,0,0,0,0,0,0,0,0,0,0,0,0,0,0,0,0,0,0,0,0,0,0,0,0,0,0,0,0,0,0,0,0,0,0,0,0,0,0,0,0,0,0,0,0,0,0,0,0,0,0,1,0,0,0,0,0,0,0,0,0,0,0,0,0,0,0,0,0,0,0,0,0,0,0,0,0,0,0,0,0,0,0,0,0,0,0,0,0,0,0,0,0,0,0,0,0,0,0,0,0,0,0,0,0,0,0,0,1,0,0,0,0,1,0,0,0,0,0,0,0,0,0,0,0,0,0,1,0,0,0,1,0,0,0,0,0,1,0,0,0,0,0,0,1,0,0,0,0,0,0,0,0,0,0,1,0,0,0,0,0,0,0,0,0,0,0,0,0,0,0,0,1,0,19.42
12.348718190980097,12.348718190980097,0.0789151077097503,-1.2200923301419329,0.5282408642449221,10.375,338.3160000000001,320.1720000000001,338.1114009159999,130,0,0.32271243204081784,-0.48028566224894564,0.48028566224894564,0.32271243204081784,0.75,1.25,1.7083333333333333,16.37522698580418,10.168296766326694,2.2060787467754164,-2.2468615253482067,2.05004063944128,-2.435912670827928,5.953456410556889,-0.14239228659797926,2.495299500731484,2.802349456426438,557.3156906826097,18.11251969619286,12.791346391236111,12.791346391236111,11.290601455632679,7.013406376314612,7.013406376314612,4.984603799404948,4.984603799404948,3.037953156747716,3.037953156747716,2.037705088126087,2.037705088126087,-2.94,126481.74109307746,19.107483380816713,9.255532026118555,6.879873227596702,137.26433914623632,20.219491915372593,6.544756405912575,0.0,0.0,5.907179729351506,17.90791586385555,24.07805846713776,0.0,0.0,0.0,18.19910120538483,12.13273413692322,18.652964303522147,13.08951281182515,34.4977309208094,23.815095593207054,0.0,9.799819461700956,0.0,0.0,32.72378202956288,35.89528683400505,0.0,0.0,0.0,0.0,0.0,0.0,81.65827926899301,14.383611552215466,0.0,10.357988675768818,30.33183534230805,0.0,0.0,0.0,135.45000000000002,43.44936481094477,19.178148736287287,0.0,13.08951281182515,5.563451491696996,9.799819461700956,12.13273413692322,18.19910120538483,0.0,0.0,15.319582184522117,0.0,0.0,46.96320497804264,26.510812911635426,0.29330477870160454,-4.169684024589326,8.035070240689379,0.0,-1.799375551146384,0.0,0.3333333333333333,24,3,9,0,0,0,1,1,0,1,0,0,5,3,9,0,10,0,0,0,0,0,7.368746848736547,1,-0.31539999999999796,81.69290000000004,3,0,0,0,0,0,0,0,3,3,4,1,0,0,0,2,0,0,0,0,0,0,0,0,0,0,0,1,0,0,0,0,0,0,1,0,0,0,0,0,0,0,0,0,0,0,0,0,0,0,0,0,0,0,0,0,0,0,0,0,0,0,0,0,0,0,0,0,0,0,0,0,0,0,0,0,0,0,0,0,0,0,0,0,0,0,0,0,0,0,0,0,0,0,0,0,0,0,0,0,0,0,0,0,0,0,0,0,0,0,0,0,0,0,0,0,0,0,0,0,0,0,0,0,0,0,0,0,0,1,0,0,0,0,0,0,0,0,0,0,0,0,0,0,0,0,0,0,0,0,0,0,0,0,0,0,0,0,0,0,0,0,0,0,0,0,0,0,0,0,0,0,0,0,0,0,0,0,0,0,0,0,0,0,0,0,0,0,0,0,0,1,0,0,0,0,0,0,0,0,0,0,0,0,0,0,0,0,0,1,0,0,0,0,0,1,0,0,0,0,0,0,0,0,0,0,0,0,0,0,0,0,0,1,0,0,0,0,0,0,0,0,0,0,0,0,0,0,0,0,0,0,12.4
11.142341197953225,11.142341197953225,0.18950277876684796,-1.0171121504157214,0.3412903535373391,19.586206896551722,418.4470000000003,388.20700000000016,418.20636391999994,166,0,0.31720436546187014,-0.480285809442321,0.480285809442321,0.31720436546187014,0.4482758620689655,0.6551724137931034,0.8620689655172413,16.376362435696436,10.281848126817652,2.19388172313469,-2.2766690106491434,2.020708238028938,-2.4441160237729274,5.698231911930767,-0.14028604035613243,2.590359663783906,2.915542498254754,486.24156472329054,21.811190308942123,16.403090081280236,16.403090081280236,13.650774800938818,9.419870526502791,9.419870526502791,7.033099050519939,7.033099050519939,4.581518687373236,4.581518687373236,3.2112699102462106,3.2112699102462106,-2.2800000000000002,1110062.3688792998,24.757425149700598,13.03792456837053,12.004412230032491,168.43485179441868,20.426109579362823,0.0,0.0,0.0,0.0,23.877221151807397,38.777787659689196,0.0,0.0,0.0,0.0,6.4208216229260096,52.358051247300594,26.1790256236503,39.60425831565011,23.877221151807397,0.0,19.599638923401912,0.0,6.4208216229260096,78.5370768709509,0.0,0.0,0.0,0.0,0.0,0.0,0.0,142.4400465255231,19.178148736287287,0.0,6.4208216229260096,0.0,0.0,0.0,0.0,162.16,23.877221151807397,19.178148736287287,0.0,26.1790256236503,58.7788728702266,0.0,0.0,19.599638923401912,0.0,0.0,20.426109579362823,0.0,0.0,51.207962668469946,36.44325128946299,0.0,-4.017323580666834,0.0,0.5401003086419754,1.9926759807585923,0.0,0.7647058823529411,29,4,12,0,1,1,0,0,0,0,0,0,8,4,12,1,8,0,1,1,0,0,11.130532469271582,1,-2.0634999999999923,100.92020000000008,4,0,0,0,0,0,0,0,4,4,4,0,0,0,0,4,0,0,0,0,0,0,0,0,0,0,0,0,0,0,0,0,0,0,0,0,0,0,0,0,0,0,0,0,0,0,0,0,0,0,0,0,0,0,0,0,0,0,0,0,0,0,0,0,0,0,0,0,0,0,0,0,0,0,0,0,0,0,0,0,0,0,0,0,0,0,0,0,0,0,0,0,0,0,0,0,0,0,0,0,0,0,0,0,0,0,0,0,0,0,0,0,0,0,0,0,0,0,0,0,0,0,0,0,0,0,0,0,0,1,0,0,0,0,0,0,0,0,0,0,0,0,0,0,0,0,0,0,0,0,0,0,0,0,0,0,0,0,0,0,0,0,0,0,0,0,0,0,0,0,0,0,0,0,0,0,0,0,0,0,0,0,0,0,0,0,1,0,0,0,0,1,0,0,0,0,0,0,0,0,0,0,0,0,0,1,0,0,0,1,0,0,0,0,0,1,0,0,0,0,0,0,1,0,0,0,0,0,0,0,0,0,0,1,0,0,0,0,0,0,0,0,0,0,0,0,0,0,0,0,1,0,19.17
11.02085692256518,11.02085692256518,0.12202536730945845,-0.9641966385319563,0.4718909801444529,20.444444444444443,391.4210000000002,362.18900000000014,391.19546488799995,156,0,0.31720561443246625,-0.480285801509221,0.480285801509221,0.31720561443246625,0.5555555555555556,0.8148148148148148,1.0740740740740742,16.479553129198322,10.359174035254076,2.155097680040506,-2.2517362834422787,1.9716911360942955,-2.417247401988242,5.693301663539069,-0.1399914470627496,2.5601818719241565,2.661696172116454,406.9546635134158,20.070703332935963,15.416911180744185,15.416911180744185,12.863081100704113,8.844603433256346,8.844603433256346,6.234404116336588,6.234404116336588,4.016466831877036,4.016466831877036,2.645176651350841,2.645176651350841,-1.79,534238.2715781576,23.24966679888933,13.389289535462812,12.260392371508201,157.5814106165927,24.793308092122217,0.0,0.0,0.0,0.0,17.90791586385555,29.083340744766897,0.0,0.0,0.0,0.0,0.0,39.26853843547545,46.06179707578939,39.17691964433768,17.90791586385555,0.0,14.699729192551434,0.0,0.0,85.33033551126485,0.0,0.0,0.0,0.0,0.0,0.0,0.0,133.257562752194,23.85733745981556,0.0,0.0,0.0,0.0,0.0,0.0,140.07999999999998,17.90791586385555,14.383611552215466,0.0,19.634269217737724,65.69606629352711,0.0,0.0,14.699729192551434,0.0,0.0,24.793308092122217,11.014010875955321,0.0,38.04839691672797,27.02544538131257,0.0,-2.8652608234651895,0.0,0.0,3.2774076494693376,0.0,0.8125,27,3,11,0,1,1,0,0,0,0,0,0,8,3,11,1,6,0,1,1,0,0,11.529500754569112,1,-1.8069999999999937,93.86540000000007,3,0,0,0,0,0,0,0,3,3,3,0,0,0,0,3,0,0,0,0,0,0,0,0,0,0,0,0,0,0,0,0,0,0,0,0,0,0,0,0,0,2,0,0,0,0,0,0,0,0,0,0,0,0,0,0,0,0,0,0,0,0,0,0,0,0,0,0,0,0,0,0,0,0,0,0,0,0,0,0,0,0,0,0,0,0,0,0,0,0,0,0,0,0,0,0,0,0,0,0,0,0,0,0,0,0,0,0,0,0,0,0,0,0,0,0,0,0,0,0,0,0,0,0,0,0,0,0,0,1,0,0,0,0,0,0,0,0,0,0,0,0,0,0,0,0,0,0,0,0,0,0,0,0,0,0,0,0,0,0,0,0,0,0,0,0,0,0,0,0,0,0,0,0,0,0,0,0,0,0,0,0,0,0,0,0,0,0,0,0,0,1,0,0,0,0,0,0,0,0,0,0,0,0,0,1,0,0,0,1,0,0,0,0,0,1,0,0,0,0,0,0,1,0,0,0,0,0,0,0,0,0,0,1,0,0,0,0,0,0,0,0,0,0,0,0,0,0,0,0,1,0,17.3
10.145168178382464,10.145168178382464,0.5986111111111114,-1.2615740740740746,0.46957914776014226,9.923076923076923,191.13899999999998,182.06699999999998,191.042987008,74,0,0.3172319781276643,-0.4802855223837852,0.4802855223837852,0.3172319781276643,0.7692307692307693,1.0,1.1538461538461537,16.37797406261715,10.420060770625877,2.152534479100505,-2.1373777355680295,1.8733654569677836,-2.376045289780305,5.752283729750945,-0.14423502429332552,1.7997476689310048,4.095996370610992,170.03910001730776,10.430721420318147,6.634919596951065,6.634919596951065,5.913591357920934,3.292536298776067,3.292536298776067,2.326377671945253,2.326377671945253,1.0766015949162717,1.0766015949162717,0.7415663770650671,0.7415663770650671,-1.63,374.347515137649,11.370000000000001,5.09325152203915,6.755728061716491,73.19106282673529,15.319582184522117,0.0,0.0,0.0,0.0,17.90791586385555,19.28352128306594,0.0,0.0,0.0,0.0,0.0,0.0,19.634269217737724,29.703193736737582,17.90791586385555,0.0,4.899909730850478,0.0,0.0,19.634269217737724,0.0,0.0,0.0,0.0,0.0,0.0,0.0,57.76167699696586,14.383611552215466,0.0,0.0,0.0,0.0,0.0,0.0,115.14000000000001,37.542185081593274,14.383611552215466,0.0,0.0,0.0,4.899909730850478,0.0,0.0,0.0,0.0,15.319582184522117,0.0,0.0,31.234115646258502,24.846439909297054,0.0,-3.7847222222222223,0.0,0.0,-1.7958333333333343,0.0,0.5,13,3,7,0,0,0,0,0,0,0,0,0,4,3,7,0,6,0,0,0,0,0,4.454636138891165,0,-1.4577999999999993,39.3474,3,0,0,0,0,0,0,0,3,3,3,0,0,0,0,1,0,0,0,0,0,0,0,0,0,0,0,0,0,0,0,0,0,0,0,0,0,0,0,0,0,0,0,0,0,0,0,0,0,0,0,0,0,0,0,0,0,0,0,0,0,0,0,0,0,0,0,0,0,0,0,0,0,0,0,0,0,0,0,0,0,0,0,0,0,0,0,0,0,0,0,0,0,0,0,0,0,0,0,0,0,0,0,0,0,0,0,0,0,0,0,0,0,0,0,0,0,0,0,0,0,0,0,0,0,0,0,0,0,1,0,0,0,0,0,0,0,0,0,0,0,0,0,0,0,0,0,0,0,0,0,0,0,0,0,0,0,0,0,0,0,0,0,0,0,0,0,0,0,0,0,0,0,0,0,0,0,0,0,0,0,0,0,0,0,0,0,0,0,0,0,1,0,0,0,0,0,0,0,0,0,0,0,0,0,0,0,0,0,1,0,0,0,0,0,1,0,0,0,0,0,0,0,0,0,0,0,0,0,0,0,0,0,1,0,0,0,0,0,0,0,0,0,0,0,0,0,0,0,0,0,0,11.54
11.141456424290674,11.141456424290674,0.14427657254361792,-0.9816927204255845,0.3509558026049832,20.785714285714285,404.4640000000002,372.20800000000014,404.22709936399997,162,0,0.31720436546192304,-0.48028580497402645,0.48028580497402645,0.31720436546192304,0.6428571428571429,0.8928571428571429,1.1071428571428572,16.373401728797848,10.265318408612696,2.199264473979805,-2.3299280108814697,2.018690216100008,-2.487902818042441,5.694532785515861,-0.1403185854756454,2.5511232416549157,2.886728136070099,448.26677866967066,21.104083527755577,16.365085278819453,16.365085278819453,13.150774800938818,9.382383642328257,9.382383642328257,7.159288785576028,7.159288785576028,4.528846456725963,4.528846456725963,3.1830305025964125,3.1830305025964125,-1.79,676639.5196306166,24.24815337657383,12.62572355896969,11.143944024565505,164.2733296943749,20.426109579362823,0.0,0.0,0.0,0.0,17.90791586385555,33.983250475617375,0.0,0.0,0.0,0.0,6.923737199690624,58.902807653213166,25.73823560548603,34.809721131578286,17.90791586385555,0.0,19.599638923401912,0.0,13.027703587438927,78.5370768709509,0.0,0.0,0.0,0.0,0.0,0.0,0.0,142.57470762531952,14.383611552215466,0.0,6.923737199690624,0.0,0.0,0.0,0.0,145.08999999999997,24.01188225160385,19.49013894705617,0.0,19.634269217737724,58.902807653213166,0.0,0.0,21.623466392242058,4.899909730850478,0.0,15.319582184522117,0.0,0.0,40.594508002737555,37.08386011400858,0.0,-2.8861587908043536,0.0,-0.5557301190805881,5.096854126472148,0.0,0.8235294117647058,28,4,11,0,1,1,0,0,0,0,1,0,8,4,11,1,8,0,1,1,0,1,10.93394576243281,1,-2.157399999999992,100.34820000000006,3,1,1,0,0,0,0,0,3,3,3,0,0,1,0,4,0,0,0,0,0,0,0,0,0,0,0,0,0,0,0,0,0,0,0,0,0,0,0,0,0,0,0,0,0,0,0,0,0,0,0,0,0,0,0,0,0,0,0,0,0,0,0,0,0,0,0,0,0,0,0,0,0,0,0,0,0,0,0,0,0,0,0,0,0,0,0,0,0,0,0,0,0,0,0,0,0,0,0,0,0,0,0,0,0,0,0,0,0,0,0,0,0,0,0,0,0,0,0,0,0,0,0,0,0,0,0,0,0,1,0,0,0,0,0,0,0,0,0,0,0,0,0,0,0,0,0,0,0,0,0,0,0,0,0,0,0,0,0,0,0,0,0,0,0,0,0,0,0,0,0,0,0,0,0,0,0,0,0,0,0,0,0,0,0,0,1,0,0,0,0,1,0,0,0,0,0,0,0,0,0,0,0,0,0,1,0,0,0,1,0,0,0,0,0,1,0,0,0,0,0,0,1,0,0,0,0,0,0,0,0,0,0,1,0,0,0,0,0,0,0,0,0,0,0,0,0,0,0,0,1,0,24.5
11.514919153728123,11.514919153728123,0.054939793818761684,-1.2668334896324611,0.1425477279409022,12.0,527.5270000000004,494.2630000000003,527.2115088759998,206,0,0.31722812040761333,-0.4938897644338373,0.4938897644338373,0.31722812040761333,0.7027027027027027,1.135135135135135,1.5675675675675675,16.47643264734309,10.029312277130463,2.269832214665241,-2.3403361425780145,2.163089183480044,-2.5105520554562477,5.730361986235734,-0.14415628493251123,2.7572909506059236,3.2051971858197703,845.118322142196,27.957454678884098,20.485017664596448,20.485017664596448,17.387156906157266,11.385765923337994,11.385765923337994,8.254356772662288,8.254356772662288,5.176787708438117,5.176787708438117,3.734853840605759,3.734853840605759,-3.7500000000000004,42747274.23198585,31.280075187969924,16.084338791535,13.796121256391526,212.80724456555518,30.269499928003576,5.749511833283905,0.0,0.0,0.0,29.846526439759245,38.67241511291054,0.0,0.0,0.0,12.13273413692322,31.040744451236847,25.676110046885686,39.33066399407579,54.24218584836268,29.846526439759245,0.0,14.699729192551434,0.0,19.386399651764595,58.96493321181351,29.828919765543436,0.0,5.749511833283905,4.736862953800049,0.0,5.749511833283905,0.0,135.0856666474757,30.393507543285114,0.0,12.487188691387619,24.26546827384644,0.0,0.0,0.0,205.45,68.61214929847007,39.292268104881224,0.0,26.055090840663738,12.356393797796823,10.463361222547473,9.799819461700956,24.26546827384644,6.923737199690624,0.0,14.94991774348146,5.408494986297081,0.0,60.35569847448903,46.185150301113936,0.7248949468574293,-5.651218802466131,6.136048288784892,0.17762915196942974,-0.8366973470456598,0.0,0.5217391304347826,37,5,14,0,0,0,0,1,0,1,1,0,9,5,14,0,20,0,0,0,0,1,13.597819641837733,1,-0.6745999999999941,127.7350000000001,5,0,0,0,0,0,0,0,5,5,5,0,0,0,0,3,0,0,0,0,0,0,0,0,0,0,0,0,0,0,0,0,0,0,1,0,0,0,0,0,0,1,0,0,0,0,0,0,0,0,0,0,0,0,0,0,0,0,0,0,0,0,0,0,0,0,0,0,0,0,0,0,0,0,0,0,0,0,0,0,0,0,0,0,0,0,0,0,0,0,0,0,0,0,0,0,0,0,0,0,0,0,0,0,0,0,0,0,0,0,0,0,0,0,0,0,0,0,0,0,0,0,0,0,0,0,0,0,0,1,0,0,0,0,0,0,0,0,0,0,0,0,0,0,0,0,0,0,0,0,0,0,0,0,0,0,0,0,0,0,0,0,0,0,0,0,0,0,0,0,0,0,0,0,0,0,0,0,0,0,0,0,0,0,0,0,0,0,0,0,0,1,0,0,0,0,0,0,0,0,0,0,0,0,0,0,0,0,0,1,0,0,0,0,0,1,0,0,0,0,0,0,0,0,0,0,0,0,0,0,0,0,0,1,0,0,0,0,0,0,0,0,0,0,0,0,0,0,0,0,0,0,23.46
10.97907228940959,10.97907228940959,0.028534108087679977,-1.1650570381198089,0.429219287153178,10.916666666666666,340.3320000000001,320.1720000000001,340.1270509799999,132,0,0.3172181189754006,-0.5076238411400387,0.5076238411400387,0.3172181189754006,0.7916666666666666,1.25,1.75,16.37511457249366,10.158528013281344,2.1712236313320776,-2.246676535218001,2.1713433941269438,-2.4114974409707406,5.722017030088008,-0.14277229862175947,2.4476941972716557,2.7297881846143537,545.1559719507594,18.11251969619286,12.960068208269128,12.960068208269128,11.273764703227073,7.1457300543594595,7.1457300543594595,5.231237875368601,5.231237875368601,3.194624625967367,3.194624625967367,2.1701706086551966,2.1701706086551966,-2.65,116236.10204003639,19.396838407494148,9.480259511211893,7.563745287591165,137.89705079838856,20.426109579362823,5.749511833283905,0.0,0.0,0.0,17.90791586385555,24.18343101391642,0.0,0.0,0.0,18.19910120538483,6.06636706846161,25.19772070943472,19.634269217737724,34.809721131578286,17.90791586385555,0.0,9.799819461700956,0.0,6.544756405912575,32.72378202956288,29.828919765543436,0.0,5.749511833283905,0.0,0.0,5.749511833283905,0.0,80.85762693448221,20.92836795812804,0.0,5.563451491696996,24.26546827384644,0.0,0.0,0.0,138.61,30.997428675680702,19.49013894705617,0.0,31.928537456934205,5.563451491696996,0.0,15.866186530162565,18.19910120538483,0.0,0.0,15.319582184522117,0.0,0.0,35.21989893263702,36.35753165545373,0.5294158898127153,-3.37709841318427,6.475073442587421,0.0,-0.8714881739732929,0.0,0.4,24,4,9,0,0,0,0,1,0,1,0,0,6,4,9,0,11,0,0,0,0,0,7.6619609083369395,1,-0.24999999999999872,82.73120000000004,3,0,0,0,0,0,0,1,3,3,3,0,0,0,0,2,0,0,0,0,0,0,0,0,0,0,0,0,0,0,0,0,0,0,1,0,0,0,0,0,0,0,0,0,0,0,0,0,0,0,0,0,0,0,0,0,0,0,0,0,0,0,0,0,1,1,1,0,0,0,0,0,0,0,0,0,0,0,0,0,0,0,0,0,0,0,0,0,0,0,0,0,0,0,0,0,0,0,0,0,0,0,0,0,0,0,0,0,0,0,0,0,0,0,0,0,0,0,0,0,0,0,0,0,0,0,0,0,0,1,0,0,0,0,0,0,0,0,0,0,0,0,0,0,0,0,0,0,0,0,0,0,0,0,0,0,0,0,0,0,0,0,0,0,0,0,0,0,0,0,0,0,0,0,0,0,0,0,0,0,0,0,0,0,0,0,0,0,0,0,0,1,0,0,0,0,0,0,0,0,0,0,0,0,0,0,0,0,0,1,0,0,0,0,0,1,0,0,0,0,0,0,0,0,0,0,0,0,0,0,0,0,0,1,0,0,0,0,0,0,0,0,0,0,0,0,0,0,0,0,0,0,17.54
11.514919153728123,11.514919153728123,0.054939793818761684,-1.2668334896324611,0.1425477279409022,12.0,527.5270000000004,494.2630000000003,527.2115088759998,206,0,0.31722812040761333,-0.4938897644338373,0.4938897644338373,0.31722812040761333,0.7027027027027027,1.135135135135135,1.5675675675675675,16.47643264734309,10.029312277130463,2.269832214665241,-2.3403361425780145,2.163089183480044,-2.5105520554562477,5.730361986235734,-0.14415628493251123,2.7572909506059236,3.2051971858197703,845.118322142196,27.957454678884098,20.485017664596448,20.485017664596448,17.387156906157266,11.385765923337994,11.385765923337994,8.254356772662288,8.254356772662288,5.176787708438117,5.176787708438117,3.734853840605759,3.734853840605759,-3.7500000000000004,42747274.23198585,31.280075187969924,16.084338791535,13.796121256391526,212.80724456555518,30.269499928003576,5.749511833283905,0.0,0.0,0.0,29.846526439759245,38.67241511291054,0.0,0.0,0.0,12.13273413692322,31.040744451236847,25.676110046885686,39.33066399407579,54.24218584836268,29.846526439759245,0.0,14.699729192551434,0.0,19.386399651764595,58.96493321181351,29.828919765543436,0.0,5.749511833283905,4.736862953800049,0.0,5.749511833283905,0.0,135.0856666474757,30.393507543285114,0.0,12.487188691387619,24.26546827384644,0.0,0.0,0.0,205.45,68.61214929847007,39.292268104881224,0.0,26.055090840663738,12.356393797796823,10.463361222547473,9.799819461700956,24.26546827384644,6.923737199690624,0.0,14.94991774348146,5.408494986297081,0.0,60.35569847448903,46.185150301113936,0.7248949468574293,-5.651218802466131,6.136048288784892,0.17762915196942974,-0.8366973470456598,0.0,0.5217391304347826,37,5,14,0,0,0,0,1,0,1,1,0,9,5,14,0,20,0,0,0,0,0,13.597819641837733,1,-0.6745999999999941,127.7350000000001,5,0,0,0,0,0,0,0,5,5,5,0,0,0,0,3,0,0,0,0,0,0,0,0,0,0,0,0,0,0,0,0,0,0,1,0,0,0,0,0,0,1,0,0,0,0,0,0,0,0,0,0,0,0,0,0,0,0,0,0,0,0,0,0,0,0,0,0,0,0,0,0,0,0,0,0,0,0,0,0,0,0,0,0,0,0,0,0,0,0,0,0,0,0,0,0,0,0,0,0,0,0,0,0,0,0,0,0,0,0,0,0,0,0,0,0,0,0,0,0,0,0,0,0,0,0,0,0,0,1,0,0,0,0,0,0,0,0,0,0,0,0,0,0,0,0,0,0,0,0,0,0,0,0,0,0,0,0,0,0,0,0,0,0,0,0,0,0,0,0,0,0,0,0,0,0,0,0,0,0,0,0,0,0,0,0,0,0,0,0,0,1,0,0,0,0,0,0,0,0,0,0,0,0,0,0,0,0,0,1,0,0,0,0,0,1,0,0,0,0,0,0,0,0,0,0,0,0,0,0,0,0,0,1,0,0,0,0,0,0,0,0,0,0,0,0,0,0,0,0,0,0,23.46
10.776837145998973,10.776837145998973,0.08789737654320962,-0.8189889380708333,0.6041807060582162,20.857142857142858,406.4760000000003,372.2040000000002,406.23151604799995,164,0,0.3041432366573442,-0.4811950472734958,0.4811950472734958,0.3041432366573442,0.5714285714285714,0.8571428571428571,1.1071428571428572,16.52781590184509,10.342712318426146,2.0951385315918425,-2.2259312305633236,1.963318643383268,-2.343473450008645,5.666721219917335,-0.13808836005495057,2.652148192099556,2.365636185857293,332.8424910217125,20.45153670048945,16.552052623767775,16.552052623767775,13.575387400469408,9.7693363400099,9.7693363400099,6.420248402229631,6.420248402229631,4.235219913548947,4.235219913548947,2.5968824722851647,2.5968824722851647,-1.3000000000000003,1183971.995917084,24.737453183520596,16.636052371908452,14.720307907776208,165.82279578195653,29.160506604881608,0.0,0.0,0.0,0.0,11.938610575903699,19.388893829844598,0.0,0.0,0.0,0.0,0.0,39.26853843547545,65.69669896195535,38.74958097302525,11.938610575903699,0.0,9.799819461700956,0.0,12.841643245852019,92.1235941515788,0.0,0.0,0.0,0.0,0.0,0.0,0.0,124.0750789788649,28.536526183343838,0.0,12.841643245852019,0.0,0.0,0.0,0.0,118.0,11.938610575903699,9.589074368143644,0.0,12.841643245852019,92.1235941515788,0.0,0.0,0.0,9.799819461700956,0.0,29.160506604881608,22.22283581017347,0.0,25.580039171722383,17.706705312280057,0.0,-1.6379778761416661,0.0,0.17579475308641945,7.285936162212663,0.0,0.8888888888888888,28,2,10,0,1,1,0,0,0,0,0,0,8,2,10,1,6,0,1,1,0,0,14.697627382452932,1,-0.380199999999995,100.66160000000008,2,0,0,0,0,0,0,0,2,2,2,0,0,0,0,2,0,0,0,0,0,0,0,0,0,0,0,0,0,0,0,0,0,0,0,0,0,0,0,0,0,4,0,0,0,0,0,0,0,0,0,0,0,0,0,0,0,0,0,0,0,0,0,0,0,0,0,0,0,0,0,0,0,0,0,0,0,0,0,0,0,0,0,0,0,0,0,0,0,0,0,0,0,0,0,0,0,0,0,0,0,0,0,0,0,0,0,0,0,0,0,0,0,0,0,0,0,0,0,0,0,0,0,0,0,0,0,0,0,1,0,0,0,0,0,0,0,0,0,0,0,0,0,0,0,0,0,0,0,0,0,0,0,0,0,0,0,0,0,0,0,0,0,0,0,0,0,0,0,0,0,0,0,0,0,0,0,0,0,0,0,0,0,0,0,0,0,0,0,0,0,1,0,0,0,0,0,0,0,0,0,0,0,0,0,1,0,0,0,1,0,0,0,0,0,1,0,0,0,0,0,0,1,0,0,0,0,0,0,0,0,0,0,1,0,0,0,0,0,0,0,0,0,0,0,0,0,0,0,0,1,0,7.02
11.013489132720734,11.013489132720734,0.010390946502057519,-0.8767053384459584,0.42769623097626913,19.6,433.5020000000003,398.2220000000002,433.24241508,174,0,0.30414323044822184,-0.481195047306332,0.481195047306332,0.30414323044822184,0.5333333333333333,0.8333333333333334,1.1333333333333333,16.521839199905074,10.277548133978701,2.1497141151780395,-2.291212701651825,2.010033831018603,-2.4224078916908875,5.67019682715689,-0.138240456080832,2.6878820648165846,2.733875044989441,446.26677866967066,22.19202367649561,17.538231524303825,17.538231524303825,14.363081100704113,10.344603433256344,10.344603433256344,7.180882860561269,7.180882860561269,4.866314293607388,4.866314293607388,3.0424619132761213,3.0424619132761213,-1.79,2502144.038373629,26.245448422545195,15.971894589712372,14.233331485696997,176.6762369597825,29.69321782297269,0.0,0.0,0.0,0.0,17.90791586385555,24.18343101391642,0.0,0.0,0.0,0.0,0.0,58.902807653213166,45.6899927268297,39.17691964433768,17.90791586385555,0.0,14.699729192551434,0.0,19.26246486877803,85.33033551126485,0.0,0.0,0.0,0.0,0.0,0.0,0.0,133.257562752194,23.85733745981556,0.0,19.26246486877803,0.0,0.0,0.0,0.0,140.07999999999998,17.90791586385555,14.383611552215466,0.0,19.26246486877803,85.33033551126485,0.0,0.0,0.0,14.699729192551434,0.0,24.793308092122217,11.123252791780931,0.0,38.90923127122782,26.97793410794722,0.0,-2.604454270510365,0.0,0.06833375946623832,6.525702340088163,0.0,0.8421052631578947,30,3,11,0,1,1,0,0,0,0,0,0,8,3,11,1,9,0,1,1,0,0,13.972984522154157,1,-0.6366999999999943,107.71640000000009,3,0,0,0,0,0,0,0,3,3,3,0,0,0,0,3,0,0,0,0,0,0,0,0,0,0,0,0,0,0,0,0,0,0,0,0,0,0,0,0,0,2,0,0,0,0,0,0,0,0,0,0,0,0,0,0,0,0,0,0,0,0,0,0,0,0,0,0,0,0,0,0,0,0,0,0,0,0,0,0,0,0,0,0,0,0,0,0,0,0,0,0,0,0,0,0,0,0,0,0,0,0,0,0,0,0,0,0,0,0,0,0,0,0,0,0,0,0,0,0,0,0,0,0,0,0,0,0,0,1,0,0,0,0,0,0,0,0,0,0,0,0,0,0,0,0,0,0,0,0,0,0,0,0,0,0,0,0,0,0,0,0,0,0,0,0,0,0,0,0,0,0,0,0,0,0,0,0,0,0,0,0,0,0,0,0,0,0,0,0,0,1,0,0,0,0,0,0,0,0,0,0,0,0,0,1,0,0,0,1,0,0,0,0,0,1,0,0,0,0,0,0,1,0,0,0,0,0,0,0,0,0,0,1,0,0,0,0,0,0,0,0,0,0,0,0,0,0,0,0,1,0,16.57
11.035352208784747,11.035352208784747,0.08514172335600922,-0.9301085495926766,0.4936592178016043,19.428571428571427,302.3310000000001,280.15500000000003,302.159019804,120,0,0.31720436546186676,-0.48028580497401857,0.48028580497401857,0.31720436546186676,0.7142857142857143,1.0,1.2380952380952381,16.370094814292496,10.36584712746594,2.1931840516967958,-2.230855139886292,2.002734573755935,-2.4145117322295877,5.75479755650801,-0.13962978837286533,2.4218386811158186,2.681215959020966,291.17595007788486,15.828062645816686,11.902124148759937,11.902124148759937,9.863081100704113,6.754971231721929,6.754971231721929,5.082233544448742,5.082233544448742,3.294544605816173,3.294544605816173,2.2612407067002445,2.2612407067002445,-1.71,28655.195274962367,17.341840331778126,8.548817253274432,7.588539785463711,122.44020864480918,15.946722266843596,0.0,0.0,5.907179729351506,0.0,11.938610575903699,29.083340744766897,0.0,0.0,0.0,0.0,0.0,39.26853843547545,19.634269217737724,24.596666341896878,17.845790305255207,0.0,14.699729192551434,5.733667477162185,0.0,58.902807653213166,0.0,0.0,0.0,5.733667477162185,0.0,0.0,0.0,101.66138194070125,14.383611552215466,0.0,0.0,0.0,0.0,0.0,0.0,127.41,17.845790305255207,14.383611552215466,0.0,19.634269217737724,39.26853843547545,0.0,0.0,9.799819461700956,4.899909730850478,0.0,15.946722266843596,0.0,0.0,37.98370401864449,17.767466826236667,5.187162488452171,-2.3150170068027203,0.0,0.0,2.8766836734693872,0.0,0.75,21,4,9,0,1,1,1,0,0,0,0,0,6,3,9,1,6,0,1,1,0,0,7.059629706277868,1,-2.4394999999999945,73.78600000000003,2,0,0,0,0,0,0,0,2,2,3,1,0,0,0,3,0,1,0,0,0,0,0,0,0,0,0,1,0,0,0,0,0,0,0,0,0,0,0,0,0,0,0,0,0,0,0,0,0,0,0,0,0,0,0,0,0,0,0,0,0,0,0,0,0,0,0,0,0,0,0,1,0,0,0,0,0,0,0,0,0,0,0,0,0,0,0,0,0,0,0,0,0,0,0,0,0,0,0,0,0,0,0,0,0,0,0,0,0,0,0,0,0,0,0,0,0,0,0,0,0,0,0,0,0,0,0,0,0,1,0,0,0,0,0,0,0,0,0,0,0,0,0,0,0,0,0,0,0,0,0,0,0,0,0,0,0,0,0,0,0,0,0,0,0,0,0,0,0,0,0,0,0,0,0,0,0,0,0,0,0,0,0,0,0,0,1,0,0,0,0,1,0,0,0,0,0,0,0,0,0,0,0,0,0,1,0,0,0,1,0,0,0,0,0,1,0,0,0,0,0,0,1,0,0,0,0,0,0,0,0,0,0,1,0,0,0,0,0,0,0,0,0,0,0,0,0,0,0,0,1,0,11.9
11.153054220433924,11.153054220433924,0.17827836770612748,-1.6205449338954032,0.24625792541460897,20.033333333333335,434.4460000000003,404.2060000000002,434.2012785399999,172,0,0.33337126709257076,-0.48028580497402645,0.48028580497402645,0.33337126709257076,0.5666666666666667,0.8333333333333334,1.0666666666666667,16.40142147888784,10.25210023968945,2.2238864227465243,-2.32919376081016,2.022792047041298,-2.4945553021584708,5.718390760607931,-0.14731671095693444,2.6188074790847344,2.9483833697228907,530.5873848810925,22.681433796945203,16.720547164783273,16.720547164783273,14.061458403461778,9.521439450715356,9.521439450715356,7.164302863459382,7.164302863459382,4.722619444647731,4.722619444647731,3.1320236863942146,3.1320236863942146,-2.3200000000000003,1706750.1607289359,25.716127167630056,13.077273599726006,11.017004881874856,173.22908554661467,25.532636974203527,0.0,6.103966387748303,0.0,0.0,23.877221151807397,33.983250475617375,4.794537184071822,0.0,0.0,0.0,0.0,58.902807653213166,19.634269217737724,44.71078571049081,23.877221151807397,0.0,19.599638923401912,0.0,6.103966387748303,78.5370768709509,0.0,0.0,0.0,0.0,0.0,0.0,0.0,153.65054030811206,19.178148736287287,0.0,0.0,0.0,0.0,0.0,0.0,182.38999999999996,29.981187539555698,24.28467613112799,0.0,78.5370768709509,0.0,0.0,0.0,19.599638923401912,0.0,0.0,20.426109579362823,0.0,0.0,50.93451690680323,46.00327624732581,0.0,-4.505578454480177,0.0,-1.6205449338954032,1.18833023424654,0.0,0.7647058823529411,30,5,13,0,1,1,0,0,0,0,1,0,9,5,13,1,9,0,1,1,0,1,11.20989436321484,1,-3.092699999999992,102.31000000000007,4,1,1,0,0,0,0,0,4,4,4,0,0,1,0,4,0,0,0,0,0,0,0,0,0,0,0,0,0,0,0,0,0,0,0,0,0,0,0,0,0,0,0,0,0,0,0,0,0,0,0,0,0,0,0,0,0,0,0,0,0,0,0,0,0,0,0,0,0,0,0,0,0,0,0,0,0,0,0,0,0,0,0,0,0,0,0,0,0,0,0,0,0,0,0,0,0,0,0,0,0,0,0,0,0,0,0,0,0,0,0,0,0,0,0,0,0,0,0,0,0,0,0,0,0,0,0,0,0,1,0,0,0,0,0,0,0,0,0,0,0,0,0,0,0,0,0,0,0,0,0,0,0,0,0,0,0,0,0,0,0,0,0,0,0,0,0,0,0,0,0,0,0,0,0,0,0,0,0,0,0,0,0,0,0,0,1,0,0,0,0,1,0,0,0,0,0,0,0,0,0,0,0,0,0,1,0,0,0,1,0,0,0,0,0,1,0,0,0,0,0,0,1,0,0,0,0,0,0,0,0,0,0,1,0,0,0,0,0,0,0,0,0,0,0,0,0,0,0,0,1,0,19.26
11.080954223976168,11.080954223976168,0.10704336209792609,-1.1643049371658958,0.18371520068621527,12.242424242424242,469.49100000000027,438.2430000000003,469.2060295719999,184,0,0.3172181189740957,-0.4802856684573587,0.4802856684573587,0.3172181189740957,0.6666666666666666,1.121212121212121,1.5454545454545454,16.37888211979048,10.055310374396356,2.2236484095964237,-2.3288816331630446,2.2021090230370968,-2.43020174842596,5.726875611101207,-0.14356117834405938,2.705031245447788,2.9355269087861933,702.5616326071516,24.80275414050484,18.24587135285835,18.24587135285835,15.61629995832817,10.33699314578108,10.33699314578108,7.494841806738821,7.494841806738821,4.856634523936077,4.856634523936077,3.490817393805591,3.490817393805591,-3.0599999999999996,8223294.986161275,27.973400133600535,14.89907944715759,11.940894390310296,190.80229300721135,25.532636974203527,0.0,0.0,0.0,0.0,23.877221151807397,33.87787792883872,0.0,0.0,0.0,30.33183534230805,11.984273114623004,26.1790256236503,38.82774841731118,44.71078571049081,23.877221151807397,0.0,14.699729192551434,0.0,12.462662452073971,58.96493321181351,35.89528683400505,0.0,0.0,0.0,0.0,0.0,0.0,123.07452053037592,19.178148736287287,0.0,18.026113943770966,30.33183534230805,0.0,0.0,0.0,179.14999999999998,56.09808760460565,24.28467613112799,0.0,26.241151182250643,12.965578028838586,5.563451491696996,9.799819461700956,12.13273413692322,23.099010936235306,0.0,20.426109579362823,0.0,0.0,48.559088227304386,46.127412938443705,0.801802983539095,-4.627481164703317,8.606188936575771,0.3767407564877807,-1.1770860109807602,0.0,0.5238095238095238,33,5,12,0,0,0,0,1,0,1,1,0,8,5,12,0,18,0,0,0,0,1,12.629633666595247,1,-0.6454999999999937,115.88200000000003,4,1,1,0,0,0,0,0,4,4,4,0,0,0,0,3,0,0,0,0,0,0,0,0,0,0,0,0,0,0,0,0,0,0,1,0,0,0,0,0,0,0,0,0,0,0,0,0,0,0,0,0,0,0,0,0,0,0,0,0,0,0,0,0,0,0,0,0,0,0,0,0,0,0,0,0,0,0,0,0,0,0,0,0,0,0,0,0,0,0,0,0,0,0,0,0,0,0,0,0,0,0,0,0,0,0,0,0,0,0,0,0,0,0,0,0,0,0,0,0,0,0,0,0,0,0,0,0,0,1,0,0,0,0,0,0,0,0,0,0,0,0,0,0,0,0,0,0,0,0,0,0,0,0,0,0,0,0,0,0,0,0,0,0,0,0,0,0,0,0,0,0,0,0,0,0,0,0,0,0,0,0,0,0,0,0,0,0,0,0,0,1,0,0,0,0,0,0,0,0,0,0,0,0,0,0,0,0,0,1,0,0,0,0,0,1,0,0,0,0,0,0,0,0,0,0,0,0,0,0,0,0,0,1,0,0,0,0,0,0,0,0,0,0,0,0,0,0,0,0,0,0,17.16
12.060387856431433,12.060387856431433,0.1133491591080873,-1.1244517464291104,0.2631964824730944,20.258064516129032,443.4570000000003,414.2250000000002,443.201612888,174,0,0.3172172485480121,-0.48028580497400253,0.48028580497400253,0.3172172485480121,0.6774193548387096,1.0,1.3548387096774193,16.37346963196499,10.319209114896966,2.1924665649873782,-2.2743946768175616,1.973637220319166,-2.4675725776203232,5.794709602662995,-0.14056867741974247,2.6403110238404546,2.948047858965043,592.9494616147807,23.22540387131522,17.15739815675034,17.15739815675034,14.650774800938818,9.66219466197511,9.66219466197511,6.958232287730065,6.958232287730065,4.276770221957101,4.276770221957101,2.867668230432243,2.867668230432243,-3.0300000000000002,2965153.7697255933,26.005752592062922,14.058661364778311,12.996821535785427,178.81736992149146,25.95315939253478,0.0,0.0,11.814359458703011,0.0,17.90791586385555,38.672415112910535,0.0,0.0,0.0,12.152040213667762,0.0,39.26853843547545,32.72378202956288,39.292268104881224,29.72227532255856,0.0,25.333306400564094,0.0,0.0,71.99232046503832,12.152040213667762,0.0,0.0,10.633577208012662,0.0,0.0,0.0,131.73390716467048,23.97268592035911,0.0,0.0,12.152040213667762,0.0,0.0,0.0,179.82,42.811788134383704,23.97268592035911,0.0,58.902807653213166,0.0,0.0,14.699729192551434,12.152040213667762,0.0,10.633577208012662,15.319582184522117,0.0,0.0,61.811618078649516,32.53650126326131,0.0,-4.14208776940018,0.0,3.252804877868911,-0.6255031170462262,0.0,0.6111111111111112,31,5,13,0,1,1,2,0,0,0,0,0,8,5,13,1,6,0,0,0,0,0,11.793744168645755,1,-3.0515999999999925,107.38680000000006,3,0,0,0,0,0,0,0,3,3,5,2,0,0,0,3,2,0,0,0,0,0,0,0,0,0,0,2,0,0,0,0,0,0,0,0,0,0,0,0,0,0,0,0,0,0,0,0,0,0,0,0,0,0,0,0,0,0,0,0,0,0,0,0,0,0,0,0,0,0,0,0,0,0,0,0,0,0,0,0,0,0,0,0,0,0,0,0,0,0,0,0,0,0,0,0,0,0,0,0,0,0,0,0,0,0,0,0,0,0,0,0,0,0,0,0,0,0,0,0,0,0,0,0,0,0,0,0,0,1,0,0,0,0,0,0,0,0,0,0,0,0,0,0,0,0,0,0,0,0,0,0,0,0,0,0,0,0,0,0,0,0,0,0,0,0,0,0,0,0,0,0,0,0,0,0,0,0,0,0,0,0,0,0,0,0,0,0,0,0,0,1,0,0,0,0,0,0,0,0,0,0,0,0,0,1,0,0,0,1,0,0,0,0,0,1,0,0,0,0,0,0,1,0,0,0,0,0,0,0,0,0,0,1,0,0,0,0,0,0,0,0,0,0,0,0,0,0,0,0,1,0,15.56
11.193660633637549,11.193660633637549,0.10466913531255395,-1.1844724636110662,0.23611480177529887,11.028571428571428,490.4690000000002,464.2610000000003,490.1699784119999,188,0,0.35398933624182033,-0.4802856756004184,0.4802856756004184,0.35398933624182033,0.6857142857142857,1.0857142857142856,1.4285714285714286,16.47524964539912,10.249627985699043,2.148807795020664,-2.217141901783237,2.0611327267269934,-2.346879509801399,5.851835026488969,-0.13894550793189528,2.778387274813281,1.880076255315474,920.703309049718,25.794317972067564,18.739906080949115,18.739906080949115,16.63393804853321,10.48231526230389,10.48231526230389,7.459793977189182,7.459793977189182,4.644413729788054,4.644413729788054,3.1316711096121947,3.1316711096121947,-3.94,30611026.276393615,27.305640484602907,13.690904629990577,10.247000955422449,199.76333463908603,25.162972533162872,11.387855989696922,0.0,0.0,0.0,23.877221151807397,19.388893829844598,19.55703141003806,0.0,0.0,12.13273413692322,24.26546827384644,26.1790256236503,37.691132730547906,44.341121269450156,23.877221151807397,0.0,19.76777650359537,0.0,13.08951281182515,39.392789552676135,59.173914390163496,0.0,0.0,0.0,0.0,0.0,0.0,103.46389678744174,27.415450133768843,0.0,32.36478634753749,36.39820241076966,0.0,0.0,0.0,190.68999999999997,23.877221151807397,19.178148736287287,0.0,63.870158354198196,11.387855989696922,0.0,34.06528773554739,12.13273413692322,0.0,9.967957041894417,25.162972533162872,5.558854035441337,0.0,55.60600975662012,36.42974169098197,0.5107459271614121,-4.502067547462428,8.927358864935226,0.0,0.3026906056556964,0.0,0.36363636363636365,35,4,13,0,0,0,0,0,2,2,0,0,9,4,13,2,16,0,0,0,0,0,10.681111992443087,2,0.36300000000000304,119.03720000000007,2,0,0,0,2,2,0,0,4,4,4,0,0,0,0,4,0,0,0,0,0,0,0,0,0,0,0,0,0,0,0,0,0,0,0,0,0,0,0,0,0,1,0,0,0,0,0,0,0,0,0,0,0,0,0,0,0,0,0,0,0,0,0,0,0,0,0,0,0,0,0,0,0,2,0,0,0,0,0,0,0,0,0,0,0,0,0,0,0,0,0,0,0,0,0,0,0,0,0,0,0,0,0,0,0,0,0,0,0,0,0,0,0,0,0,0,0,0,0,0,0,0,0,0,0,0,0,0,0,1,0,0,0,0,0,0,0,0,0,0,0,0,0,0,0,0,0,0,0,0,0,0,0,0,0,0,0,0,0,0,0,0,0,0,0,0,0,0,0,0,0,0,0,0,0,0,0,0,0,0,0,0,0,0,0,0,0,0,0,0,0,1,0,0,0,0,0,0,0,0,0,0,0,0,0,0,0,0,0,1,0,0,0,0,0,1,0,0,0,0,0,0,0,0,0,0,0,0,0,0,0,0,0,1,0,0,0,0,0,0,0,0,0,0,0,0,0,0,0,0,0,0,20.5
11.867464425384906,11.867464425384906,0.04561835637260225,-1.326842979284358,0.14035526670861842,12.083333333333334,513.5000000000003,482.25200000000035,513.1958588119999,200,0,0.32284871995784054,-0.48028580497399603,0.48028580497399603,0.32284871995784054,0.6666666666666666,1.1388888888888888,1.6388888888888888,16.47856851704297,10.19960753405955,2.2822789360181766,-2.304031165391044,2.0661577082760685,-2.5035009104192216,5.755224170468851,-0.1494386228294425,2.763831053083592,2.852859363278037,820.0491033297038,27.08721119088101,19.562367933786074,19.562367933786074,16.972142005984736,10.87939998252905,10.87939998252905,7.886995234625895,7.886995234625895,4.96395573375947,4.96395573375947,3.324852624999996,3.324852624999996,-3.5899999999999994,30684627.22819308,30.440854674483184,16.149691542587853,13.33659376880627,206.44230245115858,30.269499928003576,6.041840829147961,0.0,0.0,0.0,29.846526439759245,38.67241511291054,0.0,0.0,0.0,30.33183534230805,5.563451491696996,26.1790256236503,39.392789552676135,54.24218584836268,29.846526439759245,0.0,14.699729192551434,0.0,12.648722793660879,58.96493321181351,35.89528683400505,0.0,0.0,0.0,0.0,0.0,0.0,135.0856666474757,35.316430838672076,0.0,5.563451491696996,30.33183534230805,0.0,0.0,0.0,205.44999999999996,62.0673928925575,39.292268104881224,0.0,39.392789552676135,0.0,15.36327095339795,4.899909730850478,24.26546827384644,6.06636706846161,0.0,14.94991774348146,5.4889291911555755,0.0,60.06034169370358,46.05120203056468,0.7975302423823698,-6.336021050443291,7.624667304585977,0.0,-2.8533160786155545,0.0,0.5,36,5,14,0,0,0,0,1,0,1,1,0,9,5,14,0,20,0,0,0,0,0,13.655844813490194,1,-1.0991999999999915,122.51800000000007,5,0,0,0,0,0,0,0,5,5,5,0,0,0,0,3,0,0,0,0,0,0,0,0,0,0,0,0,0,0,0,0,0,0,1,0,0,0,0,0,0,1,0,0,0,0,0,0,0,0,0,0,0,0,0,0,0,0,0,0,0,0,0,0,0,0,0,0,0,0,0,0,0,0,0,0,0,0,0,0,0,0,0,0,0,0,0,0,0,0,0,0,0,0,0,0,0,0,0,0,0,0,0,0,0,0,0,0,0,0,0,0,0,0,0,0,0,0,0,0,0,0,0,0,0,0,0,0,0,1,0,0,0,0,0,0,0,0,0,0,0,0,0,0,0,0,0,0,0,0,0,0,0,0,0,0,0,0,0,0,0,0,0,0,0,0,0,0,0,0,0,0,0,0,0,0,0,0,0,0,0,0,0,0,0,0,0,0,0,0,0,1,0,0,0,0,0,0,0,0,0,0,0,0,0,0,0,0,0,1,0,0,0,0,0,1,0,0,0,0,0,0,0,0,0,0,0,0,0,0,0,0,0,1,0,0,0,0,0,0,0,0,0,0,0,0,0,0,0,0,0,0,22.58
12.03394702855707,12.03394702855707,0.13136574074074048,-1.1135793545813393,0.2854588460023599,19.6,431.44600000000025,402.2140000000002,431.20161288799994,170,0,0.3172172485442638,-0.48028580497400253,0.48028580497400253,0.3172172485442638,0.6666666666666666,1.0,1.3666666666666667,16.373467254166457,10.30162983546982,2.1957558408343285,-2.278123687775497,1.9755502245069758,-2.476355375122794,5.794016071584777,-0.1405962265468625,2.6070841962239544,2.902124426044992,543.1595681836991,22.518297090128673,16.709804399557633,16.709804399557633,14.150774800938818,9.51236474771405,9.51236474771405,6.932132867068445,6.932132867068445,4.273830540256261,4.273830540256261,2.8994833437946363,2.8994833437946363,-2.77,1808138.030122731,25.26672420124863,13.452639531358308,11.934350608212737,173.14203083927913,25.95315939253478,0.0,0.0,11.814359458703011,0.0,17.90791586385555,38.672415112910535,0.0,0.0,0.0,0.0,6.4208216229260096,39.26853843547545,32.72378202956288,39.292268104881224,29.72227532255856,0.0,25.333306400564094,0.0,6.4208216229260096,71.99232046503832,0.0,0.0,0.0,10.633577208012662,0.0,0.0,0.0,131.73390716467048,23.97268592035911,0.0,6.4208216229260096,0.0,0.0,0.0,0.0,179.82,17.90791586385555,23.97268592035911,0.0,83.80667992374134,6.4208216229260096,0.0,14.699729192551434,0.0,0.0,10.633577208012662,15.319582184522117,0.0,0.0,61.70625763585492,32.531555956243494,0.0,-4.066384200348846,0.0,0.46005005866748316,-0.29814611708370786,0.0,0.7058823529411765,30,5,13,0,1,1,2,0,0,0,0,0,8,5,13,1,6,0,1,1,0,0,11.330137760588165,1,-3.2176999999999927,102.86380000000007,3,0,0,0,0,0,0,0,3,3,5,2,0,0,0,3,2,0,0,0,0,0,0,0,0,0,0,2,0,0,0,0,0,0,0,0,0,0,0,0,0,0,0,0,0,0,0,0,0,0,0,0,0,0,0,0,0,0,0,0,0,0,0,0,0,0,0,0,0,0,0,0,0,0,0,0,0,0,0,0,0,0,0,0,0,0,0,0,0,0,0,0,0,0,0,0,0,0,0,0,0,0,0,0,0,0,0,0,0,0,0,0,0,0,0,0,0,0,0,0,0,0,0,0,0,0,0,0,0,1,0,0,0,0,0,0,0,0,0,0,0,0,0,0,0,0,0,0,0,0,0,0,0,0,0,0,0,0,0,0,0,0,0,0,0,0,0,0,0,0,0,0,0,0,0,0,0,0,0,0,0,0,0,0,0,0,0,0,0,0,0,1,0,0,0,0,0,0,0,0,0,0,0,0,0,1,0,0,0,1,0,0,0,0,0,1,0,0,0,0,0,0,1,0,0,0,0,0,0,0,0,0,0,1,0,0,0,0,0,0,0,0,0,0,0,0,0,0,0,0,1,0,14.49
11.198036935874237,11.198036935874237,0.0782303125566115,-1.013046928520413,0.4576781412945576,11.071428571428571,388.42000000000013,364.2280000000002,388.16343648799995,150,0,0.3172144672807428,-0.5076238411400387,0.5076238411400387,0.3172144672807428,0.6785714285714286,1.0357142857142858,1.3571428571428572,16.370273980224134,10.147792926094949,2.168100674140854,-2.2599977101240065,2.190992863243469,-2.3883731834840085,5.691586406850744,-0.13996914151087644,2.6206640286713143,2.0696437456828236,712.6302493010206,20.51829709012867,15.36122099456377,15.36122099456377,13.346244348298507,8.768956178317152,8.768956178317152,6.466211663810284,6.466211663810284,4.221324926679362,4.221324926679362,2.8643189682738375,2.8643189682738375,-3.099999999999999,1247881.5905324197,21.202917368554438,10.290062478961588,6.898869353835719,162.42768079001218,20.426109579362823,11.49902366656781,0.0,0.0,0.0,11.938610575903699,19.388893829844598,0.0,0.0,0.0,36.39820241076966,12.13273413692322,37.305928607044294,13.08951281182515,30.015183947506465,11.938610575903699,0.0,9.799819461700956,0.0,13.08951281182515,26.1790256236503,59.65783953108687,0.0,11.49902366656781,0.0,0.0,11.49902366656781,0.0,68.34356524061778,22.678587179968794,0.0,11.126902983393991,48.53093654769288,0.0,0.0,0.0,121.54000000000002,11.938610575903699,19.802129157825057,0.0,50.76756210204326,11.126902983393991,0.0,12.13273413692322,46.19802187247061,0.0,0.0,10.213054789681411,0.0,0.0,25.640295338112796,38.187576176747285,1.1837748126492718,-1.8696332319276028,13.350419034677762,0.0,0.5075678697404895,0.0,0.3,28,4,8,0,0,0,0,2,0,2,0,0,6,4,8,0,11,0,0,0,0,0,7.792119444953035,2,1.5712000000000006,102.03920000000005,2,0,0,0,0,0,0,2,2,2,2,0,0,0,0,2,0,0,0,0,0,0,0,0,0,0,0,0,0,0,0,0,0,0,2,0,0,0,0,0,0,0,0,0,0,0,0,0,0,0,0,0,0,0,0,0,0,0,0,0,0,0,0,0,2,2,2,0,0,0,0,0,0,0,0,0,0,0,0,0,0,0,0,0,0,0,0,0,0,0,0,0,0,0,0,0,0,0,0,0,0,0,0,0,0,0,0,0,0,0,0,0,0,0,0,0,0,0,0,0,0,0,0,0,0,0,0,0,0,1,0,0,0,0,0,0,0,0,0,0,0,0,0,0,0,0,0,0,0,0,0,0,0,0,0,0,0,0,0,0,0,0,0,0,0,0,0,0,0,0,0,0,0,0,0,0,0,0,0,0,0,0,0,0,0,0,0,0,0,0,0,1,0,0,0,0,0,0,0,0,0,0,0,0,0,0,0,0,0,1,0,0,0,0,0,1,0,0,0,0,0,0,0,0,0,0,0,0,0,0,0,0,0,1,0,0,0,0,0,0,0,0,0,0,0,0,0,0,0,0,0,0,19.16
10.992742899228706,10.992742899228706,0.033410493827160215,-1.2537193982531296,0.09157299384218853,11.294117647058824,494.45400000000035,464.21400000000034,494.18602239999984,194,0,0.3172181189628397,-0.48028566397733485,0.48028566397733485,0.3172181189628397,0.3235294117647059,0.47058823529411764,0.6176470588235294,16.384918257246845,10.308796092440332,2.1964256415636054,-2.2965208619980295,1.9900033406891748,-2.4657381220104617,5.732941091136962,-0.14315569667199501,2.6347545330527398,5.354534084570879,541.7291214297528,26.25878406613483,18.40690707202133,18.40690707202133,15.776672458625049,9.982439193653159,9.982439193653159,7.336036916890248,7.336036916890248,4.350569785933571,4.350569785933571,2.9737076388917285,2.9737076388917285,-3.3400000000000007,6410421.013026109,30.66,16.30045846247641,17.243199778301268,193.71713676682404,30.63916436904423,0.0,0.0,0.0,0.0,35.81583172771109,48.36686202783284,0.0,0.0,0.0,0.0,0.0,39.26853843547545,39.26853843547545,59.40638747347516,35.81583172771109,0.0,19.599638923401912,0.0,0.0,78.5370768709509,0.0,0.0,0.0,0.0,0.0,0.0,0.0,164.59171189110816,28.76722310443093,0.0,0.0,0.0,0.0,0.0,0.0,236.75999999999996,75.08437016318655,28.76722310443093,0.0,39.26853843547545,0.0,14.699729192551434,0.0,4.899909730850478,0.0,0.0,30.63916436904423,0.0,0.0,70.97699373953952,53.796091532371506,0.0,-7.522316389518773,0.0,0.0,-3.2507688823922596,0.0,0.6666666666666666,34,6,16,0,0,0,0,0,0,0,0,0,10,6,16,0,21,0,0,0,0,0,14.699178131162551,0,-3.297999999999991,111.5748000000001,6,0,0,0,0,0,0,0,6,6,6,0,0,0,0,4,0,0,0,0,0,0,0,0,0,0,0,0,0,0,0,0,0,0,0,0,0,0,0,0,0,0,0,0,0,0,0,0,0,0,0,0,0,0,0,0,0,0,0,0,0,0,0,0,0,0,0,0,0,0,0,0,0,0,0,0,0,0,0,0,0,0,0,0,0,0,0,0,0,0,0,0,0,0,0,0,0,0,0,0,0,0,0,0,0,0,0,0,0,0,0,0,0,0,0,0,0,0,0,0,0,0,0,0,0,0,0,0,0,1,0,0,0,0,0,0,0,0,0,0,0,0,0,0,0,0,0,0,0,0,0,0,0,0,0,0,0,0,0,0,0,0,0,0,0,0,0,0,0,0,0,0,0,0,0,0,0,0,0,0,0,0,0,0,0,0,0,0,0,0,0,1,0,0,0,0,0,0,0,0,0,0,0,0,0,0,0,0,0,1,0,0,0,0,0,1,0,0,0,0,0,0,0,0,0,0,0,0,0,0,0,0,0,1,0,0,0,0,0,0,0,0,0,0,0,0,0,0,0,0,0,0,19.0
10.957811158031216,10.957811158031216,0.10696231733434125,-0.9537068006214826,0.5504227812880707,20.217391304347824,331.369,306.16900000000004,331.17433552,132,0,0.31720436546183983,-0.4802858084897774,0.4802858084897774,0.31720436546183983,0.7391304347826086,1.0434782608695652,1.391304347826087,16.373203325759075,10.110001194047609,2.2162483241072546,-2.3329784681493755,2.0692321721936278,-2.479795920361314,5.694913713597729,-0.14066382851426237,2.3829883874517575,2.7806105731461863,370.26137307125543,17.40541291500631,13.349337744259895,13.349337744259895,10.756927950821465,7.5837497449944475,7.5837497449944475,6.03276573663769,6.03276573663769,3.681257699895218,3.681257699895218,2.818532677385677,2.818532677385677,-1.71,63940.34441210556,19.336970408642554,9.43366842133081,8.480931648815773,134.62443592878572,15.319582184522117,0.0,0.0,0.0,0.0,17.90791586385555,29.083340744766897,0.0,0.0,0.0,6.923737199690624,5.917906046161393,39.26853843547545,19.634269217737724,29.703193736737582,17.90791586385555,0.0,14.699729192551434,5.917906046161393,6.923737199690624,58.902807653213166,0.0,0.0,0.0,0.0,0.0,0.0,0.0,106.8300348941423,14.383611552215466,5.917906046161393,6.923737199690624,0.0,0.0,0.0,0.0,121.62,17.90791586385555,14.383611552215466,0.0,25.55217526389912,39.26853843547545,0.0,0.0,14.699729192551434,6.923737199690624,0.0,15.319582184522117,0.0,0.0,38.09896530758002,26.93086021522169,0.0,-2.6874142311245475,0.0,0.0,4.490922041656169,0.0,0.7857142857142857,23,3,9,0,1,1,0,0,0,0,0,0,6,3,9,1,6,0,1,1,0,0,7.93124204818346,1,-1.2040999999999953,81.39140000000005,3,0,0,0,0,0,0,0,3,3,3,0,0,0,0,3,0,0,0,0,0,0,0,0,0,0,0,0,0,0,0,0,0,0,0,0,0,0,0,0,0,0,0,0,0,0,0,0,0,0,0,0,0,0,0,0,0,0,0,0,0,0,0,0,0,0,0,0,0,0,0,0,0,0,0,0,0,0,0,0,0,0,0,0,0,0,0,0,0,0,0,0,0,0,0,0,0,0,0,0,0,0,0,0,0,0,0,0,0,0,0,0,0,0,0,0,0,0,0,0,0,0,0,0,0,0,0,0,0,1,0,0,0,0,0,0,0,0,0,0,0,0,0,0,0,0,0,0,0,0,0,0,0,0,0,0,0,0,0,0,0,0,0,0,0,0,0,0,0,0,0,0,0,0,0,0,0,0,0,0,0,0,0,0,0,0,1,0,0,0,0,1,0,0,0,0,0,0,0,0,0,0,0,0,0,1,0,0,0,1,0,0,0,0,0,1,0,0,0,0,0,0,1,0,0,0,0,0,0,0,0,0,0,1,0,0,0,0,0,0,0,0,0,0,0,0,0,0,0,0,1,0,14.7
11.291206118249768,11.291206118249768,0.12534438775510193,-4.5282471270401174,0.1383382122654785,11.892857142857142,429.31900000000013,405.1270000000002,429.11484521799986,162,0,0.33894238297205104,-0.48028566397732586,0.48028566397732586,0.33894238297205104,0.5714285714285714,0.8214285714285714,1.0357142857142858,31.190908674121705,10.354256016610027,2.224901505706625,-2.2795011832779637,2.3438342064774664,-2.439559438315234,7.511740263316222,-0.14315569667199324,2.4540447885970105,5.0101993849590745,492.8457306866736,21.905412915006313,14.877338437997826,15.771765628997741,12.779583320140501,7.869989180304174,9.667593084007956,5.920403624547856,7.532614722289948,3.2846059906147453,4.053058257266141,2.2726248129162294,3.076537717976359,-2.09,335477.73878036573,25.91,12.384466428515962,15.015284700751304,159.27248874089798,30.212932784867775,6.285844810454487,0.0,0.0,0.0,31.472983478595282,38.44292621377004,0.0,0.0,0.0,0.0,0.0,26.1790256236503,26.1790256236503,53.95612980608638,31.472983478595282,0.0,14.699729192551434,0.0,0.0,58.64389605775508,0.0,0.0,0.0,0.0,0.0,0.0,7.595762326787885,127.43377918698175,23.743197021218617,0.0,0.0,0.0,0.0,0.0,0.0,216.44999999999996,63.937853912700064,23.743197021218617,0.0,26.1790256236503,0.0,9.799819461700956,4.899909730850478,0.0,0.0,0.0,30.212932784867775,11.291206118249768,0.0,64.78917340518734,35.20743045060182,0.0,-5.1226682308725975,0.0,-0.7411054421768712,-2.923566951727125,-4.5282471270401174,0.6923076923076923,28,6,14,0,0,0,0,0,0,0,1,0,8,6,15,0,16,0,0,0,0,1,11.460054470101735,0,-2.633999999999994,91.90730000000005,4,0,0,0,0,0,0,0,4,4,4,0,0,0,0,3,0,0,0,0,0,0,0,0,0,0,0,0,0,0,0,0,0,0,0,0,0,0,0,0,0,0,0,0,0,0,0,0,0,0,0,0,0,0,0,0,0,0,0,0,0,0,0,0,0,0,0,0,0,0,0,0,0,0,0,0,0,0,0,0,0,0,0,0,0,0,0,0,0,0,0,0,0,0,0,0,0,0,0,0,0,0,0,0,0,0,0,0,0,0,0,0,0,0,0,0,0,0,0,0,0,0,0,0,0,0,0,0,0,1,0,0,0,0,0,0,0,0,0,0,0,0,0,0,0,0,0,0,0,0,0,0,0,0,0,0,0,0,0,0,0,0,0,0,0,0,0,0,0,0,0,0,0,0,0,0,0,0,0,0,0,0,0,0,0,0,0,0,0,0,0,1,0,0,0,0,0,0,0,0,0,0,0,0,0,0,0,0,0,1,0,0,0,0,0,1,0,0,0,0,0,0,0,0,0,0,0,0,0,0,0,0,0,1,0,0,0,0,0,0,0,0,0,0,0,0,0,0,0,0,0,0,22.79
13.061700237249552,13.061700237249552,0.091631206545979,-1.0897250917862948,0.11801992246134253,11.325581395348838,615.8130000000006,558.3570000000004,615.420713784,250,0,0.3172172493379729,-0.48028580497400253,0.48028580497400253,0.3172172493379729,0.3953488372093023,0.6511627906976745,0.9069767441860465,16.373558978083253,10.225586777795499,2.2257970422870077,-2.302054769455046,2.0494314634987183,-2.4800937729781904,5.7952101019211115,-0.14131307384337397,2.928611788797504,5.496531228299568,703.8600237553159,32.62274509681375,26.968192621236465,26.968192621236465,20.4623651732794,15.845809750840997,15.845809750840997,11.054460382815222,11.054460382815222,7.090997762781989,7.090997762781989,4.538374979464449,4.538374979464449,-2.7700000000000005,692411685.2253938,40.23,24.648606993607284,20.718374014088475,257.31205245315493,25.119401646223075,0.0,0.0,11.814359458703011,0.0,17.90791586385555,38.67241511291054,0.0,0.0,0.0,53.378235290466534,25.683286491704038,52.358051247300594,32.72378202956288,39.292268104881224,29.72227532255856,0.0,24.49954865425239,0.0,79.06152178217057,85.08183327686348,0.0,0.0,0.0,0.0,0.0,0.0,0.0,154.62323943819655,23.97268592035911,0.0,79.06152178217057,0.0,0.0,0.0,0.0,162.23999999999998,17.90791586385555,39.292268104881224,0.0,70.71716711191618,26.1790256236503,51.36657298340809,9.799819461700956,14.699729192551434,27.694948798762496,0.0,0.0,0.0,0.0,68.97759777451819,28.398903147731847,0.0,-3.5804726584542585,0.0,7.126927192536725,9.91037787700083,0.0,0.8333333333333334,43,3,13,0,0,0,2,0,0,0,0,0,8,3,13,0,28,0,0,0,0,0,23.06077812448421,0,2.0038000000000067,165.01939999999973,3,0,0,0,0,0,0,0,3,3,5,2,0,0,0,5,0,0,0,0,0,0,0,0,0,0,0,2,0,0,0,0,0,0,0,0,0,0,0,0,0,0,0,0,0,0,0,0,0,0,0,0,0,0,0,0,0,0,0,0,0,0,0,0,0,0,0,0,0,0,0,0,0,0,0,0,0,0,0,0,0,0,0,4,0,0,0,0,0,0,0,0,0,0,0,0,0,0,0,0,0,0,0,0,0,0,0,0,0,0,0,0,0,0,0,0,0,0,0,0,0,0,0,0,0,0,0,0,0,1,0,0,0,0,0,0,0,0,0,0,0,0,0,0,0,0,0,0,0,0,0,0,0,0,0,0,0,0,0,0,0,0,0,0,0,0,0,0,0,0,0,0,0,0,0,0,0,0,0,0,0,0,0,0,0,0,0,0,0,0,0,1,0,0,0,0,0,0,0,0,0,0,0,0,0,0,0,0,0,1,0,0,0,0,0,1,0,0,0,0,0,0,0,0,0,0,0,0,0,0,0,0,0,1,0,0,0,0,0,0,0,0,0,0,0,0,0,0,0,0,0,0,19.0
11.361397739702074,11.361397739702074,0.07204685421000345,-0.455898158646175,0.3122005510011027,19.428571428571427,400.48400000000026,368.2280000000001,400.254651504,160,0,0.23110165307999214,-0.3685615231776881,0.3685615231776881,0.23110165307999214,0.42857142857142855,0.5714285714285714,0.6785714285714286,16.15333503941458,10.280257748465054,2.1916163732887846,-2.3255961267525187,2.0040728450597687,-2.501425347420316,5.766937129564239,-0.12141020358609532,2.5511232416549157,2.9006475849167423,408.1564000692311,21.104083527755577,16.216529994852362,16.216529994852362,13.150774800938818,9.180143873882129,9.180143873882129,6.9698428579416385,6.9698428579416385,4.44759658055189,4.44759658055189,3.0925861285965404,3.0925861285965404,-2.28,676639.5196306166,23.75888024883359,12.23214734700253,10.76852465844601,164.2525374592889,22.93466990864874,0.0,0.0,23.628718917406022,0.0,0.0,38.777787659689196,0.0,0.0,0.0,0.0,0.0,52.358051247300594,26.1790256236503,19.178148736287287,23.628718917406022,0.0,19.599638923401912,22.93466990864874,0.0,78.5370768709509,0.0,0.0,0.0,22.93466990864874,0.0,0.0,0.0,121.76543471175887,19.178148736287287,0.0,0.0,0.0,0.0,0.0,0.0,185.31999999999996,23.628718917406022,19.178148736287287,0.0,26.1790256236503,52.358051247300594,0.0,0.0,0.0,19.599638923401912,0.0,22.93466990864874,0.0,0.0,52.91822249907872,0.0,21.312017059809822,-1.8235926345846982,0.0,0.0,4.260019742362816,0.0,0.75,28,8,12,0,1,1,4,0,0,0,0,0,8,4,12,1,8,0,1,1,0,0,10.379361571554307,1,-4.8508,102.53760000000004,0,0,0,0,0,0,0,0,0,0,4,4,0,0,0,4,0,4,0,0,0,0,0,0,0,0,0,4,0,0,0,0,0,0,0,0,0,0,0,0,0,0,0,0,0,0,0,0,0,0,0,0,0,0,0,0,0,0,0,0,0,0,0,0,0,0,0,0,0,0,0,4,0,0,0,0,0,0,0,0,0,0,0,0,0,0,0,0,0,0,0,0,0,0,0,0,0,0,0,0,0,0,0,0,0,0,0,0,0,0,0,0,0,0,0,0,0,0,0,0,0,0,0,0,0,0,0,0,0,1,0,0,0,0,0,0,0,0,0,0,0,0,0,0,0,0,0,0,0,0,0,0,0,0,0,0,0,0,0,0,0,0,0,0,0,0,0,0,0,0,0,0,0,0,0,0,0,0,0,0,0,0,0,0,0,0,1,0,0,0,0,1,0,0,0,0,0,0,0,0,0,0,0,0,0,1,0,0,0,1,0,0,0,0,0,1,0,0,0,0,0,0,1,0,0,0,0,0,0,0,0,0,0,1,0,0,0,0,0,0,0,0,0,0,0,0,0,0,0,0,1,0,10.05
11.43218903048303,11.43218903048303,0.29892503940664095,-0.944390885856434,0.4471544412486069,23.0,477.55500000000023,438.2430000000003,477.26862982799986,192,0,0.3201284287811084,-0.480082855179301,0.480082855179301,0.3201284287811084,0.5151515151515151,0.696969696969697,0.8484848484848485,16.483987295025297,10.246984981379933,2.2314181547807617,-2.290234088481868,2.041260721249557,-2.4521062717998228,5.731310020380068,-0.14323683891433642,2.765625745818757,2.816659521719927,467.75429734431367,24.802754140504852,19.850103497590375,19.850103497590375,15.645642165489816,11.285283113210435,11.285283113210435,7.98765701346079,7.98765701346079,5.852366290076424,5.852366290076424,3.36287162562171,3.36287162562171,-1.83,9274902.063704632,29.20208213025345,15.909059457846846,11.231280013983412,194.51966641808258,29.53017104592226,18.12552248744388,0.0,0.0,0.0,17.90791586385555,29.083340744766897,0.0,0.0,0.0,0.0,20.771211599071872,39.26853843547545,39.641291787077506,43.91378259813772,17.90791586385555,0.0,14.699729192551434,0.0,38.89673408651576,78.90983022255296,0.0,0.0,0.0,0.0,0.0,0.0,0.0,144.96257995092594,28.59420041361561,0.0,20.771211599071872,0.0,0.0,0.0,0.0,149.31,36.03343835129943,29.703193736737582,0.0,0.0,78.90983022255296,0.0,0.0,35.470940791623306,0.0,0.0,14.210588861400147,16.94733106978861,0.0,39.530448264288594,28.101696420947796,0.0,-2.8331726575693024,-2.147202878090326,0.0,8.90089978063463,0.0,0.8571428571428571,33,3,12,0,1,1,0,0,0,0,3,0,9,3,12,1,6,0,1,1,0,3,14.078110936458454,1,-0.6248999999999914,118.46940000000012,3,0,0,0,0,0,0,0,3,3,3,0,0,0,0,3,0,0,0,0,0,0,0,0,0,0,0,0,0,0,0,0,0,0,0,0,0,0,0,0,0,3,0,0,0,0,0,0,0,0,0,0,0,0,0,0,0,0,0,0,0,0,0,0,0,0,0,0,0,0,0,0,0,0,0,0,0,0,0,0,0,0,0,0,0,0,0,0,0,0,0,0,0,0,0,0,0,0,0,0,0,0,0,0,0,0,0,0,0,0,0,0,0,0,0,0,0,0,0,0,0,0,0,0,0,0,0,0,0,1,0,0,0,0,0,0,0,0,0,0,0,0,0,0,0,0,0,0,0,0,0,0,0,0,0,0,0,0,0,0,0,0,0,0,0,0,0,0,0,0,0,0,0,0,0,0,0,0,0,0,0,0,0,0,0,0,0,0,0,0,0,1,0,0,0,0,0,0,0,0,0,0,0,0,0,1,0,0,0,1,0,0,0,0,0,1,0,0,0,0,0,0,1,0,0,0,0,0,0,0,0,0,0,1,0,0,0,0,0,0,0,0,0,0,0,0,0,0,0,0,1,0,16.27
11.777500196322695,11.777500196322695,0.11702942770312874,-1.121617658431991,0.1488513120000274,11.0,447.48900000000026,414.22500000000025,447.2329130159999,178,0,0.31721724854425565,-0.48028580497400253,0.48028580497400253,0.31721724854425565,0.5483870967741935,0.8387096774193549,1.1290322580645162,16.373466991008623,10.318192429397351,2.189999265357672,-2.274973350412191,1.9708422222762674,-2.468585472182909,5.790890754504153,-0.14057418165668406,2.621303250656878,5.002181937515463,528.8457306866737,23.811190308942127,18.002697618371087,18.002697618371087,14.564988363311913,9.926578310087146,9.926578310087146,6.785686257661715,6.785686257661715,4.023830540256261,4.023830540256261,2.749817100234485,2.749817100234485,-2.77,2100177.6792132882,28.23,15.989335829379872,15.697173546450214,180.51280410720494,25.95315939253478,0.0,0.0,11.814359458703011,0.0,17.90791586385555,38.67241511291054,0.0,0.0,0.0,0.0,13.847474399381248,39.26853843547545,32.72378202956288,39.292268104881224,29.72227532255856,0.0,25.333306400564094,0.0,13.847474399381248,71.99232046503832,0.0,0.0,0.0,10.633577208012662,0.0,0.0,0.0,131.73390716467048,23.97268592035911,0.0,13.847474399381248,0.0,0.0,0.0,0.0,179.82,17.90791586385555,23.97268592035911,0.0,70.71716711191618,13.08951281182515,0.0,14.699729192551434,13.847474399381248,0.0,10.633577208012662,15.319582184522117,0.0,0.0,61.14124014063907,32.3871822814621,0.0,-4.041170352866713,0.0,0.0,3.3460812640988697,0.0,0.7222222222222222,31,5,13,0,0,0,2,0,0,0,0,0,8,5,13,0,18,0,0,0,0,0,14.560611305270767,0,-2.581599999999991,109.59480000000008,3,0,0,0,0,0,0,0,3,3,5,2,0,0,0,3,2,0,0,2,0,0,0,0,0,0,0,2,0,0,0,0,0,0,0,0,0,0,0,0,0,0,0,0,0,0,0,0,0,0,0,0,0,0,0,0,0,0,0,0,0,0,0,0,0,0,0,0,0,0,0,0,0,0,0,0,0,0,0,0,0,0,0,0,0,0,0,0,0,0,0,0,0,0,0,0,0,0,0,0,0,0,0,0,0,0,0,0,0,0,0,0,0,0,0,0,0,0,0,0,0,0,0,0,0,0,0,0,0,1,0,0,0,0,0,0,0,0,0,0,0,0,0,0,0,0,0,0,0,0,0,0,0,0,0,0,0,0,0,0,0,0,0,0,0,0,0,0,0,0,0,0,0,0,0,0,0,0,0,0,0,0,0,0,0,0,0,0,0,0,0,1,0,0,0,0,0,0,0,0,0,0,0,0,0,0,0,0,0,1,0,0,0,0,0,1,0,0,0,0,0,0,0,0,0,0,0,0,0,0,0,0,0,1,0,0,0,0,0,0,0,0,0,0,0,0,0,0,0,0,0,0,15.34
11.251123473286363,11.251123473286363,0.07366925627412901,-1.0097692608399254,0.6351358277636728,18.176470588235293,470.5740000000003,436.30200000000025,470.264153568,184,0,0.3539893362336732,-0.4765093145705069,0.4765093145705069,0.3539893362336732,0.6764705882352942,1.0294117647058822,1.3529411764705883,16.36951515124678,10.232259058762006,2.1589310409606783,-2.315402724885514,2.078823655430687,-2.435405358665331,5.851378543594808,0.06790347197974501,2.816500386741069,1.6117603694204579,839.0594265166653,24.50142475325411,19.92937477193062,19.92937477193062,16.295734091081684,11.501734581031164,11.501734581031164,8.797482135097027,8.797482135097027,6.014768267814603,6.014768267814603,3.843674850589256,3.843674850589256,-2.92,30310320.945989814,25.698375591618422,12.516958765605697,8.138170431630122,199.9819981207703,20.012874251382367,11.387855989696922,0.0,0.0,0.0,11.938610575903699,9.799819461700956,19.55703141003806,0.0,0.0,12.13273413692322,38.36081223920082,65.44756405912574,11.387855989696922,19.802129157825057,11.938610575903699,0.0,29.567595965296327,0.0,13.08951281182515,66.45339521265497,59.173914390163496,0.0,0.0,0.0,0.0,0.0,0.0,118.17265654353643,13.08951281182515,0.0,32.36478634753749,36.39820241076966,0.0,0.0,0.0,113.34,11.938610575903699,19.802129157825057,0.0,11.387855989696922,13.08951281182515,63.74590723699751,12.13273413692322,12.13273413692322,12.13273413692322,43.662939930650715,0.0,0.0,0.0,40.280939085943665,18.444057514037524,1.674313891384138,-2.01953852167985,10.278409467348009,0.0,8.145684441222722,4.19613412174379,0.5,34,2,10,0,1,1,0,0,2,2,0,0,8,2,10,3,6,0,1,1,0,0,9.460750224215756,3,1.054400000000003,127.94060000000009,0,0,0,0,2,2,0,0,2,2,2,0,0,0,0,6,0,0,0,2,0,0,0,0,0,0,0,0,0,0,0,0,0,0,0,0,0,0,0,0,0,0,0,0,0,0,0,0,0,0,0,0,0,0,0,0,0,0,0,0,0,0,0,0,0,0,0,0,0,0,0,0,0,2,0,0,0,0,0,0,0,0,0,0,0,0,0,0,0,0,0,0,0,0,0,0,0,0,0,0,0,0,0,0,0,0,0,0,0,0,0,0,0,0,0,0,0,0,0,0,0,0,0,0,0,0,0,0,0,1,0,0,0,0,0,0,0,0,0,0,0,0,0,0,0,0,0,0,0,0,0,0,0,0,0,0,0,0,0,0,0,0,0,0,0,0,0,0,0,0,0,0,0,0,0,0,0,0,0,0,0,0,0,0,0,0,1,0,0,0,0,1,0,0,0,0,0,0,0,0,0,0,0,0,0,1,0,0,0,1,0,0,0,0,0,1,0,0,0,0,0,0,1,0,0,0,0,0,0,0,0,0,0,1,0,0,0,0,0,0,0,0,0,0,0,0,0,0,0,0,1,0,17.59
12.728351503022598,12.728351503022598,0.051761644533895534,-1.0862217249015178,0.1529620645326638,17.41176470588235,706.8370000000003,656.4370000000002,706.3577791800001,276,0,0.3228347554363784,-0.4800098005593682,0.4800098005593682,0.3228347554363784,0.49019607843137253,0.7647058823529411,1.0392156862745099,16.485406231478123,10.161237478223384,2.322999827300731,-2.3665504282357723,2.121993220126473,-2.558554069934494,5.743080403139144,-0.14959348679413634,3.124632650834113,1.4924512680177457,1320.6668615006613,36.26272700943156,28.92457109780786,28.92457109780786,24.81257084348729,17.27779493756839,17.27779493756839,12.422193443096925,12.422193443096925,8.839760017323401,8.839760017323401,5.941117641644704,5.941117641644704,-4.209999999999999,167413156379.67093,39.5740118697364,21.88350126893156,13.791884254351654,298.87586910548606,34.84695964992859,18.12552248744388,0.0,0.0,0.0,17.90791586385555,29.083340744766897,0.0,0.0,0.0,90.99550602692418,16.690354475090988,52.358051247300594,39.641291787077506,43.91378259813773,17.90791586385555,0.0,20.016517796557764,0.0,37.946168380982634,72.17869714083935,107.68586050201517,0.0,0.0,5.316788604006331,0.0,0.0,0.0,138.23144686921236,48.41484630715436,0.0,16.690354475090988,90.99550602692418,0.0,0.0,0.0,161.34,36.03343835129943,29.703193736737582,0.0,65.8203174107278,26.1790256236503,16.690354475090988,0.0,14.699729192551434,90.99550602692418,5.316788604006331,14.210588861400147,17.606945861407066,0.0,43.134265203875984,34.22424627658113,2.7593572292537694,-3.153513011240385,25.46526358368839,0.0,2.96343485643406,0.0,0.4473684210526316,51,4,13,0,1,1,0,3,0,3,3,0,10,4,13,1,18,0,1,1,0,3,16.98074390133508,4,2.5056000000000074,190.15409999999943,3,0,0,0,0,0,0,0,3,3,3,0,0,0,0,3,1,0,0,0,0,0,0,0,0,0,0,0,0,0,0,0,0,0,3,0,0,0,0,0,0,3,0,0,0,0,0,0,0,0,0,0,0,0,0,0,0,0,0,0,0,0,0,0,0,0,0,0,0,0,0,0,0,0,0,0,0,0,0,0,0,0,0,0,0,0,0,0,0,0,0,0,0,0,0,0,0,0,0,0,0,0,0,0,0,0,0,0,0,0,0,0,0,0,0,0,0,0,0,0,0,0,0,0,0,0,0,0,0,1,0,0,0,0,0,0,0,0,0,0,0,0,0,0,0,0,0,0,0,0,0,0,0,0,0,0,0,0,0,0,0,0,0,0,0,0,0,0,0,0,0,0,0,0,0,0,0,0,0,0,0,0,0,0,0,0,1,0,0,0,0,1,0,0,0,0,0,0,0,0,0,0,0,0,0,1,0,0,0,1,0,0,0,0,0,1,0,0,0,0,0,0,1,0,0,0,0,0,0,0,0,0,0,1,0,0,0,0,0,0,0,0,0,0,0,0,0,0,0,0,1,0,18.21
12.058413853195598,12.058413853195598,0.09701735323759131,-1.2693518518518518,0.14035526670861856,12.083333333333334,513.5000000000002,482.2520000000004,513.1958588119999,200,0,0.322834755438962,-0.48028566397732025,0.48028566397732025,0.322834755438962,0.6666666666666666,1.0833333333333333,1.4444444444444444,16.478411871884482,10.195737845781862,2.277416806074325,-2.319785035738632,2.071979807344705,-2.5110374990021715,5.739888203644363,-0.14805504627419008,2.756832024858922,3.001591028893305,764.0491033297038,27.087211190881014,19.56236793378607,19.56236793378607,16.972142005984736,10.879399982529048,10.879399982529048,7.886995234625893,7.886995234625893,4.955457601582093,4.955457601582093,3.3519161959797317,3.3519161959797317,-3.59,30454480.777398326,30.440854674483177,16.149691542587846,13.336593768806265,206.44230245115855,30.269499928003576,6.041840829147961,0.0,0.0,0.0,29.846526439759245,38.67241511291054,0.0,0.0,0.0,30.33183534230805,5.563451491696996,26.1790256236503,39.392789552676135,54.24218584836268,29.846526439759245,0.0,14.699729192551434,0.0,12.648722793660879,58.96493321181351,35.89528683400505,0.0,0.0,0.0,0.0,0.0,0.0,135.08566664747573,35.316430838672076,0.0,5.563451491696996,30.33183534230805,0.0,0.0,0.0,205.44999999999996,62.0673928925575,29.079213315199816,0.0,39.392789552676135,0.0,15.36327095339795,4.899909730850478,24.26546827384644,6.06636706846161,0.0,25.162972533162872,5.569815024775342,0.0,60.02091429161102,46.01810018727116,0.8021961346266906,-6.3327942938443575,7.724211846734601,0.0,-2.9691098578411275,0.0,0.5,36,5,14,0,0,0,0,1,0,1,1,0,9,5,14,0,20,0,0,0,0,1,13.655844813490184,1,-1.0991999999999906,122.5180000000001,5,0,0,0,0,0,0,0,5,5,5,0,0,0,0,3,0,0,0,0,0,0,0,0,0,0,0,0,0,0,0,0,0,0,1,0,0,0,0,0,0,1,0,0,0,0,0,0,0,0,0,0,0,0,0,0,0,0,0,0,0,0,0,0,0,0,0,0,0,0,0,0,0,0,0,0,0,0,0,0,0,0,0,0,0,0,0,0,0,0,0,0,0,0,0,0,0,0,0,0,0,0,0,0,0,0,0,0,0,0,0,0,0,0,0,0,0,0,0,0,0,0,0,0,0,0,0,0,0,1,0,0,0,0,0,0,0,0,0,0,0,0,0,0,0,0,0,0,0,0,0,0,0,0,0,0,0,0,0,0,0,0,0,0,0,0,0,0,0,0,0,0,0,0,0,0,0,0,0,0,0,0,0,0,0,0,0,0,0,0,0,1,0,0,0,0,0,0,0,0,0,0,0,0,0,0,0,0,0,1,0,0,0,0,0,1,0,0,0,0,0,0,0,0,0,0,0,0,0,0,0,0,0,1,0,0,0,0,0,0,0,0,0,0,0,0,0,0,0,0,0,0,22.23
10.886700679912105,10.886700679912105,0.056416610639887566,-0.8845154210596415,0.6200029693331636,21.53846153846154,378.42200000000025,348.18200000000013,378.20021591999995,152,0,0.3172056144325675,-0.4802857980438629,0.4802857980438629,0.3172056144325675,0.5769230769230769,0.8461538461538461,1.0769230769230769,16.52800770874986,10.42231249349434,2.1094208189584034,-2.2137831317172867,1.9370147654862846,-2.364509957663568,5.68879587788065,-0.13951063969253974,2.566641373961566,2.3770047698761965,308.2346001038465,19.037323138116356,15.13783906139468,15.13783906139468,12.575387400469408,8.7693363400099,8.7693363400099,5.789262572746511,5.789262572746511,3.6691610373942294,3.6691610373942294,2.340955969702735,2.340955969702735,-1.3000000000000003,423239.16256626224,22.740485829959514,14.826418919739222,12.977215942891137,153.09291155316328,29.160506604881608,0.0,0.0,0.0,0.0,11.938610575903699,19.388893829844598,0.0,0.0,0.0,0.0,0.0,26.1790256236503,65.94456852792848,38.74958097302525,11.938610575903699,0.0,9.799819461700956,0.0,0.0,92.1235941515788,0.0,0.0,0.0,0.0,0.0,0.0,0.0,124.0750789788649,28.536526183343838,0.0,0.0,0.0,0.0,0.0,0.0,118.0,11.938610575903699,9.589074368143644,0.0,13.08951281182515,79.03408133975364,0.0,0.0,9.799819461700956,0.0,0.0,29.160506604881608,21.816644830771814,0.0,25.295130806808817,17.869720293870206,0.0,-1.7690308421192826,0.0,0.0,5.120868244001775,0.0,0.875,26,2,10,0,1,1,0,0,0,0,0,0,8,2,10,1,4,0,1,1,0,0,12.9676911289759,1,-1.1603999999999937,91.42760000000006,2,0,0,0,0,0,0,0,2,2,2,0,0,0,0,2,0,0,0,0,0,0,0,0,0,0,0,0,0,0,0,0,0,0,0,0,0,0,0,0,0,4,0,0,0,0,0,0,0,0,0,0,0,0,0,0,0,0,0,0,0,0,0,0,0,0,0,0,0,0,0,0,0,0,0,0,0,0,0,0,0,0,0,0,0,0,0,0,0,0,0,0,0,0,0,0,0,0,0,0,0,0,0,0,0,0,0,0,0,0,0,0,0,0,0,0,0,0,0,0,0,0,0,0,0,0,0,0,0,1,0,0,0,0,0,0,0,0,0,0,0,0,0,0,0,0,0,0,0,0,0,0,0,0,0,0,0,0,0,0,0,0,0,0,0,0,0,0,0,0,0,0,0,0,0,0,0,0,0,0,0,0,0,0,0,0,0,0,0,0,0,1,0,0,0,0,0,0,0,0,0,0,0,0,0,1,0,0,0,1,0,0,0,0,0,1,0,0,0,0,0,0,1,0,0,0,0,0,0,0,0,0,0,1,0,0,0,0,0,0,0,0,0,0,0,0,0,0,0,0,1,0,11.93
12.202511365370594,12.202511365370594,0.07230899881694164,-1.0918048607664559,0.09855534543645814,11.18421052631579,545.6780000000005,498.30200000000036,545.3424634639998,220,0,0.31721724854421085,-0.480285809442313,0.480285809442313,0.31721724854421085,0.5,0.868421052631579,1.2894736842105263,16.37344051231923,10.234983306431191,2.1832069619244643,-2.26384481249906,1.9979227623342,-2.4490383164392844,5.7912572741857,-0.14050091151330332,2.8131961836371384,4.864395662699868,674.1518798246971,28.760937777247953,22.952445086676914,22.952445086676914,18.06498836331191,13.426578310087143,13.426578310087143,9.346346429441535,9.346346429441535,5.697165087459645,5.697165087459645,3.7961765572903095,3.7961765572903095,-2.7700000000000005,66069020.77201455,35.23,22.235193442558142,21.328037082203622,225.06739890798124,25.95315939253478,0.0,0.0,11.814359458703011,0.0,17.90791586385555,38.67241511291054,0.0,0.0,0.0,39.53076089108528,19.26246486877803,39.26853843547545,32.72378202956288,39.292268104881224,29.72227532255856,0.0,25.333306400564094,0.0,58.79322575986332,71.99232046503832,0.0,0.0,0.0,10.633577208012662,0.0,0.0,0.0,131.73390716467048,23.97268592035911,0.0,58.79322575986332,0.0,0.0,0.0,0.0,179.82,17.90791586385555,39.292268104881224,0.0,64.1724107060036,26.055090840663738,38.524929737556064,9.799819461700956,4.899909730850478,0.0,24.48105160739391,0.0,0.0,0.0,62.79897555215682,33.25090824169288,0.0,-3.7656860349211767,0.0,6.107114360427646,4.942021213977164,0.0,0.8,38,5,13,0,0,0,2,0,0,0,0,0,8,5,13,0,25,0,0,0,0,0,20.61436486792956,0,0.14910000000000745,141.91379999999998,3,0,0,0,0,0,0,0,3,3,5,2,0,0,0,3,2,0,0,0,0,0,0,0,0,0,0,2,0,0,0,0,0,0,0,0,0,0,0,0,0,0,0,0,0,0,0,0,0,0,0,0,0,0,0,0,0,0,0,0,0,0,0,0,0,0,0,0,0,0,0,0,0,0,0,0,0,0,0,0,0,0,0,4,0,0,0,0,0,0,0,0,0,0,0,0,0,0,0,0,0,0,0,0,0,0,0,0,0,0,0,0,0,0,0,0,0,0,0,0,0,0,0,0,0,0,0,0,0,1,0,0,0,0,0,0,0,0,0,0,0,0,0,0,0,0,0,0,0,0,0,0,0,0,0,0,0,0,0,0,0,0,0,0,0,0,0,0,0,0,0,0,0,0,0,0,0,0,0,0,0,0,0,0,0,0,0,0,0,0,0,1,0,0,0,0,0,0,0,0,0,0,0,0,0,0,0,0,0,1,0,0,0,0,0,1,0,0,0,0,0,0,0,0,0,0,0,0,0,0,0,0,0,1,0,0,0,0,0,0,0,0,0,0,0,0,0,0,0,0,0,0,13.44
12.123313420175446,12.123313420175446,0.09024015081239112,-1.0033980449693203,0.22408795549097132,18.612903225806452,446.5050000000003,412.23300000000023,446.2488974279999,178,0,0.31720436546192304,-0.48028580497401857,0.48028580497401857,0.31720436546192304,0.6129032258064516,0.9032258064516129,1.1612903225806452,16.373329821515288,10.283058744479124,2.204357073435056,-2.3241432285053727,2.0112308658253863,-2.4956549039390246,5.77562980127729,-0.14035802135847683,2.6674765702344456,2.90988282595972,530.5873848810925,23.225403871315216,17.740333536156452,17.740333536156452,14.688779603399603,10.208065409809947,10.208065409809947,7.424435281804771,7.424435281804771,4.840143535688061,4.840143535688061,3.255481615019706,3.255481615019706,-2.3200000000000003,3153469.4615185997,26.71486750348675,14.644652885220285,12.856842873950262,180.89531303724004,26.37003826569063,0.0,0.0,5.907179729351506,0.0,17.90791586385555,38.777787659689196,0.0,0.0,0.0,0.0,0.0,65.44756405912574,26.1790256236503,34.4977309208094,23.815095593207054,0.0,24.916427527408242,5.733667477162185,0.0,91.62658968277606,0.0,0.0,0.0,11.050456081168516,0.0,0.0,0.0,150.36090638390718,19.178148736287287,0.0,0.0,0.0,0.0,0.0,0.0,179.98,17.90791586385555,29.3912035259687,0.0,32.08620535300181,65.44756405912574,0.0,0.0,14.699729192551434,4.899909730850478,5.316788604006331,10.84019487200289,0.0,0.0,52.682593876872666,30.22416165212643,5.402673145848044,-3.190204983921821,0.0,0.0,3.047442975741344,0.0,0.7777777777777778,31,6,13,0,1,1,1,0,0,0,0,0,9,5,13,1,10,0,1,1,0,0,12.62032133752306,1,-3.4632999999999914,110.73150000000007,3,0,0,0,0,0,0,0,3,3,4,1,0,0,0,4,1,1,0,0,0,0,0,0,0,0,0,1,0,0,0,0,0,0,0,0,0,0,0,0,0,0,0,0,0,0,0,0,0,0,0,0,0,0,0,0,0,0,0,0,0,0,0,0,0,0,0,0,0,0,0,0,0,0,0,0,0,0,0,0,0,0,0,0,0,0,0,0,0,0,0,0,0,0,0,0,0,0,0,0,0,0,0,0,0,0,0,0,0,0,0,0,0,0,0,0,0,0,0,0,0,0,0,0,0,0,0,0,0,1,0,0,0,0,0,0,0,0,0,0,0,0,0,0,0,0,0,0,0,0,0,0,0,0,0,0,0,0,0,0,0,0,0,0,0,0,0,0,0,0,0,0,0,0,0,0,0,0,0,0,0,0,0,0,0,0,1,0,0,0,0,1,0,0,0,0,0,0,0,0,0,0,0,0,0,1,0,0,0,1,0,0,0,0,0,1,0,0,0,0,0,0,1,0,0,0,0,0,0,0,0,0,0,1,0,0,0,0,0,0,0,0,0,0,0,0,0,0,0,0,1,0,22.25
11.557211776685982,11.557211776685982,0.07540650982615271,-1.2655126186276984,0.1841096907594385,21.7,436.46200000000016,404.2060000000002,436.2169286039998,174,0,0.3228240686630805,-0.48000992049277186,0.48000992049277186,0.3228240686630805,0.6,0.8666666666666667,1.1,16.37984901145239,10.169376203570698,2.3080939711596984,-2.3577844570484214,2.0758456228658475,-2.5552890694813404,5.741632129838663,-0.1481214492917724,2.6672823944288955,3.070721929070357,488.15640006923115,22.681433796945207,16.759892631512116,16.759892631512116,14.259656572872169,9.701716448701331,9.701716448701331,6.967735184053611,6.967735184053611,5.196749877930689,5.196749877930689,3.4037849393479855,3.4037849393479855,-1.87,2202279.0509137395,26.16554923569143,13.436269765447303,7.75456566140356,173.65182571217156,35.955952973050564,18.12552248744388,0.0,0.0,0.0,17.90791586385555,29.083340744766897,0.0,0.0,0.0,0.0,0.0,52.358051247300594,19.820645893538753,45.022775921259694,17.90791586385555,0.0,20.016517796557764,0.0,18.12552248744388,72.17869714083935,0.0,0.0,0.0,5.316788604006331,0.0,0.0,0.0,153.55102905373442,14.383611552215466,0.0,0.0,0.0,0.0,0.0,0.0,194.34,55.85408424483818,45.022775921259694,0.0,39.26853843547545,13.08951281182515,0.0,14.699729192551434,0.0,0.0,5.316788604006331,0.0,0.0,0.0,38.9181342326828,59.61209517630607,0.0,-3.67012767465419,-3.572109762982328,0.0,-0.2879919713523613,0.0,0.8235294117647058,30,7,13,0,1,1,0,0,0,0,3,0,10,7,13,1,9,0,1,1,0,3,11.718912603061451,1,-4.167899999999991,103.11750000000006,3,3,3,0,0,0,0,0,3,3,3,0,0,0,0,3,1,0,0,0,0,0,0,0,0,0,0,0,0,0,0,0,0,0,0,0,0,0,0,0,0,0,0,0,0,0,0,0,0,0,0,0,0,0,0,0,0,0,0,0,0,0,0,0,0,0,0,0,0,0,0,0,0,0,0,0,0,0,0,0,0,0,0,0,0,0,0,0,0,0,0,0,0,0,0,0,0,0,0,0,0,0,0,0,0,0,0,0,0,0,0,0,0,0,0,0,0,0,0,0,0,0,0,0,0,0,0,0,0,1,0,0,0,0,0,0,0,0,0,0,0,0,0,0,0,0,0,0,0,0,0,0,0,0,0,0,0,0,0,0,0,0,0,0,0,0,0,0,0,0,0,0,0,0,0,0,0,0,0,0,0,0,0,0,0,0,1,0,0,0,0,1,0,0,0,0,0,0,0,0,0,0,0,0,0,1,0,0,0,1,0,0,0,0,0,1,0,0,0,0,0,0,1,0,0,0,0,0,0,0,0,0,0,1,0,0,0,0,0,0,0,0,0,0,0,0,0,0,0,0,1,0,18.82
11.521476953692307,11.521476953692307,0.11247685185185174,-1.127871306340858,0.1685338541694834,10.931034482758621,419.43500000000023,390.2030000000002,419.2016128879999,166,0,0.3172172485397445,-0.48028580497400253,0.48028580497400253,0.3172172485397445,0.5517241379310345,0.8275862068965517,1.103448275862069,16.373454295239505,10.320572809933754,2.1869830565495954,-2.27357976100143,1.9688046637742591,-2.464853923557249,5.788183454511878,-0.14056163619539755,2.6127492856844317,4.950897971401263,502.3856189774724,22.39697674656903,16.588484055997995,16.588484055997995,13.564988363311915,8.805257966527504,8.805257966527504,6.225026085881894,6.225026085881894,3.8336171181907868,3.8336171181907868,2.401790017070509,2.401790017070509,-2.77,840542.3471989671,26.230000000000004,14.259472755787145,13.959559098418568,167.78291987841175,25.95315939253478,0.0,0.0,11.814359458703011,0.0,17.90791586385555,38.67241511291054,0.0,0.0,0.0,0.0,0.0,40.27436958900468,32.72378202956288,39.292268104881224,29.72227532255856,0.0,25.333306400564094,0.0,0.0,72.99815161856755,0.0,0.0,0.0,10.633577208012662,0.0,0.0,0.0,132.7397383181997,23.97268592035911,0.0,0.0,0.0,0.0,0.0,0.0,179.82,30.997428675680702,23.97268592035911,0.0,57.62765430009103,0.0,0.0,28.795073157905815,0.0,0.0,10.633577208012662,15.319582184522117,0.0,0.0,60.2989670099298,31.797656638254097,0.0,-4.1301282504747086,0.0,0.0,-0.9694722451270075,2.8363101807511564,0.6875,29,5,13,0,0,0,2,0,0,0,0,0,8,5,13,0,16,0,0,0,0,0,12.897447254630928,0,-3.3617999999999926,100.36080000000007,3,0,0,0,0,0,0,0,3,3,5,2,0,0,0,3,2,0,0,2,0,0,0,0,0,0,0,2,0,0,0,0,0,0,0,0,0,0,0,0,0,0,0,0,0,0,0,0,0,0,0,0,0,0,0,0,0,0,0,0,0,0,0,0,0,0,0,0,0,0,0,0,0,0,0,0,0,0,0,0,0,0,0,0,0,0,0,0,0,0,0,0,0,0,0,0,0,0,0,0,0,0,0,0,0,0,0,0,0,0,0,0,0,0,0,0,0,0,0,0,0,0,0,0,0,0,0,0,0,1,0,0,0,0,0,0,0,0,0,0,0,0,0,0,0,0,0,0,0,0,0,0,0,0,0,0,0,0,0,0,0,0,0,0,0,0,0,0,0,0,0,0,0,0,0,0,0,0,0,0,0,0,0,0,0,0,0,0,0,0,0,1,0,0,0,0,0,0,0,0,0,0,0,0,0,0,0,0,0,1,0,0,0,0,0,1,0,0,0,0,0,0,0,0,0,0,0,0,0,0,0,0,0,1,0,0,0,0,0,0,0,0,0,0,0,0,0,0,0,0,0,0,19.3
13.273203346756944,13.273203346756944,0.23880826831700563,-4.837724377672371,0.08886079870534358,16.470588235294116,737.6960000000003,693.3440000000002,737.256089718,280,0,0.47200553117835403,-0.4802858039462336,0.4802858039462336,0.47200553117835403,0.6862745098039216,1.0980392156862746,1.5294117647058822,31.204697624951258,9.645971274851803,2.4085305703461897,-2.411244518830299,2.5084133760435114,-2.5190658794689607,7.4696292509491595,-0.14453243495613904,3.0469395211036012,1.7655070659417693,1382.896425318523,37.605872759939174,27.858713664411113,28.753140855411026,24.079862246997298,16.1280097863412,17.62345490135153,12.356516839459443,13.762645783941087,8.622378170238125,9.662293827576873,6.385770830618413,7.394671696917045,-4.219999999999999,52442070498.006355,41.202939653750775,19.405267054156432,13.78603062281892,293.77566573185436,30.426048576956,0.0,0.0,0.0,0.0,37.66922356289142,47.71990943633418,4.565048284931329,0.0,0.0,60.6636706846161,36.81018947509803,31.091100516282467,45.43463038182409,68.01127710567008,37.66922356289142,0.0,14.699729192551434,0.0,43.24408417799708,58.96493321181351,71.7905736680101,0.0,0.0,0.0,0.0,0.0,7.822697123132171,146.08304463797649,43.00021899811085,0.0,36.81018947509803,60.6636706846161,0.0,0.0,0.0,251.98,95.69045117977606,48.750727992565025,0.0,18.50450328122193,25.683286491704038,20.926722445094946,4.899909730850478,0.0,60.6636706846161,0.0,19.260549113105046,24.16186416085708,0.0,71.43047009051169,46.80354793185976,1.82936987878358,-6.8877937491775345,18.518494444115817,1.2665379555909846,-5.395877445980111,-4.837724377672371,0.48484848484848486,51,6,17,1,0,1,0,2,0,2,2,0,11,6,18,0,23,1,0,1,0,1,15.677530341124031,3,1.746500000000005,179.20229999999955,5,0,0,0,0,0,0,0,5,5,5,0,0,0,0,3,0,0,0,0,0,0,0,0,0,0,0,0,0,0,0,0,0,0,2,0,0,0,0,0,0,0,0,0,0,0,0,0,0,0,0,0,0,0,0,0,0,0,0,0,0,0,0,0,0,0,0,1,1,0,0,0,0,0,0,0,0,0,0,0,0,0,0,0,0,0,0,0,0,0,0,0,0,0,0,0,0,0,0,0,0,0,0,0,0,0,0,0,0,0,0,0,0,0,0,0,0,0,0,0,0,0,0,0,0,0,0,0,0,1,0,0,0,0,0,0,0,0,0,0,0,0,0,0,0,0,0,0,0,0,0,0,0,0,0,0,0,0,0,0,0,0,0,0,0,0,0,0,0,0,0,0,0,0,0,0,0,0,0,0,0,0,0,0,0,0,0,0,0,0,0,1,0,0,0,0,0,0,0,0,0,0,0,0,0,0,0,0,0,1,0,0,0,0,0,1,0,0,0,0,0,0,0,0,0,0,0,0,0,0,0,0,0,1,0,0,0,0,0,0,0,0,0,0,0,0,0,0,0,0,0,0,22.06
11.091456424290673,11.091456424290673,0.002121913580246604,-0.8822741874527591,0.35686151549292777,20.384615384615383,376.45400000000024,344.1980000000001,376.23218474399994,152,0,0.31720436544925423,-0.4802858049740345,0.4802858049740345,0.31720436544925423,0.5769230769230769,0.8461538461538461,1.0769230769230769,16.370175983364856,10.290157719154262,2.180643402311762,-2.3269666403570857,2.0054886712596667,-2.4799965946913223,5.689114481236856,-0.13870002904428913,2.5609871020462576,2.7882818720033735,336.8424910217125,19.363596551749424,15.29370028153906,15.29370028153906,12.439090705625683,8.9897573913861,8.9897573913861,6.470267998463038,6.470267998463038,4.480012056779226,4.480012056779226,3.0074427052249018,3.0074427052249018,-1.3,360586.9839681131,22.740485829959514,12.957562414455325,9.996542565627657,153.7468654799345,20.426109579362823,0.0,0.0,0.0,0.0,11.938610575903699,29.188713291545554,0.0,0.0,0.0,0.0,0.0,65.44756405912574,26.303276740850986,30.015183947506465,11.938610575903699,0.0,19.599638923401912,0.0,0.0,91.75084079997674,0.0,0.0,0.0,0.0,0.0,0.0,0.0,143.71519987864522,9.589074368143644,0.0,0.0,0.0,0.0,0.0,0.0,128.01999999999998,11.938610575903699,19.802129157825057,0.0,26.303276740850986,65.44756405912574,0.0,0.0,0.0,19.599638923401912,0.0,10.213054789681411,0.0,0.0,29.941847823806004,36.67277530138531,0.0,-1.7645483749055177,0.0,0.0,5.483258583047542,0.0,0.875,26,4,10,0,1,1,0,0,0,0,0,0,8,4,10,1,8,0,1,1,0,0,11.333125556797588,1,-2.6381999999999923,95.20320000000007,2,2,2,0,0,0,0,0,2,2,2,0,0,2,0,4,0,0,0,0,0,0,0,0,0,0,0,0,0,0,0,0,0,0,0,0,0,0,0,0,0,0,0,0,0,0,0,0,0,0,0,0,0,0,0,0,0,0,0,0,0,0,0,0,0,0,0,0,0,0,0,0,0,0,0,0,0,0,0,0,0,0,0,0,0,0,0,0,0,0,0,0,0,0,0,0,0,0,0,0,0,0,0,0,0,0,0,0,0,0,0,0,0,0,0,0,0,0,0,0,0,0,0,0,0,0,0,0,0,1,0,0,0,0,0,0,0,0,0,0,0,0,0,0,0,0,0,0,0,0,0,0,0,0,0,0,0,0,0,0,0,0,0,0,0,0,0,0,0,0,0,0,0,0,0,0,0,0,0,0,0,0,0,0,0,0,1,0,0,0,0,1,0,0,0,0,0,0,0,0,0,0,0,0,0,1,0,0,0,1,0,0,0,0,0,1,0,0,0,0,0,0,1,0,0,0,0,0,0,0,0,0,0,1,0,0,0,0,0,0,0,0,0,0,0,0,0,0,0,0,1,0,21.1
11.229269847545751,11.229269847545751,0.02249614683626544,-1.0505536677345801,0.5525403831482155,18.31578947368421,532.5940000000004,496.3060000000004,532.253314112,208,0,0.3539893362337702,-0.4765093145705068,0.4765093145705068,0.3539893362337702,0.6052631578947368,0.9473684210526315,1.263157894736842,16.527843937919783,10.251684381497517,2.1230335548232326,-2.232002438213393,2.0629034377839726,-2.327942128763554,5.851386611496199,0.005971740656982768,2.905296049817162,1.4821769624197436,864.008533589371,27.003578464367234,21.496367867532342,21.496367867532342,18.508040390846983,12.651797402722396,12.651797402722396,8.640420027312981,8.640420027312981,5.774401121497044,5.774401121497044,3.7900871355162846,3.7900871355162846,-3.0000000000000004,264077244.7048411,29.554419284149013,16.761430511543686,11.170909090909092,221.6463959271843,29.160506604881604,11.387855989696922,0.0,0.0,0.0,11.938610575903699,9.799819461700956,19.55703141003806,0.0,0.0,12.13273413692322,24.26546827384644,39.26853843547545,64.24291170580025,38.749580973025246,11.938610575903699,0.0,19.76777650359537,0.0,13.08951281182515,79.03408133975364,59.173914390163496,0.0,0.0,0.0,0.0,0.0,0.0,120.95352320893414,32.03696462702535,0.0,32.36478634753749,36.39820241076966,0.0,0.0,0.0,143.78,11.938610575903699,19.802129157825057,0.0,11.387855989696922,103.51145014127573,0.0,12.13273413692322,12.13273413692322,12.13273413692322,19.76777650359537,18.947451815200196,22.983422037831517,0.0,35.11474359144811,18.396051820884384,1.3934167349556454,-2.10110733546916,9.960722456696423,0.0,7.252750693653083,0.0,0.5384615384615384,38,2,12,0,1,1,0,0,2,2,0,0,10,2,12,3,6,0,1,1,0,0,13.036166977376062,3,1.2572000000000023,136.2226,0,0,0,0,2,2,0,0,2,2,2,0,0,0,0,4,0,0,0,0,0,0,0,0,0,0,0,0,0,0,0,0,0,0,0,0,0,0,0,0,0,4,0,0,0,0,0,0,0,0,0,0,0,0,0,0,0,0,0,0,0,0,0,0,0,0,0,0,0,0,0,0,0,2,0,0,0,0,0,0,0,0,0,0,0,0,0,0,0,0,0,0,0,0,0,0,0,0,0,0,0,0,0,0,0,0,0,0,0,0,0,0,0,0,0,0,0,0,0,0,0,0,0,0,0,0,0,0,0,1,0,0,0,0,0,0,0,0,0,0,0,0,0,0,0,0,0,0,0,0,0,0,0,0,0,0,0,0,0,0,0,0,0,0,0,0,0,0,0,0,0,0,0,0,0,0,0,0,0,0,0,0,0,0,0,0,0,0,0,0,0,1,0,0,0,0,0,0,0,0,0,0,0,0,0,1,0,0,0,1,0,0,0,0,0,1,0,0,0,0,0,0,1,0,0,0,0,0,0,0,0,0,0,1,0,0,0,0,0,0,0,0,0,0,0,0,0,0,0,0,1,0,13.02
10.690211680151013,10.690211680151013,0.201350308641975,-1.1314864942890737,0.27091786622194475,11.166666666666666,349.3400000000001,326.15600000000006,349.14851469599995,138,0,0.31721811895661195,-0.48028566397734274,0.48028566397734274,0.31721811895661195,0.5833333333333334,0.8333333333333334,1.0416666666666667,16.37865868144069,10.355204545166917,2.159149199492996,-2.249329926727778,1.9411734941996501,-2.4250488640779113,5.726763211371649,-0.14315569667199438,2.392678351904732,4.3404066842256555,351.3192643786829,18.698306133819763,13.420342579847542,13.420342579847542,11.095131908272991,7.1021730579354,7.1021730579354,5.29954001221053,5.29954001221053,3.0313656867721672,3.0313656867721672,1.9292470041488565,1.9292470041488565,-2.24,69827.9250219877,21.759999999999994,11.319546073049258,12.318554115793171,138.22108082015814,25.326019310213297,0.0,0.0,0.0,0.0,23.877221151807397,28.97796819798824,0.0,0.0,0.0,0.0,7.04767198267719,26.1790256236503,26.1790256236503,39.60425831565011,23.877221151807397,0.0,14.699729192551434,0.0,0.0,59.40572322997778,0.0,0.0,0.0,0.0,0.0,0.0,0.0,118.40878315369949,19.178148736287287,0.0,0.0,0.0,0.0,0.0,0.0,158.92,50.056246775457694,19.178148736287287,0.0,13.08951281182515,13.08951281182515,0.0,9.799819461700956,11.947581713527669,0.0,0.0,20.426109579362823,0.0,0.0,47.019048933588,34.959664675567524,0.0,-4.525945977156295,0.0,0.0,-0.4799785163529757,1.693877551020408,0.6923076923076923,24,4,11,0,0,0,0,0,0,0,0,0,7,4,11,0,14,0,0,0,0,0,10.263055106231326,0,-2.139399999999995,80.92020000000005,4,0,0,0,0,0,0,0,4,4,4,0,0,0,0,3,0,0,0,1,0,0,0,0,0,0,0,0,0,0,0,0,0,0,0,0,0,0,0,0,0,0,0,0,0,0,0,0,0,0,0,0,0,0,0,0,0,0,0,0,0,0,0,0,0,0,0,0,0,0,0,0,0,0,0,0,0,0,0,0,0,0,0,0,0,0,0,0,0,0,0,0,0,0,0,0,0,0,0,0,0,0,0,0,0,0,0,0,0,0,0,0,0,0,0,0,0,0,0,0,0,0,0,0,0,0,0,0,0,1,0,0,0,0,0,0,0,0,0,0,0,0,0,0,0,0,0,0,0,0,0,0,0,0,0,0,0,0,0,0,0,0,0,0,0,0,0,0,0,0,0,0,0,0,0,0,0,0,0,0,0,0,0,0,0,0,0,0,0,0,0,1,0,0,0,0,0,0,0,0,0,0,0,0,0,0,0,0,0,1,0,0,0,0,0,1,0,0,0,0,0,0,0,0,0,0,0,0,0,0,0,0,0,1,0,0,0,0,0,0,0,0,0,0,0,0,0,0,0,0,0,0,18.6
11.032205403451172,11.032205403451172,0.11912283740656804,-1.1619413141200037,0.18371520068621527,12.242424242424242,469.49100000000027,438.2430000000003,469.2060295719999,184,0,0.3172181189628526,-0.4802856684573587,0.4802856684573587,0.3172181189628526,0.6363636363636364,1.0303030303030303,1.4848484848484849,16.37892602373366,10.096810096651327,2.188623452879017,-2.285731629012416,2.138851068470178,-2.422971810776014,5.726833896516137,-0.14352754896990436,2.7001298415323665,2.799804499823796,702.5616326071516,24.80275414050484,18.24587135285835,18.24587135285835,15.561458403461778,10.33699314578108,10.33699314578108,7.576907030568667,7.576907030568667,4.732089214370699,4.732089214370699,3.313490840284853,3.313490840284853,-3.0599999999999996,7825451.503612908,27.973400133600535,14.89907944715759,13.166719648827275,190.80229300721135,25.532636974203527,0.0,0.0,0.0,0.0,23.877221151807397,33.87787792883872,0.0,0.0,0.0,30.33183534230805,18.52902952053558,26.1790256236503,32.282992011398605,44.71078571049081,23.877221151807397,0.0,14.699729192551434,0.0,12.524788010674312,58.902807653213166,35.89528683400505,0.0,0.0,0.0,0.0,0.0,0.0,123.01239497177558,19.178148736287287,0.0,18.08823950237131,30.33183534230805,0.0,0.0,0.0,179.14999999999998,56.160213163205995,24.28467613112799,0.0,26.1790256236503,18.52902952053558,0.0,9.799819461700956,24.26546827384644,10.966276799312087,0.0,20.426109579362823,0.0,0.0,48.340530962253894,46.53003496348714,0.674823140357051,-4.619088095079257,8.8751302973614,-0.46512445410262826,-0.6696401476109246,0.0,0.5238095238095238,33,5,12,0,0,0,0,1,0,1,1,0,8,5,12,0,18,0,0,0,0,1,12.629633666595247,1,-0.6454999999999937,115.88200000000003,4,1,1,0,0,0,0,0,4,4,4,0,0,0,0,3,0,0,0,0,0,0,0,0,0,0,0,0,0,0,0,0,0,0,1,0,0,0,0,0,0,0,0,0,0,0,0,0,0,0,0,0,0,0,0,0,0,0,0,0,0,0,0,0,0,0,0,0,0,0,0,0,0,0,0,0,0,0,0,0,0,0,0,0,0,0,0,0,0,0,0,0,0,0,0,0,0,0,0,0,0,0,0,0,0,0,0,0,0,0,0,0,0,0,0,0,0,0,0,0,0,0,0,0,0,0,0,0,0,1,0,0,0,0,0,0,0,0,0,0,0,0,0,0,0,0,0,0,0,0,0,0,0,0,0,0,0,0,0,0,0,0,0,0,0,0,0,0,0,0,0,0,0,0,0,0,0,0,0,0,0,0,0,0,0,0,0,0,0,0,0,1,0,0,0,0,0,0,0,0,0,0,0,0,0,0,0,0,0,1,0,0,0,0,0,1,0,0,0,0,0,0,0,0,0,0,0,0,0,0,0,0,0,1,0,0,0,0,0,0,0,0,0,0,0,0,0,0,0,0,0,0,17.44
11.359550930003671,11.359550930003671,0.20605007577753587,-1.0147951461984646,0.3190215532383693,11.242424242424242,459.50300000000027,430.27100000000024,459.21178364800005,178,0,0.31721538721459297,-0.48028580497400275,0.48028580497400275,0.31721538721459297,0.6060606060606061,0.9696969696969697,1.303030303030303,16.373234598014278,10.26949243427849,2.1755594567511314,-2.2776663236932233,2.0437670784767348,-2.431562338862562,5.694741235464123,-0.14027046692100778,2.753895435286756,1.9892389194244104,776.621753394431,24.053830996061407,18.28521681958719,18.28521681958719,15.812570843487292,10.437971320247549,10.437971320247549,7.520823340689709,7.520823340689709,4.765016743403348,4.765016743403348,3.2790020689234853,3.2790020689234853,-3.4099999999999993,14175203.083123706,25.847248718966142,13.885021380108471,11.143857496970213,191.4538672275427,15.319582184522117,0.0,0.0,0.0,0.0,17.90791586385555,39.051297786661316,0.0,0.0,0.0,12.13273413692322,24.26546827384644,51.662225578701594,31.022125207434648,29.703193736737582,17.90791586385555,0.0,24.66768623444585,0.0,13.08951281182515,45.81329484138802,60.17974554369273,0.0,0.0,0.0,0.0,0.0,0.0,103.70847912421156,27.473124364040615,0.0,11.387855989696922,48.791889553995816,0.0,0.0,0.0,147.40000000000003,17.90791586385555,29.703193736737582,0.0,19.634269217737724,50.656394425172365,0.0,0.0,51.35888460962403,12.13273413692322,9.967957041894417,0.0,0.0,0.0,47.38195288376107,27.768128290137113,1.4287574365161366,-2.989406001443477,10.768607054303372,3.2572285480980954,1.2180651219610172,0.0,0.4090909090909091,33,3,11,0,0,0,0,0,2,2,0,0,8,3,11,2,16,0,0,0,0,0,10.875442456964429,2,0.33660000000000484,118.37540000000006,3,0,0,0,0,2,0,0,3,3,3,0,0,0,0,5,0,0,0,0,0,0,0,0,0,0,0,0,0,0,0,0,0,0,0,0,0,0,0,0,0,0,0,0,0,0,0,0,0,0,0,0,0,0,0,0,0,0,0,0,0,0,0,0,0,0,0,0,0,0,0,0,0,2,0,0,0,0,0,0,0,0,0,0,0,0,0,0,0,0,0,0,0,0,0,0,0,0,0,0,0,0,0,0,0,0,0,0,0,0,0,0,0,0,0,0,0,0,0,0,0,0,0,0,0,0,0,0,0,1,0,0,0,0,0,0,0,0,0,0,0,0,0,0,0,0,0,0,0,0,0,0,0,0,0,0,0,0,0,0,0,0,0,0,0,0,0,0,0,0,0,0,0,0,0,0,0,0,0,0,0,0,0,0,0,0,0,0,0,0,0,1,0,0,0,0,0,0,0,0,0,0,0,0,0,0,0,0,0,1,0,0,0,0,0,1,0,0,0,0,0,0,0,0,0,0,0,0,0,0,0,0,0,1,0,0,0,0,0,0,0,0,0,0,0,0,0,0,0,0,0,0,16.83
11.299281722679297,11.299281722679297,0.018256185894658383,-1.086836909557453,0.5110809390020156,16.484848484848484,457.48700000000036,430.27100000000024,457.19613358400005,176,0,0.3539893362336732,-0.4802858049740187,0.4802858049740187,0.3539893362336732,0.6666666666666666,1.0606060606060606,1.4242424242424243,16.372777924619417,10.236706646166924,2.194512401708579,-2.2510916291227283,2.096575523754204,-2.385694515566947,5.851528163442819,-0.13793030232909956,2.85806231372054,1.7363614446676425,888.008533589371,23.794317972067564,18.130516281207935,18.130516281207935,15.795734091081686,10.572363957589591,10.572363957589591,7.86081669951147,7.86081669951147,5.379208275120114,5.379208275120114,3.6812724276402125,3.6812724276402125,-3.4099999999999997,18636115.35523196,24.23672995980372,11.453647638233193,7.594860027590915,190.4480360740135,15.319582184522117,11.387855989696922,0.0,0.0,0.0,17.90791586385555,19.494266376623255,19.55703141003806,0.0,0.0,12.13273413692322,24.26546827384644,52.358051247300594,17.932612395609496,29.703193736737582,17.90791586385555,0.0,24.66768623444585,0.0,13.08951281182515,45.81329484138802,59.173914390163496,0.0,0.0,0.0,0.0,0.0,0.0,103.70847912421156,17.884049995896973,0.0,32.36478634753749,36.39820241076966,0.0,0.0,0.0,147.39999999999998,17.90791586385555,29.703193736737582,0.0,17.932612395609496,63.74590723699751,0.0,12.13273413692322,24.26546827384644,4.899909730850478,19.76777650359537,0.0,0.0,0.0,48.23886450907593,27.653607242172043,1.2159090353001998,-3.0773784303339458,9.746614944047373,0.0,4.389049366405066,0.0,0.4090909090909091,33,3,11,0,1,1,0,0,2,2,0,0,8,3,11,3,8,0,1,1,0,0,8.41208984432126,3,0.5774000000000015,117.02240000000008,1,0,0,0,2,2,0,0,3,3,3,0,0,0,0,5,0,0,0,0,0,0,0,0,0,0,0,0,0,0,0,0,0,0,0,0,0,0,0,0,0,0,0,0,0,0,0,0,0,0,0,0,0,0,0,0,0,0,0,0,0,0,0,0,0,0,0,0,0,0,0,0,0,2,0,0,0,0,0,0,0,0,0,0,0,0,0,0,0,0,0,0,0,0,0,0,0,0,0,0,0,0,0,0,0,0,0,0,0,0,0,0,0,0,0,0,0,0,0,0,0,0,0,0,0,0,0,0,0,1,0,0,0,0,0,0,0,0,0,0,0,0,0,0,0,0,0,0,0,0,0,0,0,0,0,0,0,0,0,0,0,0,0,0,0,0,0,0,0,0,0,0,0,0,0,0,0,0,0,0,0,0,0,0,0,0,1,0,0,0,0,1,0,0,0,0,0,0,0,0,0,0,0,0,0,1,0,0,0,1,0,0,0,0,0,1,0,0,0,0,0,0,1,0,0,0,0,0,0,0,0,0,0,1,0,0,0,0,0,0,0,0,0,0,0,0,0,0,0,0,1,0,15.8
11.466889187620517,11.466889187620517,0.006593482300327302,-4.4800325351333985,0.14934761603656677,21.25,548.3000000000001,516.0440000000002,548.096718984,192,0,0.3389423829607393,-0.3235291578850716,0.3389423829607393,0.3235291578850716,0.375,0.5,0.59375,31.19542048146308,10.352789428827741,2.2748588039510635,-2.339032839045085,2.3811869257444482,-2.461097976438794,7.519637852834678,0.15006794256346556,2.522214670843435,3.095860394382128,576.0,24.79468245099707,17.273692064093353,20.85140082809301,14.313193047939452,9.389940999609628,16.580356614424765,7.696558150483764,14.145402541452116,4.4667266614374945,7.5405357280430705,3.1864102555186915,6.402061875759211,0.4399999999999999,1748036.0109160678,30.470826140567198,12.41548142849642,16.132362254566726,184.99274949643603,39.1472928220198,25.143379241817946,0.0,0.0,0.0,30.38304930715154,37.85983206312723,0.0,0.0,0.0,0.0,0.0,52.358051247300594,0.0,57.40748596174511,30.38304930715154,0.0,19.599638923401912,0.0,0.0,77.50143048911855,0.0,0.0,0.0,0.0,0.0,0.0,30.38304930715154,136.2483622345403,18.260193139725317,0.0,0.0,0.0,0.0,0.0,0.0,243.07999999999998,55.526428548969484,57.40748596174511,0.0,52.358051247300594,0.0,0.0,19.599638923401912,0.0,0.0,0.0,0.0,45.867556750482066,0.0,79.91947585106652,0.0,0.0,0.0,0.0,-2.591932380390173,-0.05274785840262064,-17.920130140533587,1.0,32,8,16,0,1,1,0,0,0,0,4,0,8,8,20,1,8,0,1,1,0,4,11.822186751848603,1,-2.2511999999999945,113.93640000000002,0,0,0,0,0,0,0,0,0,0,0,0,0,0,0,4,0,0,0,0,0,0,0,0,0,0,0,0,0,0,0,0,0,0,0,0,0,0,0,0,0,0,0,0,0,0,0,0,0,0,0,0,0,0,0,0,0,0,0,0,0,0,0,0,0,0,0,0,0,0,0,0,0,0,0,0,0,0,0,0,0,0,0,0,0,0,0,0,0,0,0,0,0,0,0,0,0,0,0,0,0,0,0,0,0,0,0,0,0,0,0,0,0,0,0,0,0,0,0,0,0,0,0,0,0,0,0,0,0,1,0,0,0,0,0,0,0,0,0,0,0,0,0,0,0,0,0,0,0,0,0,0,0,0,0,0,0,0,0,0,0,0,0,0,0,0,0,0,0,0,0,0,0,0,0,0,0,0,0,0,0,0,0,0,0,0,1,0,0,0,0,1,0,0,0,0,0,0,0,0,0,0,0,0,0,1,0,0,0,1,0,0,0,0,0,1,0,0,0,0,0,0,1,0,0,0,0,0,0,0,0,0,0,1,0,0,0,0,0,0,0,0,0,0,0,0,0,0,0,0,1,0,28.8
13.2379684093432,13.2379684093432,0.09266536538857983,-1.0740205452044436,0.14327359645147544,34.702127659574465,659.825,606.4010000000002,659.389413656,262,0,0.31721724855134253,-0.48028580497400253,0.48028580497400253,0.31721724855134253,0.44680851063829785,0.7021276595744681,0.9787234042553191,16.373581297217843,9.527278131414217,2.523913309793405,-2.565547244792848,2.5626756426429256,-2.6087373518107215,5.802659719394711,-0.140818184301359,2.9078391639673393,1.0141267363678788,1017.7669748842018,33.34635973594534,27.537867045374306,27.537867045374306,22.32767115403454,17.775047538436677,17.775047538436677,16.37079711413303,16.37079711413303,12.161582487001624,12.161582487001624,11.441718184863735,11.441718184863735,-2.7700000000000005,16310940035.746944,34.10576057018487,13.991635325604033,8.829509037274676,276.3168910163752,25.953159392534776,0.0,0.0,11.814359458703011,0.0,17.90791586385555,38.67241511291054,0.0,0.0,0.0,0.0,112.55729575208049,37.25687612841699,32.72378202956288,39.292268104881224,29.72227532255856,0.0,25.333306400564094,35.507436276968356,88.12770997987882,58.902807653213166,0.0,0.0,0.0,10.633577208012662,0.0,0.0,0.0,129.72224485761203,23.97268592035911,35.507436276968356,77.04985947511214,0.0,0.0,0.0,0.0,179.82,17.90791586385555,39.292268104881224,0.0,81.79501761668288,35.507436276968356,38.524929737556064,48.32474919925701,4.899909730850478,0.0,10.633577208012662,0.0,0.0,0.0,66.25726902115326,35.29294529407706,-0.3776756502390741,0.32952522209461577,0.0,13.415124834285766,-0.5838553880382895,0.0,0.8529411764705882,47,5,13,8,0,8,2,0,0,0,0,8,8,5,13,0,18,8,0,8,0,0,10.153092859582804,8,1.3162000000000067,170.3187999999996,3,0,0,0,0,0,0,0,3,3,5,2,0,0,0,3,2,0,0,0,0,0,0,0,0,0,0,2,0,0,0,0,0,0,0,0,0,0,0,0,0,0,0,0,0,0,0,0,0,0,0,0,0,0,0,0,0,0,0,0,0,0,0,0,0,0,0,0,0,0,0,0,0,0,0,0,0,0,0,0,0,0,0,0,0,0,0,0,0,0,0,0,0,0,0,0,0,0,0,0,0,0,0,0,0,0,0,0,0,0,0,0,0,0,0,0,0,0,0,0,0,0,0,0,0,0,0,0,0,1,0,0,0,0,0,0,0,0,0,0,0,0,0,0,0,0,0,0,0,0,0,0,0,0,0,0,0,0,0,0,0,0,0,0,0,0,0,0,0,0,0,0,0,0,0,0,0,0,0,0,0,0,0,0,0,0,0,0,0,0,0,1,0,0,0,0,0,0,0,0,0,0,0,0,0,0,0,0,0,1,0,0,0,0,0,1,0,0,0,0,0,0,0,0,0,0,0,0,0,0,0,0,0,1,0,0,0,0,0,0,0,0,0,0,0,0,0,0,0,0,0,0,16.85
10.278943216175358,10.278943216175358,0.28208333333333324,-1.04411753590325,0.5421666297041461,10.307692307692308,191.18299999999996,178.07899999999998,191.079372516,76,0,0.3172187456588544,-0.48028566050344124,0.48028566050344124,0.3172187456588544,1.2307692307692308,1.6923076923076923,2.0,16.46269709349528,10.426492091254934,2.117397522258791,-2.1610788743777083,1.8773886916588967,-2.3620473867069176,5.720556037029147,-0.14148318279386474,1.9761288794103584,3.8662324877957115,148.87712379549453,10.267584713501616,7.394812782637654,7.394812782637654,6.0577493102643665,3.7081753902595587,3.7081753902595587,2.4909313232902046,2.4909313232902046,1.3293734007771447,1.3293734007771447,0.8169763060720769,0.8169763060720769,-1.1400000000000001,490.07996209376887,11.860000000000001,6.384129941056816,7.228324125230202,75.713794318399,14.94991774348146,0.0,0.0,0.0,0.0,11.938610575903699,14.48898409899412,0.0,0.0,0.0,0.0,0.0,13.65455394719011,19.696394776338067,24.538992111625106,11.938610575903699,0.0,4.899909730850478,0.0,0.0,33.35094872352818,0.0,0.0,0.0,0.0,0.0,0.0,0.0,60.40252381996376,14.325937321943691,0.0,0.0,0.0,0.0,0.0,0.0,87.07,11.938610575903699,9.589074368143644,0.0,13.08951281182515,13.151638370425493,0.0,12.009707272128011,0.0,0.0,0.0,14.94991774348146,4.707926114890401,0.0,21.843766061980347,16.841409674981104,0.0,-2.0882350718065,0.0,0.0,0.05652777777777773,1.4719387755102042,0.7142857142857143,13,2,6,0,0,0,0,0,0,0,0,0,4,2,6,0,7,0,0,0,0,0,5.824290853917988,0,-0.8959999999999992,43.58760000000001,2,0,0,0,0,0,0,0,2,2,2,0,0,0,0,1,0,0,0,0,0,0,0,0,0,0,0,0,0,0,0,0,0,0,0,0,0,0,0,0,0,1,0,0,0,0,0,0,0,0,0,0,0,0,0,1,0,0,0,0,0,0,0,0,0,0,0,0,0,0,0,0,0,0,0,0,0,0,0,0,0,0,0,0,0,0,0,0,0,0,0,0,0,0,0,0,0,0,0,0,0,0,0,0,0,0,0,0,0,0,0,0,0,0,0,0,0,0,0,0,0,0,0,0,0,0,0,0,0,1,0,0,0,0,0,0,0,0,0,0,0,0,0,0,0,0,0,0,0,0,0,0,0,0,0,0,0,0,0,0,0,0,0,0,0,0,0,0,0,0,0,0,0,0,0,0,0,0,0,0,0,0,0,0,0,0,0,0,0,0,0,0,0,0,0,0,0,0,0,0,0,0,0,0,0,0,0,0,0,1,0,0,0,0,0,1,0,0,0,0,0,0,0,0,0,0,0,0,0,0,0,0,0,0,0,0,0,0,0,0,0,0,0,0,0,0,0,0,0,0,0,0,7.88
11.010496836883922,11.010496836883922,0.029426177878558724,-0.8654559631219076,0.7288708226477948,18.5,336.39200000000005,312.20000000000005,336.17975524800005,132,0,0.317204365461749,-0.4802858049740186,0.4802858049740186,0.317204365461749,0.875,1.375,1.7916666666666667,16.37005391618124,10.285412751996272,2.190343559673852,-2.242434124907199,2.0501229206218046,-2.398023260463443,5.690700364151875,-0.1396297883728651,2.609553750224971,2.0203507156229676,482.0996649423297,17.363596551749424,13.673140261364908,13.673140261364908,11.524877143252587,8.032652773987136,8.032652773987136,5.936995664335561,5.936995664335561,4.026853034921738,4.026853034921738,2.7616076281323516,2.7616076281323516,-2.03,213524.12605840803,18.31069916487387,9.31067300533767,6.61111683593204,140.8505959203666,10.213054789681411,0.0,0.0,0.0,0.0,11.938610575903699,29.272782081642283,0.0,0.0,0.0,6.06636706846161,12.13273413692322,52.0101384130011,18.78344080667361,19.802129157825057,11.938610575903699,0.0,19.68370771349864,0.0,6.544756405912575,52.358051247300594,30.089872771846366,0.0,0.0,0.0,0.0,0.0,0.0,94.19342432638436,16.133830774056218,0.0,5.693927994848461,24.395944776997908,0.0,0.0,0.0,97.21000000000001,11.938610575903699,9.589074368143644,0.0,13.08951281182515,32.72378202956288,18.78344080667361,0.0,6.196843571613076,27.998920667085784,9.883888251797686,10.213054789681411,0.0,0.0,32.25102716247197,18.0752537867509,0.9502926849752249,-1.7309119262438153,5.757871707784226,1.7490706721929665,4.447395912068531,0.0,0.5625,24,2,8,0,1,1,0,0,1,1,0,0,6,2,8,2,6,0,1,1,0,0,7.103538850968756,2,-0.3295999999999979,87.66560000000005,2,0,0,0,0,1,0,0,2,2,2,0,0,0,0,4,0,0,0,0,0,0,0,0,0,0,0,0,0,0,0,0,0,0,0,0,0,0,0,0,0,0,0,0,0,0,0,0,0,0,0,0,0,0,0,0,0,0,0,0,0,0,0,0,0,0,0,0,0,0,0,0,0,1,0,0,0,0,0,0,0,0,0,0,0,0,0,0,0,0,0,0,0,0,0,0,0,0,0,0,0,0,0,0,0,0,0,0,0,0,0,0,0,0,0,0,0,0,0,0,0,0,0,0,0,0,0,0,0,1,0,0,0,0,0,0,0,0,0,0,0,0,0,0,0,0,0,0,0,0,0,0,0,0,0,0,0,0,0,0,0,0,0,0,0,0,0,0,0,0,0,0,0,0,0,0,0,0,0,0,0,0,0,0,0,0,1,0,0,0,0,1,0,0,0,0,0,0,0,0,0,0,0,0,0,1,0,0,0,1,0,0,0,0,0,1,0,0,0,0,0,0,1,0,0,0,0,0,0,0,0,0,0,1,0,0,0,0,0,0,0,0,0,0,0,0,0,0,0,0,1,0,12.55
11.453569094712671,11.453569094712671,0.027396227009322427,-1.2295561473454069,0.16125815333629998,12.085714285714285,497.5010000000003,466.2530000000003,497.20094419199995,194,0,0.31722812040755966,-0.48028580844214497,0.48028580844214497,0.31722812040755966,0.6285714285714286,1.0571428571428572,1.5142857142857142,16.381502881566355,10.031675163794736,2.264555627178237,-2.3359964456337585,2.1213862913732973,-2.5004708824641426,5.729746671199145,-0.14481915790881103,2.710470143132861,3.0418890547503636,788.854100712454,26.380104409694468,19.15411964332221,19.15411964332221,16.45530525357913,10.775176259801741,10.775176259801741,8.016545470157453,8.016545470157453,5.001484032558486,5.001484032558486,3.695600548611122,3.695600548611122,-3.55,17591948.68194494,29.481796502384736,15.37123723701001,13.67717643288508,201.32875722165167,25.532636974203527,0.0,0.0,0.0,0.0,29.846526439759245,38.67241511291054,0.0,0.0,0.0,30.33183534230805,18.405094737549014,25.676110046885686,32.72378202956288,49.50532289456263,29.846526439759245,0.0,14.699729192551434,0.0,18.88348407499998,52.358051247300594,35.89528683400505,0.0,0.0,0.0,0.0,0.0,0.0,128.4787846829628,30.393507543285118,0.0,11.984273114623004,30.33183534230805,0.0,0.0,0.0,196.22,68.61214929847007,39.292268104881224,0.0,32.47591246358975,0.0,5.563451491696996,14.699729192551434,30.33183534230805,0.0,0.0,10.213054789681411,0.0,0.0,60.15979153708927,45.86949245790141,0.8080037740404806,-6.011418788457999,8.284567689294974,0.5053874728265955,-2.282490809361404,0.0,0.5,35,5,13,0,0,0,0,1,0,1,1,0,8,5,13,0,19,0,0,0,0,1,12.947762520325936,1,-0.6831999999999927,121.1830000000001,5,0,0,0,0,0,0,0,5,5,5,0,0,0,0,3,0,0,0,0,0,0,0,0,0,0,0,0,0,0,0,0,0,0,1,0,0,0,0,0,0,0,0,0,0,0,0,0,0,0,0,0,0,0,0,0,0,0,0,0,0,0,0,0,0,0,0,0,0,0,0,0,0,0,0,0,0,0,0,0,0,0,0,0,0,0,0,0,0,0,0,0,0,0,0,0,0,0,0,0,0,0,0,0,0,0,0,0,0,0,0,0,0,0,0,0,0,0,0,0,0,0,0,0,0,0,0,0,0,1,0,0,0,0,0,0,0,0,0,0,0,0,0,0,0,0,0,0,0,0,0,0,0,0,0,0,0,0,0,0,0,0,0,0,0,0,0,0,0,0,0,0,0,0,0,0,0,0,0,0,0,0,0,0,0,0,0,0,0,0,0,1,0,0,0,0,0,0,0,0,0,0,0,0,0,0,0,0,0,1,0,0,0,0,0,1,0,0,0,0,0,0,0,0,0,0,0,0,0,0,0,0,0,1,0,0,0,0,0,0,0,0,0,0,0,0,0,0,0,0,0,0,23.79
10.828070921836948,10.828070921836948,0.008542240587695371,-0.8460108736127865,0.6726206920293989,22.545454545454547,320.38600000000014,292.16200000000003,320.194736616,130,0,0.3172056144325675,-0.4802857980438629,0.4802857980438629,0.3172056144325675,0.8181818181818182,1.2727272727272727,1.7272727272727273,16.527475462397298,10.428142663714155,2.090211588778402,-2.1987135109497773,1.9119253570880466,-2.3554370018963042,5.685531713216912,-0.13824386726457935,2.483074246152413,2.246303244933812,234.7639251168273,15.882622599737113,13.128056798744351,13.128056798744351,10.787693700234705,7.74647548957075,7.74647548957075,4.869376157764845,4.869376157764845,3.052941657045279,3.052941657045279,1.9061283948758694,1.9061283948758694,-0.7700000000000002,76657.46812721729,19.277103155911448,13.862961963586727,11.842794735087502,131.19729998553495,29.370767814047234,0.0,0.0,0.0,0.0,5.969305287951849,9.694446914922299,0.0,0.0,0.0,0.0,0.0,26.1790256236503,59.39981212201591,28.848516394112725,5.969305287951849,0.0,10.216698334856808,0.0,0.0,85.57883774566622,0.0,0.0,0.0,5.316788604006331,0.0,0.0,0.0,101.55458015930927,23.741988999272017,0.0,0.0,0.0,0.0,0.0,0.0,89.49000000000001,5.969305287951849,4.794537184071822,0.0,6.544756405912575,65.94456852792848,13.08951281182515,0.0,4.899909730850478,0.0,5.316788604006331,24.0539792100409,21.729015285126398,0.0,12.630743036979302,12.11320640513302,0.0,-0.8460108736127865,0.0,0.0,7.039712813040736,0.0,0.9285714285714286,22,2,8,0,1,1,0,0,0,0,0,0,7,2,8,1,2,0,1,1,0,0,12.147170355388095,1,-0.9573999999999956,80.22150000000005,1,0,0,0,0,0,0,0,1,1,1,0,0,0,0,1,1,0,0,0,0,0,0,0,0,0,0,0,0,0,0,0,0,0,0,0,0,0,0,0,0,4,0,0,0,0,0,0,0,0,0,0,0,0,0,0,0,0,0,0,0,0,0,0,0,0,0,0,0,0,0,0,0,0,0,0,0,0,0,0,0,0,0,0,0,0,0,0,0,0,0,0,0,0,0,0,0,0,0,0,0,0,0,0,0,0,0,0,0,0,0,0,0,0,0,0,0,0,0,0,0,0,0,0,0,0,0,0,0,1,0,0,0,0,0,0,0,0,0,0,0,0,0,0,0,0,0,0,0,0,0,0,0,0,0,0,0,0,0,0,0,0,0,0,0,0,0,0,0,0,0,0,0,0,0,0,0,0,0,0,0,0,0,0,0,0,0,0,0,0,0,1,0,0,0,0,0,0,0,0,0,0,0,0,0,1,0,0,0,1,0,0,0,0,0,1,0,0,0,0,0,0,1,0,0,0,0,0,0,0,0,0,0,1,0,0,0,0,0,0,0,0,0,0,0,0,0,0,0,0,1,0,7.29
12.629053835888541,12.629053835888541,0.04165011628860271,-1.1628874245937275,0.11458924703082751,10.955555555555556,631.6830000000002,590.3550000000004,631.285342512,246,0,0.3172172485480286,-0.49640651610444,0.49640651610444,0.3172172485480286,0.5555555555555556,0.8888888888888888,1.2444444444444445,16.46874162863126,10.172154233026323,2.1993414616249267,-2.2762367115475417,2.1711923211550994,-2.468154754538404,5.793815718277882,-0.14058594847073358,2.990608700658787,1.9662078872771032,1146.6895548803325,33.191659197566096,25.43799635281582,25.43799635281582,21.49764135368948,14.098916938671438,14.098916938671438,10.055826538992681,10.055826538992681,6.613001359408177,6.613001359408177,4.4411172815391105,4.4411172815391105,-4.73,3479798404.0892234,36.461496905642264,19.528018712204386,14.530612663318228,260.85408297834675,35.42688530013488,11.49902366656781,0.0,11.814359458703011,0.0,17.90791586385555,38.67241511291054,0.0,0.0,0.0,36.39820241076966,12.13273413692322,50.39544141886944,46.94337711211794,48.76599401248132,29.72227532255856,0.0,25.333306400564094,0.0,13.08951281182515,73.12240273576825,59.65783953108687,0.0,11.49902366656781,20.10730311561276,0.0,11.49902366656781,0.0,132.86398943540038,37.06219873218426,0.0,11.126902983393991,48.53093654769288,0.0,0.0,0.0,198.27999999999997,49.356544540296284,39.292268104881224,0.0,52.358051247300594,11.49902366656781,11.126902983393991,28.9193242751065,48.53093654769288,0.0,10.633577208012662,9.473725907600098,10.546513095590562,0.0,63.98230261506123,33.634210129167904,1.481771621805394,-3.148185779217501,14.253835747672248,0.0,-1.2731727165596163,3.0227252864797887,0.43333333333333335,45,5,15,0,0,0,2,2,0,2,0,0,10,5,15,0,22,0,0,0,0,0,15.822684307741431,2,-0.20379999999999182,161.90879999999973,3,0,0,0,0,0,0,0,3,3,5,2,0,0,0,3,2,0,0,0,0,0,0,0,0,0,0,2,0,0,0,0,0,0,2,0,0,0,0,0,0,2,0,0,0,0,0,0,0,0,0,0,0,0,0,2,0,0,0,0,0,0,0,0,2,0,0,0,0,0,0,0,0,0,0,0,0,0,0,0,0,0,0,0,0,0,0,0,0,0,0,0,0,0,0,0,0,0,0,0,0,0,0,0,0,0,0,0,0,0,0,0,0,0,0,0,0,0,0,0,0,0,0,0,0,0,0,0,0,1,0,0,0,0,0,0,0,0,0,0,0,0,0,0,0,0,0,0,0,0,0,0,0,0,0,0,0,0,0,0,0,0,0,0,0,0,0,0,0,0,0,0,0,0,0,0,0,0,0,0,0,0,0,0,0,0,0,0,0,0,0,1,0,0,0,0,0,0,0,0,0,0,0,0,0,0,0,0,0,1,0,0,0,0,0,1,0,0,0,0,0,0,0,0,0,0,0,0,0,0,0,0,0,1,0,0,0,0,0,0,0,0,0,0,0,0,0,0,0,0,0,0,16.82
11.690720827582854,11.690720827582854,0.0390562011841773,-1.363605966210584,0.22601396708798485,19.375,462.4560000000003,432.21600000000024,462.1961931599999,182,0,0.32102868449471755,-0.48117518997624525,0.48117518997624525,0.32102868449471755,0.53125,0.84375,1.09375,16.382060517588492,10.136274218746385,2.2939515438063918,-2.3450712439552333,2.0838485769116275,-2.5180092945460304,5.801520624513355,-0.149881003213452,2.6469296723923526,3.1144234156630506,612.9494616147807,24.25878406613483,17.628795455247136,17.628795455247136,14.972142005984738,9.986496018273701,9.986496018273701,7.497526142249764,7.497526142249764,5.042197594987163,5.042197594987163,3.450507458624112,3.450507458624112,-2.8100000000000005,3982168.05177133,27.2242583076396,13.569472464900846,10.99250370133821,183.75554976105505,25.532636974203527,6.041840829147961,0.0,0.0,0.0,29.846526439759245,43.57232484376102,0.0,0.0,0.0,0.0,0.0,52.358051247300594,26.055090840663738,49.50532289456263,29.846526439759245,0.0,19.599638923401912,0.0,12.462662452073971,71.99232046503832,0.0,0.0,0.0,0.0,0.0,0.0,0.0,153.012963631551,23.97268592035911,0.0,6.4208216229260096,0.0,0.0,0.0,0.0,199.45999999999998,42.30918889183321,29.079213315199816,0.0,71.99232046503832,0.0,0.0,14.699729192551434,4.899909730850478,0.0,0.0,20.426109579362823,0.0,0.0,62.486642308497636,46.0851125268374,0.0,-5.946403668761379,-1.363605966210584,-0.6670795709621471,0.07200103726573848,0.0,0.7222222222222222,32,5,14,0,1,1,0,0,0,0,1,0,9,5,14,1,10,0,1,1,0,1,11.54433823383949,1,-2.6102999999999916,107.47700000000009,5,0,0,0,0,0,0,0,5,5,5,0,0,0,0,4,0,0,0,0,0,0,0,0,0,0,0,0,0,0,0,0,0,0,0,0,0,0,0,0,0,0,0,0,0,0,0,0,0,0,0,0,0,0,0,0,0,0,0,0,0,0,0,0,0,0,0,0,0,0,0,0,0,0,0,0,0,0,0,0,0,0,0,0,0,0,0,0,0,0,0,0,0,0,0,0,0,0,0,0,0,0,0,0,0,0,0,0,0,0,0,0,0,0,0,0,0,0,0,0,0,0,0,0,0,0,0,0,0,1,0,0,0,0,0,0,0,0,0,0,0,0,0,0,0,0,0,0,0,0,0,0,0,0,0,0,0,0,0,0,0,0,0,0,0,0,0,0,0,0,0,0,0,0,0,0,0,0,0,0,0,0,0,0,0,0,1,0,0,0,0,1,0,0,0,0,0,0,0,0,0,0,0,0,0,1,0,0,0,1,0,0,0,0,0,1,0,0,0,0,0,0,1,0,0,0,0,0,0,0,0,0,0,1,0,0,0,0,0,0,0,0,0,0,0,0,0,0,0,0,1,0,27.2
10.627799459943462,10.627799459943462,0.2527315771349863,-1.1119252406477333,0.24110302685474175,10.96,364.3510000000001,340.1590000000001,364.1481803479999,144,0,0.3172173225148018,-0.4802856684441621,0.4802856684441621,0.3172173225148018,0.6,0.88,1.12,16.4734186555739,10.32846262292073,2.1366918684156477,-2.1839491467273455,1.960504193519685,-2.356711607721804,5.726506356885872,-0.14330938293377107,2.4271466520703435,3.9075872154125633,351.3192643786829,19.242276208189782,13.795590837184541,13.795590837184541,11.701285058155639,7.599854199591392,7.599854199591392,5.315743303809259,5.315743303809259,2.9615023604618353,2.9615023604618353,2.0756787947833737,2.0756787947833737,-2.24,126910.64414345412,22.759999999999998,13.096081562066397,15.050117788434287,143.93973449385823,25.162972533162872,0.0,0.0,0.0,0.0,23.877221151807397,28.97796819798824,0.0,0.0,0.0,0.0,12.841643245852019,26.303276740850986,26.1790256236503,44.341121269450156,23.877221151807397,0.0,9.799819461700956,0.0,12.841643245852019,52.48230236450128,0.0,0.0,0.0,0.0,0.0,0.0,0.0,106.58545255737249,23.915011690087333,0.0,12.841643245852019,0.0,0.0,0.0,0.0,164.91,23.877221151807397,19.178148736287287,0.0,52.48230236450128,12.841643245852019,0.0,9.799819461700956,0.0,0.0,0.0,25.162972533162872,5.311326530612245,0.0,45.057787323822744,34.768761264219556,0.0,-4.4477009625909325,0.0,0.8780280507264631,-0.4015355401234113,0.0,0.7142857142857143,25,4,11,0,0,0,0,0,0,0,0,0,7,4,11,0,16,0,0,0,0,0,11.922672654105247,0,-1.274399999999995,83.47620000000005,4,0,0,0,0,0,0,0,4,4,4,0,0,0,0,2,0,0,0,0,0,0,0,0,0,0,0,0,0,0,0,0,0,0,0,0,0,0,0,0,0,1,0,0,0,0,0,0,0,0,0,0,0,0,0,0,0,0,0,0,0,0,0,0,0,0,0,0,0,0,0,0,0,0,0,0,0,0,0,0,0,0,0,0,0,0,0,0,0,0,0,0,0,0,0,0,0,0,0,0,0,0,0,0,0,0,0,0,0,0,0,0,0,0,0,0,0,0,0,0,0,0,0,0,0,0,0,0,0,1,0,0,0,0,0,0,0,0,0,0,0,0,0,0,0,0,0,0,0,0,0,0,0,0,0,0,0,0,0,0,0,0,0,0,0,0,0,0,0,0,0,0,0,0,0,0,0,0,0,0,0,0,0,0,0,0,0,0,0,0,0,1,0,0,0,0,0,0,0,0,0,0,0,0,0,0,0,0,0,1,0,0,0,0,0,1,0,0,0,0,0,0,0,0,0,0,0,0,0,0,0,0,0,1,0,0,0,0,0,0,0,0,0,0,0,0,0,0,0,0,0,0,11.74
10.789783681225781,10.789783681225781,0.05688303099017378,-1.1852054988662133,0.34726402012676477,11.652173913043478,334.32500000000005,312.14900000000006,334.13761566399995,132,0,0.31721766137941915,-0.4802856665388192,0.4802856665388192,0.31721766137941915,0.6521739130434783,0.8695652173913043,1.0434782608695652,16.378692308350512,9.91317977955625,2.2809681473066252,-2.343658292208003,2.1874530057063812,-2.4703118875140913,5.728301451804993,-0.14268311883950505,2.215536162822963,4.93297753845207,360.9546635134159,18.20674230225704,13.058915421974488,13.058915421974488,10.408391839342185,6.729610711588314,6.729610711588314,6.029491819816893,6.029491819816893,2.7387447185053087,2.7387447185053087,2.3612135253118316,2.3612135253118316,-2.1999999999999997,30769.366229285308,20.8,9.055059261942963,11.075192429913143,132.46124714995474,20.426109579362823,0.0,0.0,0.0,0.0,23.877221151807397,28.97796819798824,0.0,0.0,0.0,13.847474399381248,5.41499046939678,13.08951281182515,26.1790256236503,39.60425831565011,23.877221151807397,0.0,9.799819461700956,5.41499046939678,13.847474399381248,39.26853843547545,0.0,0.0,0.0,0.0,0.0,0.0,0.0,93.37168862834665,19.178148736287287,5.41499046939678,13.847474399381248,0.0,0.0,0.0,0.0,155.67999999999998,55.47123724485447,19.178148736287287,0.0,13.08951281182515,0.0,0.0,9.799819461700956,13.847474399381248,0.0,0.0,20.426109579362823,0.0,0.0,45.55671597962724,35.251919066984,-0.7124999999999999,-4.740821995464852,0.0,0.0,1.5613536155202814,0.0,0.6923076923076923,23,4,10,0,0,0,0,0,0,0,0,0,6,4,10,0,12,0,0,0,0,0,8.18892315862668,0,-1.0449999999999962,77.20420000000004,4,0,0,0,0,0,0,0,4,4,4,0,0,0,0,2,0,0,0,0,0,0,0,0,0,0,0,0,0,0,0,0,0,0,0,0,0,0,0,0,0,0,0,0,0,0,0,0,0,0,0,0,0,0,0,0,0,0,0,0,0,0,0,0,0,0,0,0,0,0,0,0,0,0,0,0,0,0,0,0,0,0,0,0,0,0,0,0,0,0,0,0,0,0,0,0,0,0,0,0,0,0,0,0,0,0,0,0,0,0,0,0,0,0,0,0,0,0,0,0,0,0,0,0,0,0,0,0,0,1,0,0,0,0,0,0,0,0,0,0,0,0,0,0,0,0,0,0,0,0,0,0,0,0,0,0,0,0,0,0,0,0,0,0,0,0,0,0,0,0,0,0,0,0,0,0,0,0,0,0,0,0,0,0,0,0,0,0,0,0,0,1,0,0,0,0,0,0,0,0,0,0,0,0,0,0,0,0,0,1,0,0,0,0,0,1,0,0,0,0,0,0,0,0,0,0,0,0,0,0,0,0,0,1,0,0,0,0,0,0,0,0,0,0,0,0,0,0,0,0,0,0,12.3
10.622290761783665,10.622290761783665,0.2881558641975308,-1.1107948843117497,0.2934757209348931,10.869565217391305,334.32500000000005,312.14900000000006,334.13761566399995,132,0,0.3172173110945373,-0.4802856684744739,0.4802856684744739,0.3172173110945373,0.5217391304347826,0.782608695652174,1.0,16.37860826627618,10.183808100730351,2.1428270617168437,-2.1920062940469314,2.0172716631360355,-2.3575053576817657,5.7265947573638885,-0.14321006053110935,2.3431003023056767,4.0893069479323785,326.26137307125543,17.828062645816686,12.68023576553413,12.68023576553413,10.701285058155639,7.022503930401766,7.022503930401766,5.056924258706738,5.056924258706738,2.8841520912722096,2.8841520912722096,2.0407766251085113,2.0407766251085113,-2.1999999999999997,46787.02683643975,20.8,11.378303850156087,13.20055550879556,132.46124714995474,20.426109579362823,0.0,0.0,0.0,0.0,23.877221151807397,28.97796819798824,0.0,0.0,0.0,6.4208216229260096,25.93115605767717,0.0,26.1790256236503,39.60425831565011,23.877221151807397,0.0,9.799819461700956,0.0,19.26246486877803,39.26853843547545,0.0,0.0,0.0,0.0,0.0,0.0,0.0,93.37168862834665,19.178148736287287,0.0,19.26246486877803,0.0,0.0,0.0,0.0,155.68,23.877221151807397,19.178148736287287,0.0,39.26853843547545,19.26246486877803,0.0,9.799819461700956,0.0,0.0,0.0,20.426109579362823,0.0,0.0,45.066410989521486,34.750481002098134,0.0,-4.443179537246997,0.0,1.6751606198034765,-0.882206407509438,0.0,0.6923076923076923,23,4,10,0,0,0,0,0,0,0,0,0,6,4,10,0,14,0,0,0,0,0,10.289944351445504,0,-0.9008999999999965,77.27420000000005,4,0,0,0,0,0,0,0,4,4,4,0,0,0,0,2,0,0,0,0,0,0,0,0,0,0,0,0,0,0,0,0,0,0,0,0,0,0,0,0,0,0,0,0,0,0,0,0,0,0,0,0,0,0,0,0,0,0,0,0,0,0,0,0,0,0,0,0,0,0,0,0,0,0,0,0,0,0,0,0,0,0,0,2,0,0,0,0,0,0,0,0,0,0,0,0,0,0,0,0,0,0,0,0,0,0,0,0,0,0,0,0,0,0,0,0,0,0,0,0,0,0,0,0,0,0,0,0,0,1,0,0,0,0,0,0,0,0,0,0,0,0,0,0,0,0,0,0,0,0,0,0,0,0,0,0,0,0,0,0,0,0,0,0,0,0,0,0,0,0,0,0,0,0,0,0,0,0,0,0,0,0,0,0,0,0,0,0,0,0,0,1,0,0,0,0,0,0,0,0,0,0,0,0,0,0,0,0,0,1,0,0,0,0,0,1,0,0,0,0,0,0,0,0,0,0,0,0,0,0,0,0,0,1,0,0,0,0,0,0,0,0,0,0,0,0,0,0,0,0,0,0,10.37
11.666206118249768,11.666206118249768,0.035174004787099866,-1.200747433232553,0.17468421216659763,11.0,406.3920000000002,380.18400000000014,406.1699784119999,160,0,0.31721811896917773,-0.4802856639773268,0.4802856639773268,0.31721811896917773,0.5714285714285714,0.8571428571428571,1.1071428571428572,16.37879408164153,10.321459163726518,2.1868624729378445,-2.273548285826339,1.9685307172482844,-2.4623478734540023,5.773043696727477,-0.14315569667199457,2.5395337467124115,4.953000185386049,458.24156472329037,21.689869965382485,15.535697651497953,15.535697651497953,13.026983560851129,8.278864764277484,8.278864764277484,5.9455882938952405,5.9455882938952405,3.546432086892629,3.546432086892629,2.3109296766913103,2.3109296766913103,-2.7700000000000005,471987.584028982,25.23,13.40626702158866,13.43601575691933,160.6623493326031,25.742898183369157,0.0,0.0,5.907179729351506,0.0,23.877221151807397,38.67241511291054,0.0,0.0,0.0,0.0,0.0,33.22669760632749,32.72378202956288,44.39879549972193,29.784400881158902,0.0,20.016517796557764,0.0,0.0,65.95047963589036,0.0,0.0,0.0,5.316788604006331,0.0,0.0,0.0,130.86071928896357,23.97268592035911,0.0,0.0,0.0,0.0,0.0,0.0,188.01999999999998,50.056246775457694,23.97268592035911,0.0,38.63096175891438,0.0,0.0,16.847491444378146,4.899909730850478,0.0,5.316788604006331,20.426109579362823,0.0,0.0,58.97748455327002,37.85244827671332,0.0,-5.158509805156631,0.0,0.0,-1.757566699774492,1.4194770082811208,0.6666666666666666,28,5,13,0,0,0,1,0,0,0,0,0,8,5,13,0,16,0,0,0,0,0,12.080004176952924,0,-3.023199999999993,93.92990000000005,4,0,0,0,0,0,0,0,4,4,5,1,0,0,0,3,1,0,0,1,0,0,0,0,0,0,0,1,0,0,0,0,0,0,0,0,0,0,0,0,0,0,0,0,0,0,0,0,0,0,0,0,0,0,0,0,0,0,0,0,0,0,0,0,0,0,0,0,0,0,0,0,0,0,0,0,0,0,0,0,0,0,0,0,0,0,0,0,0,0,0,0,0,0,0,0,0,0,0,0,0,0,0,0,0,0,0,0,0,0,0,0,0,0,0,0,0,0,0,0,0,0,0,0,0,0,0,0,0,1,0,0,0,0,0,0,0,0,0,0,0,0,0,0,0,0,0,0,0,0,0,0,0,0,0,0,0,0,0,0,0,0,0,0,0,0,0,0,0,0,0,0,0,0,0,0,0,0,0,0,0,0,0,0,0,0,0,0,0,0,0,1,0,0,0,0,0,0,0,0,0,0,0,0,0,0,0,0,0,1,0,0,0,0,0,1,0,0,0,0,0,0,0,0,0,0,0,0,0,0,0,0,0,1,0,0,0,0,0,0,0,0,0,0,0,0,0,0,0,0,0,0,19.9
11.369215411468852,11.369215411468852,0.03425743989055663,-1.0986501288275552,0.5325944817229168,16.484848484848484,457.4870000000003,430.27100000000024,457.19613358400005,176,0,0.35398933624156087,-0.4802858049740028,0.4802858049740028,0.35398933624156087,0.7272727272727273,1.2727272727272727,1.9090909090909092,16.373012453684836,10.20093213629796,2.1894507982878406,-2.2951660202887663,2.118182076463981,-2.428640786390488,5.847182820203108,-0.1399231785069633,2.7410684451366056,1.8502232725527086,959.5085335893708,23.794317972067564,18.130516281207935,18.130516281207935,15.778897338676078,10.529470738776139,10.529470738776139,7.924513910911174,7.924513910911174,5.22977871511473,5.22977871511473,3.725633330321414,3.725633330321414,-3.4099999999999997,16500787.986634254,24.23672995980372,11.453647638233193,7.898078959638197,190.44803607401352,15.319582184522117,5.693927994848461,0.0,0.0,0.0,17.90791586385555,29.272782081642283,9.77851570501903,0.0,0.0,12.13273413692322,24.26546827384644,45.81329484138802,30.171296796370534,29.703193736737582,17.90791586385555,0.0,24.66768623444585,0.0,19.634269217737724,39.26853843547545,59.173914390163496,0.0,0.0,0.0,0.0,0.0,0.0,97.16372271829897,29.22334358588137,0.0,27.570249163465665,36.39820241076966,0.0,0.0,0.0,147.40000000000003,17.90791586385555,29.703193736737582,0.0,18.78344080667361,51.50722283623648,11.387855989696922,6.06636706846161,21.932553598624175,23.09901093623531,9.967957041894417,0.0,0.0,0.0,48.356897260587736,27.787512992416527,2.0658782106608595,-3.0093532328834165,10.42330925909462,0.0,2.5424221767903434,0.0,0.4090909090909091,33,3,11,0,1,1,0,0,2,2,0,2,8,3,11,3,7,0,0,0,0,0,8.41208984432126,3,0.4638000000000026,116.53590000000008,2,0,0,0,1,2,0,0,3,3,3,0,0,0,0,5,0,0,0,0,0,0,0,0,0,0,0,0,0,0,0,0,0,0,0,0,2,0,0,0,0,0,0,0,0,0,0,0,0,0,0,0,0,0,0,0,0,0,0,0,0,0,0,0,0,0,0,0,0,0,0,0,0,2,0,0,0,0,0,0,0,0,0,0,0,0,0,0,0,0,0,0,0,0,0,0,0,0,0,0,0,0,0,0,0,0,0,0,0,0,0,0,0,0,0,0,0,0,0,0,0,0,0,0,0,0,0,0,0,1,0,0,0,0,0,0,0,0,0,0,0,0,0,0,0,0,0,0,0,0,0,0,0,0,0,0,0,0,0,0,0,0,0,0,0,0,0,0,0,0,0,0,0,0,0,0,0,0,0,0,0,0,0,0,0,0,1,0,0,0,0,1,0,0,0,0,0,0,0,0,0,0,0,0,0,1,0,0,0,1,0,0,0,0,0,1,0,0,0,0,0,0,1,0,0,0,0,0,0,0,0,0,0,1,0,0,0,0,0,0,0,0,0,0,0,0,0,0,0,0,1,0,22.37
11.413730086842113,11.413730086842113,0.17880157155454768,-4.349728459727259,0.2520226879650878,19.93103448275862,440.39000000000027,411.15800000000024,440.1672151379999,168,0,0.3389423829592649,-0.48028580497401857,0.48028580497401857,0.3389423829592649,0.5862068965517241,0.8275862068965517,1.0344827586206897,31.19090874143496,10.299430671405924,2.2316323776041007,-2.325942862196099,2.344108183924811,-2.480906624733777,7.511740469676912,-0.14029505726323624,2.5439929683469105,2.9504117788790363,536.8457306866737,22.026733258565947,16.090410491093607,16.98483768209352,13.441379362688977,9.037388144779502,10.834992048483283,6.93379878256594,8.546009880308029,4.390649856376673,5.159102123028066,3.028743825706336,3.832656730766466,-1.6,857875.1328140717,25.436496350364965,12.176659326832336,12.542296275016758,167.80061963412555,25.10640539002707,6.285844810454487,0.0,0.0,0.0,25.503678190643434,38.548298760548704,0.0,0.0,0.0,0.0,0.0,52.358051247300594,19.634269217737724,44.05506522717386,25.503678190643434,0.0,19.599638923401912,0.0,0.0,78.27816527549281,0.0,0.0,0.0,0.0,0.0,0.0,7.595762326787885,140.89212545277738,18.948659837146796,0.0,0.0,0.0,0.0,0.0,0.0,182.39000000000001,31.78952300109792,28.735483042651744,0.0,71.99232046503832,0.0,0.0,4.899909730850478,14.699729192551434,0.0,0.0,15.319582184522117,11.413730086842113,0.0,58.16514347139368,27.255872060125146,0.0,-3.1605714251443873,0.0,-0.5139265158542754,0.9950363379205367,-4.349728459727259,0.8,29,5,13,0,1,1,0,0,0,0,1,0,8,5,14,1,8,0,1,1,0,1,10.680398294020975,1,-2.4029999999999925,100.71150000000006,3,0,0,0,0,0,0,0,3,3,3,0,0,0,0,4,0,0,0,0,0,0,0,0,0,0,0,0,0,0,0,0,0,0,0,0,0,0,0,0,0,0,0,0,0,0,0,0,0,0,0,0,0,0,0,0,0,0,0,0,0,0,0,0,0,0,0,0,0,0,0,0,0,0,0,0,0,0,0,0,0,0,0,0,0,0,0,0,0,0,0,0,0,0,0,0,0,0,0,0,0,0,0,0,0,0,0,0,0,0,0,0,0,0,0,0,0,0,0,0,0,0,0,0,0,0,0,0,0,1,0,0,0,0,0,0,0,0,0,0,0,0,0,0,0,0,0,0,0,0,0,0,0,0,0,0,0,0,0,0,0,0,0,0,0,0,0,0,0,0,0,0,0,0,0,0,0,0,0,0,0,0,0,0,0,0,1,0,0,0,0,1,0,0,0,0,0,0,0,0,0,0,0,0,0,1,0,0,0,1,0,0,0,0,0,1,0,0,0,0,0,0,1,0,0,0,0,0,0,0,0,0,0,1,0,0,0,0,0,0,0,0,0,0,0,0,0,0,0,0,1,0,27.5
9.95661186696901,9.95661186696901,0.24375000000000013,-1.0243055555555556,0.5377381550213957,9.8,147.13,138.05799999999996,147.053157768,58,0,0.31720709309226,-0.4802857901334121,0.4802857901334121,0.31720709309226,1.2,1.5,1.7,16.372337372938905,10.501162786502068,2.0625501364357626,-2.0838766434266423,1.7960273304051446,-2.30124981560173,5.719314600714571,-0.14059018931128175,1.5776335714200524,3.5301764091449273,114.97373660251155,8.146264369941973,5.572350929800695,5.572350929800695,4.519744507803581,2.6422377946840028,2.6422377946840028,1.9597671822471994,1.9597671822471994,0.8103553648777068,0.8103553648777068,0.5177095934659125,0.5177095934659125,-1.1,88.34747999952293,8.9,3.8375573921028465,5.044927536231884,57.870364860098896,10.213054789681411,0.0,0.0,0.0,0.0,11.938610575903699,14.48898409899412,0.0,0.0,0.0,0.0,7.04767198267719,0.0,13.08951281182515,19.802129157825057,11.938610575903699,0.0,4.899909730850478,0.0,0.0,20.13718479450234,0.0,0.0,0.0,0.0,0.0,0.0,0.0,47.188759890937924,9.589074368143644,0.0,0.0,0.0,0.0,0.0,0.0,77.84,11.938610575903699,9.589074368143644,0.0,13.08951281182515,0.0,0.0,11.947581713527669,0.0,0.0,0.0,10.213054789681411,0.0,0.0,21.112297808012094,16.324368858654573,0.0,-2.048611111111111,0.0,0.0,-0.48750000000000027,1.4327777777777777,0.6,10,2,5,0,0,0,0,0,0,0,0,0,3,2,5,0,4,0,0,0,0,0,3.415426078971534,0,-0.9125999999999994,32.76859999999999,2,0,0,0,0,0,0,0,2,2,2,0,0,0,0,1,0,0,0,1,0,0,0,0,0,0,0,0,0,0,0,0,0,0,0,0,0,0,0,0,0,0,0,0,0,0,0,0,0,0,0,0,0,0,0,0,0,0,0,0,0,0,0,0,0,0,0,0,0,0,0,0,0,0,0,0,0,0,0,0,0,0,0,0,0,0,0,0,0,0,0,0,0,0,0,0,0,0,0,0,0,0,0,0,0,0,0,0,0,0,0,0,0,0,0,0,0,0,0,0,0,0,0,0,0,0,0,0,0,1,0,0,0,0,0,0,0,0,0,0,0,0,0,0,0,0,0,0,0,0,0,0,0,0,0,0,0,0,0,0,0,0,0,0,0,0,0,0,0,0,0,0,0,0,0,0,0,0,0,0,0,0,0,0,0,0,0,0,0,0,0,0,0,0,0,0,0,0,0,0,0,0,0,0,0,0,0,0,0,1,0,0,0,0,0,1,0,0,0,0,0,0,0,0,0,0,0,0,0,0,0,0,0,0,0,0,0,0,0,0,0,0,0,0,0,0,0,0,0,0,0,0,6.68
11.260364227846745,11.260364227846745,0.042738864804160226,-1.2080007470060121,0.331660105292551,10.9375,446.4160000000002,424.24000000000024,446.14376366399995,170,0,0.35398933624177165,-0.4802856790689621,0.4802856790689621,0.35398933624177165,0.65625,1.03125,1.34375,16.37602956141002,10.232778357548026,2.1725437456711028,-2.252272800559189,2.0755377765408007,-2.3917104432794787,5.85183668938152,-0.1399814416809482,2.710863732684152,2.1173247291909307,876.0085335893709,23.67299762850792,16.91744422811216,16.91744422811216,15.133938048533212,9.404964993114262,9.404964993114262,6.847421541493389,6.847421541493389,4.273164409358187,4.273164409358187,2.925153414850106,2.925153414850106,-3.9,7082017.645360574,24.37019047956449,11.480520021641656,8.084159369914603,181.91990518078592,20.426109579362823,11.387855989696922,0.0,0.0,0.0,23.877221151807397,19.388893829844598,19.55703141003806,0.0,0.0,12.13273413692322,24.26546827384644,26.1790256236503,24.477368801522072,39.60425831565011,23.877221151807397,0.0,19.76777650359537,0.0,13.08951281182515,26.1790256236503,59.173914390163496,0.0,0.0,0.0,0.0,0.0,0.0,90.25013285841591,22.678587179968794,0.0,32.36478634753749,36.39820241076966,0.0,0.0,0.0,181.46,23.877221151807397,29.3912035259687,0.0,50.656394425172365,11.387855989696922,0.0,34.06528773554739,12.13273413692322,0.0,9.967957041894417,10.213054789681411,0.0,0.0,55.66580346591568,36.54258280224609,0.3637519008414787,-4.638224098848266,8.778584111343921,0.0,-0.3791648481655685,0.0,0.3,32,4,12,0,0,0,0,0,2,2,0,0,8,4,12,2,13,0,0,0,0,0,8.743201866620655,2,0.34640000000000265,108.21820000000007,2,0,0,0,2,2,0,0,4,4,4,0,0,0,0,4,0,0,0,0,0,0,0,0,0,0,0,0,0,0,0,0,0,0,0,0,0,0,0,0,0,0,0,0,0,0,0,0,0,0,0,0,0,0,0,0,0,0,0,0,0,0,0,0,0,0,0,0,0,0,0,0,0,2,0,0,0,0,0,0,0,0,0,0,0,0,0,0,0,0,0,0,0,0,0,0,0,0,0,0,0,0,0,0,0,0,0,0,0,0,0,0,0,0,0,0,0,0,0,0,0,0,0,0,0,0,0,0,0,1,0,0,0,0,0,0,0,0,0,0,0,0,0,0,0,0,0,0,0,0,0,0,0,0,0,0,0,0,0,0,0,0,0,0,0,0,0,0,0,0,0,0,0,0,0,0,0,0,0,0,0,0,0,0,0,0,0,0,0,0,0,1,0,0,0,0,0,0,0,0,0,0,0,0,0,0,0,0,0,1,0,0,0,0,0,1,0,0,0,0,0,0,0,0,0,0,0,0,0,0,0,0,0,1,0,0,0,0,0,0,0,0,0,0,0,0,0,0,0,0,0,0,15.1
10.471336582472496,10.471336582472496,0.17263605442176888,-1.1183910724783737,0.4496457761036144,10.764705882352942,248.23499999999996,232.10699999999994,248.100836232,98,0,0.317218118962999,-0.4802859308016394,0.4802859308016394,0.317218118962999,0.8235294117647058,1.2352941176470589,1.588235294117647,16.374911982854886,10.38317661075397,2.1400808181895883,-2.210456566182293,1.9087636668819619,-2.400980062828849,5.7217146396288285,-0.1425533717244104,2.10745337504494,4.096158493950304,253.7628977173992,13.422285251880869,9.496346754824119,9.496346754824119,7.8074382080382865,4.872205426309701,4.872205426309701,3.629653597228866,3.629653597228866,1.920860525824937,1.920860525824937,1.2186826911553514,1.2186826911553514,-1.67,2697.5403200575233,15.33,7.578470410778453,9.27017715924801,98.04572284012852,15.319582184522117,0.0,0.0,0.0,0.0,17.90791586385555,24.18343101391642,0.0,0.0,0.0,0.0,7.04767198267719,13.08951281182515,19.634269217737724,29.703193736737582,17.90791586385555,0.0,9.799819461700956,0.0,0.0,39.77145401224006,0.0,0.0,0.0,0.0,0.0,0.0,0.0,82.7987715223187,14.383611552215466,0.0,0.0,0.0,0.0,0.0,0.0,118.38000000000002,17.90791586385555,14.383611552215466,0.0,32.72378202956288,0.0,0.0,9.799819461700956,7.04767198267719,0.0,0.0,15.319582184522117,0.0,0.0,34.005589149239945,25.626730809607793,0.0,-3.227042181069958,0.0,0.0,-0.4686054421768706,1.563327664399093,0.6666666666666666,17,3,8,0,0,0,0,0,0,0,0,0,5,3,8,0,9,0,0,0,0,0,6.833997141013747,0,-1.5259999999999976,56.84440000000002,3,0,0,0,0,0,0,0,3,3,3,0,0,0,0,2,0,0,0,1,0,0,0,0,0,0,0,0,0,0,0,0,0,0,0,0,0,0,0,0,0,0,0,0,0,0,0,0,0,0,0,0,0,0,0,0,0,0,0,0,0,0,0,0,0,0,0,0,0,0,0,0,0,0,0,0,0,0,0,0,0,0,0,0,0,0,0,0,0,0,0,0,0,0,0,0,0,0,0,0,0,0,0,0,0,0,0,0,0,0,0,0,0,0,0,0,0,0,0,0,0,0,0,0,0,0,0,0,0,1,0,0,0,0,0,0,0,0,0,0,0,0,0,0,0,0,0,0,0,0,0,0,0,0,0,0,0,0,0,0,0,0,0,0,0,0,0,0,0,0,0,0,0,0,0,0,0,0,0,0,0,0,0,0,0,0,0,0,0,0,0,1,0,0,0,0,0,0,0,0,0,0,0,0,0,0,0,0,0,1,0,0,0,0,0,1,0,0,0,0,0,0,0,0,0,0,0,0,0,0,0,0,0,1,0,0,0,0,0,0,0,0,0,0,0,0,0,0,0,0,0,0,12.98
11.194812328380705,11.194812328380705,0.1289906850404685,-0.9602880658436213,0.5871993057003236,17.857142857142858,394.4280000000002,368.22000000000014,394.185234552,154,0,0.3172153872208986,-0.4802858094423131,0.4802858094423131,0.3172153872208986,0.75,1.1785714285714286,1.7142857142857142,16.373159051273834,10.228511038567252,2.1794493012393743,-2.2566682368844457,2.091663829631639,-2.4026303813251677,5.694050319970817,-0.13994918845073587,2.5773608668142747,2.223923264855955,662.3708130709665,20.518297090128673,15.658358659325652,15.658358659325652,13.312570843487292,9.08824020741989,9.08824020741989,6.852488574221213,6.852488574221213,4.39338643908016,4.39338643908016,3.236149308558632,3.236149308558632,-2.56,1065249.0198630078,21.736850002632057,10.691262426814916,7.987972379621039,162.5362360013996,15.319582184522117,0.0,0.0,0.0,0.0,17.90791586385555,34.067319265714104,0.0,0.0,0.0,6.06636706846161,18.55355575984923,39.26853843547545,31.022125207434648,29.703193736737582,17.90791586385555,0.0,19.68370771349864,0.0,19.51033443475116,45.81329484138802,29.58695719508175,0.0,0.0,0.0,0.0,0.0,0.0,98.72450060326435,27.473124364040615,0.0,17.808677612622933,18.19910120538483,0.0,0.0,0.0,134.51,17.90791586385555,19.49013894705617,0.0,19.634269217737724,51.38328805324992,5.693927994848461,0.0,20.766096261013043,12.13273413692322,4.9839785209472085,10.213054789681411,0.0,0.0,43.27477135127995,27.45719309125403,1.4108523610061314,-2.8488896499958,5.441209408860473,0.5964099899218948,2.0017867810066576,0.0,0.5555555555555556,28,3,10,0,1,1,0,0,1,1,0,2,7,3,10,2,6,0,0,0,0,0,8.29979884680185,2,-0.354899999999996,98.75540000000007,3,0,0,0,0,1,0,0,3,3,3,0,0,0,0,4,0,0,0,0,0,0,0,0,0,0,0,0,0,0,0,0,0,0,0,0,2,0,0,0,0,0,0,0,0,0,0,0,0,0,0,0,0,0,0,0,0,0,0,0,0,0,0,0,0,0,0,0,0,0,0,0,0,1,0,0,0,0,0,0,0,0,0,0,0,0,0,0,0,0,0,0,0,0,0,0,0,0,0,0,0,0,0,0,0,0,0,0,0,0,0,0,0,0,0,0,0,0,0,0,0,0,0,0,0,0,0,0,0,1,0,0,0,0,0,0,0,0,0,0,0,0,0,0,0,0,0,0,0,0,0,0,0,0,0,0,0,0,0,0,0,0,0,0,0,0,0,0,0,0,0,0,0,0,0,0,0,0,0,0,0,0,0,0,0,0,1,0,0,0,0,1,0,0,0,0,0,0,0,0,0,0,0,0,0,1,0,0,0,1,0,0,0,0,0,1,0,0,0,0,0,0,1,0,0,0,0,0,0,0,0,0,0,1,0,0,0,0,0,0,0,0,0,0,0,0,0,0,0,0,1,0,19.3
11.754284468216856,11.754284468216856,0.024452160493827035,-1.2229078133828597,0.17657944853577562,11.066666666666666,435.43000000000023,406.1980000000002,435.1852941279999,172,0,0.319654301079791,-0.48028580497400253,0.48028580497400253,0.319654301079791,0.6,0.9333333333333333,1.3,16.533829083796245,10.326923176389894,2.1936172330268437,-2.2702082722692203,1.9787754439993472,-2.452081431541897,5.738899893319694,-0.14689147023487054,2.5948773288163465,4.930333991732412,542.5873848810925,23.104083527755577,16.85815950433491,16.85815950433491,14.026983560851129,9.228770825290775,9.228770825290775,6.492882139142713,6.492882139142713,3.7202599554753495,3.7202599554753495,2.4728974986197376,2.4728974986197376,-2.7700000000000005,1244212.5406394925,27.230000000000004,15.12070738609582,15.187283862440454,172.95591660729517,25.162972533162872,0.0,0.0,0.0,0.0,29.846526439759245,38.67241511291054,0.0,0.0,0.0,6.923737199690624,6.4208216229260096,26.1790256236503,39.33066399407579,49.13565845352198,29.846526439759245,0.0,14.699729192551434,0.0,13.344558822616634,65.50968961772608,0.0,0.0,0.0,0.0,0.0,0.0,0.0,130.48205482939966,28.709548874159154,0.0,13.344558822616634,0.0,0.0,0.0,0.0,185.21999999999997,56.02555206340954,23.97268592035911,0.0,39.33066399407579,6.4208216229260096,4.899909730850478,9.799819461700956,0.0,6.923737199690624,0.0,25.162972533162872,4.92837363560002,0.0,59.444118590309586,35.80516048330834,0.0,-5.377016557819191,0.0,0.6113547796299419,-0.07865759769536496,0.0,0.7058823529411765,30,4,13,0,0,0,0,0,0,0,0,0,9,4,13,0,18,0,0,0,0,0,13.724562070779642,0,-1.8159999999999918,101.11320000000008,4,0,0,0,0,0,0,0,4,4,5,1,0,0,0,3,0,0,0,0,0,0,0,0,0,0,0,0,0,0,0,0,0,0,0,0,0,0,0,0,1,1,0,0,0,0,0,0,0,0,0,0,0,0,0,0,0,0,0,0,0,0,0,0,0,0,0,0,0,0,0,0,0,0,0,0,0,0,0,0,0,0,0,0,0,0,0,0,0,0,0,0,0,0,0,0,0,0,0,0,0,0,0,0,0,0,0,0,0,0,0,0,0,0,0,0,0,0,0,0,0,0,0,0,0,0,0,0,0,1,0,0,0,0,0,0,0,0,0,0,0,0,0,0,0,0,0,0,0,0,0,0,0,0,0,0,0,0,0,0,0,0,0,0,0,0,0,0,0,0,0,0,0,0,0,0,0,0,0,0,0,0,0,0,0,0,0,0,0,0,0,1,0,0,0,0,0,0,0,0,0,0,0,0,0,0,0,0,0,1,0,0,0,0,0,1,0,0,0,0,0,0,0,0,0,0,0,0,0,0,0,0,0,1,0,0,0,0,0,0,0,0,0,0,0,0,0,0,0,0,0,0,18.91
10.569247763920384,10.569247763920384,0.021553287981859626,-1.1095639644746786,0.6628029769292224,10.411764705882353,239.227,226.12299999999996,239.079372516,92,0,0.3172282689306828,-0.507623839236195,0.507623839236195,0.3172282689306828,1.0588235294117647,1.588235294117647,2.0588235294117645,16.37256367010589,10.160426673978657,2.146014944561729,-2.1786641437724095,2.169112547237879,-2.334745937084814,5.721473351958976,-0.14152271974865152,2.1900395468364433,2.7463067859699155,382.25426679468546,12.836498814253964,9.036072383245706,9.036072383245706,7.986071002992367,4.915762422733762,4.915762422733762,3.561351460386936,3.561351460386936,2.1033018956282667,2.1033018956282667,1.4357147366837062,1.4357147366837062,-2.0799999999999996,4572.802573794494,12.987024128686325,5.8557913582038985,4.519271009655283,97.72169281835896,15.319582184522117,5.749511833283905,0.0,0.0,0.0,11.938610575903699,14.48898409899412,0.0,0.0,0.0,18.19910120538483,6.06636706846161,12.10820789760957,13.08951281182515,24.90865655266576,11.938610575903699,0.0,4.899909730850478,0.0,6.544756405912575,13.08951281182515,29.828919765543436,0.0,5.749511833283905,0.0,0.0,5.749511833283905,0.0,45.24761530310144,16.133830774056218,0.0,5.563451491696996,24.26546827384644,0.0,0.0,0.0,98.07000000000001,11.938610575903699,14.69560176298435,0.0,25.38378105102163,5.563451491696996,0.0,10.966276799312087,18.19910120538483,0.0,0.0,10.213054789681411,0.0,0.0,22.360439972285214,26.800141093474426,0.4953703703703707,-2.1975746409674968,6.410133219954648,0.0,-0.7018433484504913,0.0,0.2727272727272727,17,3,6,0,0,0,0,1,0,1,0,0,4,3,6,0,6,0,0,0,0,0,4.47348845067923,1,0.36339999999999956,58.65540000000003,2,0,0,0,0,0,0,1,2,2,2,0,0,0,0,1,0,0,0,0,0,0,0,0,0,0,0,0,0,0,0,0,0,0,1,0,0,0,0,0,0,0,0,0,0,0,0,0,0,0,0,0,0,0,0,0,0,0,0,0,0,0,0,0,1,1,1,0,0,0,0,0,0,0,0,0,0,0,0,0,0,0,0,0,0,0,0,0,0,0,0,0,0,0,0,0,0,0,0,0,0,0,0,0,0,0,0,0,0,0,0,0,0,0,0,0,0,0,0,0,0,0,0,0,0,0,0,0,0,1,0,0,0,0,0,0,0,0,0,0,0,0,0,0,0,0,0,0,0,0,0,0,0,0,0,0,0,0,0,0,0,0,0,0,0,0,0,0,0,0,0,0,0,0,0,0,0,0,0,0,0,0,0,0,0,0,0,0,0,0,0,1,0,0,0,0,0,0,0,0,0,0,0,0,0,0,0,0,0,1,0,0,0,0,0,1,0,0,0,0,0,0,0,0,0,0,0,0,0,0,0,0,0,1,0,0,0,0,0,0,0,0,0,0,0,0,0,0,0,0,0,0,13.55
11.007924343299038,11.007924343299038,0.052847222222222046,-1.1711795319979845,0.17172777344535353,11.074074074074074,391.38100000000014,366.18100000000015,391.1703127599999,154,0,0.31721724775240123,-0.48028580497400253,0.48028580497400253,0.31721724775240123,0.5185185185185185,0.7777777777777778,1.037037037037037,16.37342474980593,10.323580340012484,2.180482994249236,-2.2699867886785206,1.964339771857069,-2.460662618833371,5.773490957697229,-0.1404768980325914,2.462061301234473,4.845969157230809,444.1564000692311,20.982763184195935,14.743184594377247,14.743184594377247,12.488978758390344,7.882608235717132,7.882608235717132,5.811299100916069,5.811299100916069,3.300399885192218,3.300399885192218,2.2782682260592724,2.2782682260592724,-2.7700000000000005,264720.8311087306,24.229999999999993,12.561799023672194,14.120624863026014,154.63309267642788,26.786917138846484,0.0,0.0,11.814359458703011,0.0,17.90791586385555,38.67241511291054,0.0,0.0,0.0,0.0,0.0,26.1790256236503,32.72378202956288,39.292268104881224,29.72227532255856,0.0,14.699729192551434,11.46733495432437,0.0,58.902807653213166,0.0,0.0,0.0,11.46733495432437,0.0,0.0,0.0,118.64439435284532,23.97268592035911,0.0,0.0,0.0,0.0,0.0,0.0,207.79999999999998,49.356544540296284,23.97268592035911,0.0,39.26853843547545,0.0,0.0,14.699729192551434,0.0,0.0,0.0,26.786917138846484,0.0,0.0,58.594246293999035,26.6784838125639,10.120001544969217,-4.939929558243049,0.0,0.0,-1.6194687599557729,0.0,0.6428571428571429,27,7,13,0,0,0,2,0,0,0,0,0,8,5,13,0,16,0,0,0,0,0,11.273051494206562,0,-3.8831999999999933,90.61620000000005,3,0,0,0,0,0,0,0,3,3,5,2,0,0,0,3,0,2,0,0,0,0,0,0,0,0,0,2,0,0,0,0,0,0,0,0,0,0,0,0,0,0,0,0,0,0,0,0,0,0,0,0,0,0,0,0,0,0,0,0,0,0,0,0,0,0,0,0,0,0,0,2,0,0,0,0,0,0,0,0,0,0,0,0,0,0,0,0,0,0,0,0,0,0,0,0,0,0,0,0,0,0,0,0,0,0,0,0,0,0,0,0,0,0,0,0,0,0,0,0,0,0,0,0,0,0,0,0,0,1,0,0,0,0,0,0,0,0,0,0,0,0,0,0,0,0,0,0,0,0,0,0,0,0,0,0,0,0,0,0,0,0,0,0,0,0,0,0,0,0,0,0,0,0,0,0,0,0,0,0,0,0,0,0,0,0,0,0,0,0,0,1,0,0,0,0,0,0,0,0,0,0,0,0,0,0,0,0,0,1,0,0,0,0,0,1,0,0,0,0,0,0,0,0,0,0,0,0,0,0,0,0,0,1,0,0,0,0,0,0,0,0,0,0,0,0,0,0,0,0,0,0,14.6
11.583124472619076,11.583124472619076,0.2726817208364827,-1.019242233803021,0.35359189541522357,22.625,460.5280000000002,424.24000000000024,460.2533141119998,184,0,0.32012717541127406,-0.4800828621421988,0.4800828621421988,0.32012717541127406,0.4375,0.5625,0.65625,16.378205986505943,10.165644797126985,2.2983935686664303,-2.376246386372581,2.1036279250065695,-2.5457045841089134,5.738774479790631,-0.14654922307436133,2.7152245609463073,3.2103625538955143,506.42375127045165,24.585057479767894,19.176957252106,19.176957252106,14.860856220653085,10.737643074188746,10.737643074188746,8.200719608497876,8.200719608497876,6.318157771715757,6.318157771715757,3.648713603654927,3.648713603654927,-2.2800000000000002,4243657.048997715,27.75364737550471,12.678920769334713,8.005784463793704,187.52967813760844,20.426109579362823,24.167363316591842,0.0,0.0,0.0,23.877221151807397,38.777787659689196,0.0,0.0,0.0,0.0,27.694948798762496,52.358051247300594,0.0,39.60425831565011,23.877221151807397,0.0,19.599638923401912,0.0,51.86231211535434,52.358051247300594,0.0,0.0,0.0,0.0,0.0,0.0,0.0,140.42838421846457,19.178148736287287,0.0,27.694948798762496,0.0,0.0,0.0,0.0,162.16,48.044584468399236,39.60425831565011,0.0,52.358051247300594,0.0,0.0,0.0,47.29458772216441,0.0,0.0,0.0,0.0,0.0,53.1290154851685,37.91143004760027,0.0,-4.076968935212081,-3.3131850977305533,0.0,8.349708500173868,0.0,0.8,32,4,12,0,1,1,0,0,0,0,4,0,8,4,12,1,8,0,1,1,0,4,10.996446754189954,1,-0.8995999999999915,114.68320000000011,4,0,0,0,0,0,0,0,4,4,4,0,0,0,0,4,0,0,0,0,0,0,0,0,0,0,0,0,0,0,0,0,0,0,0,0,0,0,0,0,0,0,0,0,0,0,0,0,0,0,0,0,0,0,0,0,0,0,0,0,0,0,0,0,0,0,0,0,0,0,0,0,0,0,0,0,0,0,0,0,0,0,0,0,0,0,0,0,0,0,0,0,0,0,0,0,0,0,0,0,0,0,0,0,0,0,0,0,0,0,0,0,0,0,0,0,0,0,0,0,0,0,0,0,0,0,0,0,0,1,0,0,0,0,0,0,0,0,0,0,0,0,0,0,0,0,0,0,0,0,0,0,0,0,0,0,0,0,0,0,0,0,0,0,0,0,0,0,0,0,0,0,0,0,0,0,0,0,0,0,0,0,0,0,0,0,1,0,0,0,0,1,0,0,0,0,0,0,0,0,0,0,0,0,0,1,0,0,0,1,0,0,0,0,0,1,0,0,0,0,0,0,1,0,0,0,0,0,0,0,0,0,0,1,0,0,0,0,0,0,0,0,0,0,0,0,0,0,0,0,1,0,12.8
11.029494073864115,11.029494073864115,0.4870682161753588,-1.1911179348282521,0.39630813279277977,20.916666666666668,346.33600000000007,324.1600000000001,346.13761566399995,136,0,0.3172281123874592,-0.4802855463901649,0.4802855463901649,0.3172281123874592,0.625,0.875,1.0833333333333333,16.378981043184265,9.873416893235795,2.3658826967380353,-2.4287661276201082,2.269999770356114,-2.5692530024687064,5.732758384924871,-0.14867499948002405,2.435989513849063,3.0335477338339065,388.42998244008214,18.27565640300939,13.127829522726836,13.127829522726836,11.201285058155639,7.556276092123471,7.556276092123471,5.804072383604553,5.804072383604553,3.9853707277975383,3.9853707277975383,3.2193431165280098,3.2193431165280098,-2.1999999999999997,106014.26364271123,19.84587155963303,9.182505292554389,6.504788816180845,137.8203581108221,20.426109579362823,0.0,0.0,0.0,0.0,23.877221151807397,28.97796819798824,0.0,0.0,0.0,12.841643245852019,12.841643245852019,12.083681658295921,26.1790256236503,39.60425831565011,23.877221151807397,0.0,9.799819461700956,0.0,37.76696814999996,26.1790256236503,0.0,0.0,0.0,0.0,0.0,0.0,0.0,92.3658574748174,19.178148736287287,0.0,25.683286491704038,0.0,0.0,0.0,0.0,155.67999999999998,62.13992843375361,19.178148736287287,0.0,0.0,12.841643245852019,12.841643245852019,9.799819461700956,0.0,0.0,0.0,20.426109579362823,0.0,0.0,46.65606019568321,36.0268809313849,0.0,-4.764471739313007,-1.046944444444446,2.456056311413454,-1.994247921390778,0.0,0.7142857142857143,24,4,10,1,0,1,0,0,0,0,2,0,6,4,10,0,10,1,0,1,0,0,7.593117526320204,1,-0.7599999999999976,79.73320000000004,4,0,0,0,0,0,0,0,4,4,4,0,0,0,0,2,0,0,0,0,0,0,0,0,0,0,0,0,0,0,0,0,0,0,0,0,0,0,0,0,0,0,0,0,0,0,0,0,0,0,0,0,0,0,0,0,0,0,0,0,0,0,0,0,0,0,0,0,0,0,0,0,0,0,0,0,0,0,0,0,0,0,0,0,0,0,0,0,0,0,0,0,0,0,0,0,0,0,0,0,0,0,0,0,0,0,0,0,0,0,0,0,0,0,0,0,0,0,0,0,0,0,0,0,0,0,0,0,0,1,0,0,0,0,0,0,0,0,0,0,0,0,0,0,0,0,0,0,0,0,0,0,0,0,0,0,0,0,0,0,0,0,0,0,0,0,0,0,0,0,0,0,0,0,0,0,0,0,0,0,0,0,0,0,0,0,0,0,0,0,0,1,0,0,0,0,0,0,0,0,0,0,0,0,0,0,0,0,0,1,0,0,0,0,0,1,0,0,0,0,0,0,0,0,0,0,0,0,0,0,0,0,0,1,0,0,0,0,0,0,0,0,0,0,0,0,0,0,0,0,0,0,19.6
10.842770481649449,10.842770481649449,0.11888888888888882,-1.238570221298396,0.36087317284537496,11.636363636363637,320.29800000000006,300.13800000000003,320.12196559999995,126,0,0.3172361161914041,-0.4802856619777221,0.4802856619777221,0.3172361161914041,0.7272727272727273,1.0454545454545454,1.3181818181818181,16.378949318888008,10.010439777776465,2.3263378991581165,-2.3913546014811327,2.158643562921796,-2.556500373556024,5.732492223208156,-0.14799141982515016,2.231315741788538,5.142854000892605,387.3192643786828,17.499635521070495,12.35180864078794,12.35180864078794,9.935265292879862,6.283436352728181,6.283436352728181,5.388612804647183,5.388612804647183,2.8365834501492624,2.8365834501492624,2.0079732374497934,2.0079732374497934,-2.1999999999999997,20563.805876323167,19.799999999999997,8.293316997104032,8.168366285119667,126.09630503555813,20.426109579362823,0.0,0.0,0.0,0.0,23.877221151807397,28.97796819798824,0.0,0.0,0.0,0.0,13.847474399381248,12.08368165829592,26.1790256236503,39.60425831565011,23.877221151807397,0.0,9.799819461700956,0.0,19.38639965176459,32.72378202956288,0.0,0.0,0.0,0.0,0.0,0.0,0.0,92.3658574748174,19.178148736287287,0.0,13.847474399381248,0.0,0.0,0.0,0.0,155.67999999999998,55.59517202784104,19.178148736287287,0.0,6.544756405912575,0.0,9.799819461700956,13.847474399381248,0.0,0.0,0.0,20.426109579362823,0.0,0.0,45.44945872176031,35.27061581422693,-1.0538888888888889,-4.949234588897287,0.0,0.0,0.6997156084656089,0.0,0.6666666666666666,22,4,10,0,0,0,0,0,0,0,0,0,6,4,10,0,11,0,0,0,0,0,7.463985297393628,0,-1.2925999999999962,72.63520000000004,4,0,0,0,0,0,0,0,4,4,4,0,0,0,0,2,0,0,0,0,0,0,0,0,0,0,0,0,0,0,0,0,0,0,0,0,0,0,0,0,0,0,0,0,0,0,0,0,0,0,0,0,0,0,0,0,0,0,0,0,0,0,0,0,0,0,0,0,0,0,0,0,0,0,0,0,0,0,0,0,0,0,0,0,0,0,0,0,0,0,0,0,0,0,0,0,0,0,0,0,0,0,0,0,0,0,0,0,0,0,0,0,0,0,0,0,0,0,0,0,0,0,0,0,0,0,0,0,0,1,0,0,0,0,0,0,0,0,0,0,0,0,0,0,0,0,0,0,0,0,0,0,0,0,0,0,0,0,0,0,0,0,0,0,0,0,0,0,0,0,0,0,0,0,0,0,0,0,0,0,0,0,0,0,0,0,0,0,0,0,0,1,0,0,0,0,0,0,0,0,0,0,0,0,0,0,0,0,0,1,0,0,0,0,0,1,0,0,0,0,0,0,0,0,0,0,0,0,0,0,0,0,0,1,0,0,0,0,0,0,0,0,0,0,0,0,0,0,0,0,0,0,17.09
11.958142557433804,11.958142557433804,0.12008101851851838,-1.1168508458427573,0.13400865923921176,11.06060606060606,475.54300000000035,438.2470000000003,475.2642131439999,190,0,0.3172172485442638,-0.48028580497400253,0.48028580497400253,0.3172172485442638,0.5454545454545454,0.8484848484848485,1.1515151515151516,16.37347637085666,10.314352984196614,2.191533134401724,-2.2755202050219587,1.9730148756438242,-2.469520460690944,5.791314260531128,-0.14057796817189624,2.706130155062767,5.015865559025554,555.5278502336546,25.22540387131522,19.41691118074418,19.41691118074418,15.564988363311913,10.926578310087145,10.926578310087145,7.578579476475168,7.578579476475168,4.420277149662987,4.420277149662987,2.8843183008496807,2.8843183008496807,-2.7700000000000005,5786485.637008854,30.23,17.746548633645155,17.462194115648444,193.2426883359982,25.95315939253478,0.0,0.0,11.814359458703011,0.0,17.90791586385555,38.67241511291054,0.0,0.0,0.0,13.847474399381248,12.841643245852019,39.26853843547545,32.72378202956288,39.292268104881224,29.72227532255856,0.0,25.333306400564094,0.0,26.689117645233267,71.99232046503832,0.0,0.0,0.0,10.633577208012662,0.0,0.0,0.0,131.73390716467048,23.97268592035911,0.0,26.689117645233267,0.0,0.0,0.0,0.0,179.82,17.90791586385555,29.079213315199816,0.0,70.71716711191618,13.08951281182515,12.841643245852019,14.699729192551434,0.0,13.847474399381248,10.633577208012662,10.213054789681411,0.0,0.0,61.77156142963023,32.7514659330254,0.0,-3.99002948332126,0.0,1.472956472840131,3.8273789811588292,0.0,0.75,33,5,13,0,0,0,2,0,0,0,0,0,8,5,13,0,20,0,0,0,0,0,16.256914096821003,0,-1.8013999999999903,118.8288000000001,3,0,0,0,0,0,0,0,3,3,5,2,0,0,0,3,2,0,0,0,0,0,0,0,0,0,0,2,0,0,0,0,0,0,0,0,0,0,0,0,0,0,0,0,0,0,0,0,0,0,0,0,0,0,0,0,0,0,0,0,0,0,0,0,0,0,0,0,0,0,0,0,0,0,0,0,0,0,0,0,0,0,0,0,0,0,0,0,0,0,0,0,0,0,0,0,0,0,0,0,0,0,0,0,0,0,0,0,0,0,0,0,0,0,0,0,0,0,0,0,0,0,0,0,0,0,0,0,0,1,0,0,0,0,0,0,0,0,0,0,0,0,0,0,0,0,0,0,0,0,0,0,0,0,0,0,0,0,0,0,0,0,0,0,0,0,0,0,0,0,0,0,0,0,0,0,0,0,0,0,0,0,0,0,0,0,0,0,0,0,0,1,0,0,0,0,0,0,0,0,0,0,0,0,0,0,0,0,0,1,0,0,0,0,0,1,0,0,0,0,0,0,0,0,0,0,0,0,0,0,0,0,0,1,0,0,0,0,0,0,0,0,0,0,0,0,0,0,0,0,0,0,16.23
11.98722021783665,11.98722021783665,0.128086419753086,-1.1246317982095408,0.2879661859789376,19.448275862068964,417.41900000000027,390.2030000000002,417.185962824,164,0,0.31721724854431715,-0.48028580497400253,0.48028580497400253,0.31721724854431715,0.6551724137931034,0.9655172413793104,1.3103448275862069,16.373464620145434,10.321864536397172,2.1974514851454563,-2.2720464613457607,1.9734705292321302,-2.4606212394131766,5.799257245133588,-0.14053904979810963,2.5852085832446248,2.914409584677908,528.8457306866737,21.811190308942123,16.002697618371087,16.002697618371087,13.650774800938818,9.012364747714052,9.012364747714052,6.578579476475171,6.578579476475171,4.045277149662987,4.045277149662987,2.759318300849681,2.759318300849681,-2.7700000000000005,1109974.8164675792,24.268124285169655,12.641839740600973,11.619886121184145,166.7770887248825,25.95315939253478,0.0,0.0,11.814359458703011,0.0,17.90791586385555,38.672415112910535,0.0,0.0,0.0,0.0,0.0,39.26853843547545,32.72378202956288,39.292268104881224,29.72227532255856,0.0,25.333306400564094,0.0,0.0,71.99232046503832,0.0,0.0,0.0,10.633577208012662,0.0,0.0,0.0,131.73390716467048,23.97268592035911,0.0,0.0,0.0,0.0,0.0,0.0,179.82,42.811788134383704,23.97268592035911,0.0,58.902807653213166,0.0,0.0,14.699729192551434,0.0,0.0,10.633577208012662,15.319582184522117,0.0,0.0,61.44167485841027,32.269664692357495,0.0,-4.1999208982389,0.0,0.0,-0.6780853191955283,0.0,0.6875,29,5,13,0,1,1,2,0,0,0,0,0,8,5,13,1,6,0,1,1,0,0,10.579094414417288,1,-3.607799999999993,98.24680000000005,3,0,0,0,0,0,0,0,3,3,5,2,0,0,0,3,2,0,0,0,0,0,0,0,0,0,0,2,0,0,0,0,0,0,0,0,0,0,0,0,0,0,0,0,0,0,0,0,0,0,0,0,0,0,0,0,0,0,0,0,0,0,0,0,0,0,0,0,0,0,0,0,0,0,0,0,0,0,0,0,0,0,0,0,0,0,0,0,0,0,0,0,0,0,0,0,0,0,0,0,0,0,0,0,0,0,0,0,0,0,0,0,0,0,0,0,0,0,0,0,0,0,0,0,0,0,0,0,0,1,0,0,0,0,0,0,0,0,0,0,0,0,0,0,0,0,0,0,0,0,0,0,0,0,0,0,0,0,0,0,0,0,0,0,0,0,0,0,0,0,0,0,0,0,0,0,0,0,0,0,0,0,0,0,0,0,0,0,0,0,0,1,0,0,0,0,0,0,0,0,0,0,0,0,0,1,0,0,0,1,0,0,0,0,0,1,0,0,0,0,0,0,1,0,0,0,0,0,0,0,0,0,0,1,0,0,0,0,0,0,0,0,0,0,0,0,0,0,0,0,1,0,11.15
11.629740782778022,11.629740782778022,0.4475873173343412,-1.0584674117836095,0.2723137493670132,23.833333333333332,434.5780000000002,392.24200000000025,434.3104350639999,178,0,0.3228240686398746,-0.4800099204895757,0.4800099204895757,0.3228240686398746,0.7,1.0,1.2333333333333334,16.371886508383753,10.194759600007172,2.265050967589114,-2.3617086567557766,2.0638646498643993,-2.5252444564616736,5.731219736095342,-0.14473828133598518,2.619640107081276,2.9939755007404463,416.9546635134158,22.681433796945203,18.72785310096056,18.72785310096056,14.11629995832817,10.90897879819175,10.90897879819175,8.521467016577628,8.521467016577628,5.3378313603218075,5.3378313603218075,3.8827841018201843,3.8827841018201843,-0.8500000000000001,1776912.3631936577,27.18430531732418,14.257027340858064,10.96411396824881,179.83934558967317,25.532636974203527,6.041840829147961,0.0,0.0,0.0,5.969305287951849,24.394176107473733,0.0,0.0,0.0,0.0,20.771211599071872,71.99232046503832,24.91878112775783,30.327174158275348,5.969305287951849,0.0,19.599638923401912,0.0,45.124951591464736,78.59920242955124,0.0,0.0,0.0,0.0,0.0,0.0,0.0,154.0545236075014,4.794537184071822,0.0,20.771211599071872,0.0,0.0,0.0,0.0,131.18,36.92992724485764,30.327174158275348,0.0,0.0,71.99232046503832,0.0,0.0,25.67112132992235,0.0,14.699729192551434,0.0,0.0,0.0,19.76844398782547,48.70908613346946,0.0,-1.0584674117836095,-0.9847430247989417,-1.470239458246313,11.03591977353393,0.0,0.95,30,5,10,0,1,1,0,0,0,0,4,0,9,5,10,1,9,0,1,1,0,4,12.918912805044137,1,-2.20409999999999,114.44500000000008,1,4,4,0,0,0,0,0,1,1,1,0,0,3,0,4,0,0,0,0,0,0,0,0,0,0,0,0,0,0,0,0,0,0,0,0,0,0,0,0,0,0,0,0,0,0,0,0,0,0,0,0,0,0,0,0,0,0,0,0,0,0,0,0,0,0,0,0,0,0,0,0,0,0,0,0,0,0,0,0,0,0,0,0,0,0,0,0,0,0,0,0,0,0,0,0,0,0,0,0,0,0,0,0,0,0,0,0,0,0,0,0,0,0,0,0,0,0,0,0,0,0,0,0,0,0,0,0,0,1,0,0,0,0,0,0,0,0,0,0,0,0,0,0,0,0,0,0,0,0,0,0,0,0,0,0,0,0,0,0,0,0,0,0,0,0,0,0,0,0,0,0,0,0,0,0,0,0,0,0,0,0,0,0,0,0,1,0,0,0,0,1,0,0,0,0,0,0,0,0,0,0,0,0,0,1,0,0,0,1,0,0,0,0,0,1,0,0,0,0,0,0,1,0,0,0,0,0,0,0,0,0,0,1,0,0,0,0,0,0,0,0,0,0,0,0,0,0,0,0,1,0,19.4
9.963201189426387,9.963201189426387,0.10242913832199552,-0.9229309439825315,0.3462799489093644,9.666666666666666,176.172,164.076,176.079706864,70,0,0.31697987071404327,-0.48029147852300713,0.48029147852300713,0.31697987071404327,0.9166666666666666,1.25,1.5,16.369476759956505,10.515873782604782,1.954356783164792,-2.009082063486975,1.6250437910879816,-2.326908397548732,5.689157691375205,-0.13670907420886405,1.9500228441807044,3.0073056362946593,124.11730005192325,9.397341225498538,6.539350896673833,6.539350896673833,5.625897657686229,3.4767822295234643,3.4767822295234643,2.14103047703998,2.14103047703998,1.031004840899099,1.031004840899099,0.5674188620842289,0.5674188620842289,-1.1400000000000001,331.50388351071973,10.86,6.562732585153756,8.86,69.57519767150822,20.846631997694075,0.0,0.0,0.0,0.0,11.938610575903699,9.589074368143644,0.0,0.0,0.0,0.0,0.0,13.08951281182515,13.08951281182515,19.802129157825057,11.938610575903699,0.0,10.633577208012662,0.0,0.0,26.1790256236503,0.0,0.0,0.0,10.633577208012662,0.0,0.0,0.0,48.33069098923541,9.589074368143644,0.0,0.0,0.0,0.0,0.0,0.0,98.66,11.938610575903699,9.589074368143644,0.0,13.08951281182515,13.08951281182515,0.0,0.0,0.0,0.0,10.633577208012662,10.213054789681411,0.0,0.0,19.926402378852774,21.569595563534058,0.0,-1.8458618879650626,0.0,0.0,0.6831972789115643,0.0,0.6666666666666666,12,4,6,0,0,0,0,0,0,0,0,0,4,4,6,0,7,0,0,0,0,0,5.939272989564149,0,-1.665199999999999,41.011,2,0,0,0,0,0,0,0,2,2,2,0,0,0,0,0,2,0,0,0,0,0,0,0,0,0,0,0,0,0,0,0,0,0,0,0,0,0,0,0,0,0,0,0,0,0,0,0,0,0,0,0,0,0,0,0,0,0,0,0,0,0,0,0,0,0,0,0,0,0,0,0,0,0,0,0,0,0,0,0,0,0,0,0,0,0,0,0,0,0,0,0,0,0,0,0,0,0,0,0,0,0,0,0,0,0,0,0,0,0,0,0,0,0,0,0,0,0,0,0,0,0,0,0,0,0,0,0,0,1,0,0,0,0,0,0,0,0,0,0,0,0,0,0,0,0,0,0,0,0,0,0,0,0,0,0,0,0,0,0,0,0,0,0,0,0,0,0,0,0,0,0,0,0,0,0,0,0,0,0,0,0,0,0,0,0,0,0,0,0,0,0,0,0,0,0,0,0,0,0,0,0,0,0,0,0,0,0,0,1,0,0,0,0,0,1,0,0,0,0,0,0,0,0,0,0,0,0,0,0,0,0,0,0,0,0,0,0,0,0,0,0,0,0,0,0,0,0,0,0,0,0,8.1
12.875949761293928,12.875949761293928,0.10194715462707893,-1.1181111199625342,0.1063507176263172,16.288888888888888,645.7550000000003,594.3470000000003,645.369740832,258,0,0.31721724933347645,-0.48028580497400253,0.48028580497400253,0.31721724933347645,0.5111111111111111,0.8222222222222222,1.1555555555555554,16.48061271187964,10.302325291711814,2.2238265523881493,-2.3074013861456963,2.0210590035260947,-2.4833704145219917,5.792389545171063,-0.1411720414154707,2.99358353062417,1.90228685031505,820.9990981130849,33.191659197566096,26.679116393164108,26.679116393164108,21.421631748767915,15.331421419541325,15.331421419541325,11.417287435350342,11.417287435350342,7.821440880280616,7.821440880280616,4.94327558867333,4.94327558867333,-2.9300000000000006,3445414624.4712377,38.25358783216333,20.975014779832172,16.809534440247656,264.3172637167238,34.593127553823166,0.0,0.0,11.814359458703011,0.0,17.90791586385555,48.47223457461149,0.0,0.0,0.0,0.0,0.0,92.63242083630529,59.15130988761454,48.76599401248132,29.72227532255856,0.0,34.29936811595334,0.0,0.0,151.78373072391986,0.0,0.0,0.0,0.0,0.0,0.0,0.0,231.1249563469539,33.4464118279592,0.0,0.0,0.0,0.0,0.0,0.0,187.17999999999998,30.997428675680702,39.292268104881224,0.0,57.62765430009103,52.606553481701965,26.1790256236503,9.799819461700956,28.795073157905815,0.0,9.799819461700956,9.473725907600098,10.679464755623066,0.0,72.338985386894,28.315242877723342,0.0,-3.848469191254467,0.0,0.0,7.02102558942703,3.3270839149203653,0.8214285714285714,45,3,17,0,2,2,2,0,0,0,0,0,12,3,17,2,22,0,2,2,0,0,17.830434892471867,2,-3.2726000000000006,162.01939999999973,3,0,0,0,0,0,0,0,3,3,5,2,0,0,0,7,0,0,0,2,0,0,0,0,0,0,0,2,0,0,0,0,0,0,0,0,0,0,0,0,0,2,0,0,0,0,0,0,0,0,0,0,0,0,0,0,2,0,0,0,0,0,0,0,0,0,0,0,0,0,0,0,0,0,0,0,0,0,0,0,0,0,0,0,0,0,0,0,0,0,0,0,0,0,0,0,0,0,0,0,0,0,0,0,0,0,0,0,0,0,0,0,0,0,0,0,0,0,0,0,0,0,0,0,0,0,0,0,0,1,0,0,0,0,0,0,0,0,0,0,0,0,0,0,0,0,0,0,0,0,0,0,0,0,0,0,0,0,0,0,0,0,0,0,0,0,0,0,0,0,0,0,0,0,0,0,0,0,0,0,0,0,0,0,0,0,0,0,0,0,0,1,0,0,0,0,0,0,0,0,0,0,0,0,0,0,0,0,0,1,0,0,0,0,0,1,0,0,0,0,0,0,0,0,0,0,0,0,0,0,0,0,0,1,0,0,0,0,0,0,0,0,0,0,0,0,0,0,0,0,0,0,20.3
11.457700608607894,11.457700608607894,0.045802098761951404,-1.0920743353968463,0.20468986773705383,11.378378378378379,519.5550000000003,486.29100000000034,519.2329130159999,202,0,0.31721540612822435,-0.5059897661979067,0.5059897661979067,0.31721540612822435,0.6216216216216216,0.9459459459459459,1.2972972972972974,16.373595363119552,10.226054133372733,2.1937675537047543,-2.2800740104770996,2.178134930745067,-2.431944025426889,5.69526733191745,-0.1402756096695279,2.7871408707859033,2.097267721511939,972.2031487403202,27.53480494807372,20.870242933828596,20.870242933828596,17.421631748767915,11.56001766760943,11.56001766760943,8.715578410767309,8.715578410767309,5.4670315550168445,5.4670315550168445,3.700107744254115,3.700107744254115,-3.8100000000000005,60568049.47398442,29.420564689298427,14.062151466788233,10.77141128845878,213.77221896072797,25.532636974203527,11.49902366656781,0.0,0.0,0.0,17.90791586385555,39.051297786661316,0.0,0.0,0.0,0.0,38.112942673227685,50.656394425172365,31.022125207434648,39.91624852641899,17.90791586385555,0.0,24.66768623444585,0.0,26.9369872112064,45.81329484138802,47.041180253240285,0.0,11.49902366656781,0.0,0.0,11.49902366656781,0.0,113.92153391389297,27.473124364040615,13.847474399381248,22.775711979393844,24.26546827384644,0.0,0.0,0.0,187.86,17.90791586385555,39.91624852641899,0.0,70.40183131978098,22.775711979393844,0.0,21.932553598624175,30.880118267154945,0.0,9.967957041894417,0.0,0.0,0.0,47.38782791004028,48.17799070227142,1.9303094841378792,-3.405542613440895,6.212549510100814,0.0,3.1968650068905027,0.0,0.4583333333333333,37,5,13,0,0,0,0,0,2,2,0,0,10,5,13,2,16,0,0,0,0,0,11.181525321604216,2,0.3646400000000011,131.17900000000006,3,0,0,0,0,2,0,2,3,3,3,0,0,0,0,5,0,0,0,0,0,0,0,0,0,0,0,0,0,0,2,0,0,0,0,0,0,0,0,0,0,0,0,0,0,0,0,0,0,0,0,0,0,0,0,0,0,0,0,0,0,0,0,0,0,0,0,0,0,0,0,0,0,2,0,0,0,0,0,0,0,0,0,0,0,0,0,0,0,0,0,0,0,0,0,0,0,0,0,0,0,0,0,0,0,0,0,0,0,0,0,0,0,0,0,0,0,0,0,0,0,0,0,0,0,0,0,0,0,1,0,0,0,0,0,0,0,0,0,0,0,0,0,0,0,0,0,0,0,0,0,0,0,0,0,0,0,0,0,0,0,0,0,0,0,0,0,0,0,0,0,0,0,0,0,0,0,0,0,0,0,0,0,0,0,0,0,0,0,0,0,1,0,0,0,0,0,0,0,0,0,0,0,0,0,0,0,0,0,1,0,0,0,0,0,1,0,0,0,0,0,0,0,0,0,0,0,0,0,0,0,0,0,1,0,0,0,0,0,0,0,0,0,0,0,0,0,0,0,0,0,0,23.65
12.143401558264578,12.143401558264578,0.13054760199917137,-1.1079889811500576,0.2847597452695369,19.875,459.5000000000004,426.2360000000002,459.232913016,182,0,0.3172172485442638,-0.48028580497400253,0.48028580497400253,0.3172172485442638,0.625,0.96875,1.34375,16.37347519252466,10.207470436282662,2.1942343344167203,-2.276759519690558,1.985953547602899,-2.4710427713251124,5.791718611409287,-0.14058219023387103,2.6658934258415905,2.9008318754217126,569.9495684877127,23.932510652501765,18.12401796193073,18.12401796193073,15.150774800938818,10.512364747714049,10.512364747714049,7.639239648254993,7.639239648254993,4.773830540256259,4.773830540256259,3.237871691442955,3.237871691442955,-2.7700000000000005,4843149.913873824,27.26421142661649,15.10150004880696,13.516310193352751,185.87191506807235,25.95315939253478,0.0,0.0,11.814359458703011,0.0,17.90791586385555,38.672415112910535,0.0,0.0,0.0,0.0,19.26246486877803,39.26853843547545,32.72378202956288,39.292268104881224,29.72227532255856,0.0,25.333306400564094,0.0,19.26246486877803,71.99232046503832,0.0,0.0,0.0,10.633577208012662,0.0,0.0,0.0,131.73390716467048,23.97268592035911,0.0,19.26246486877803,0.0,0.0,0.0,0.0,179.82,17.90791586385555,29.079213315199812,0.0,70.71716711191618,25.93115605767717,6.4208216229260096,14.699729192551434,0.0,0.0,10.633577208012662,10.213054789681411,0.0,0.0,62.186846289309656,32.90029735858629,0.0,-3.9582270256332315,0.0,2.1513174360070515,0.0530992750635606,0.0,0.7368421052631579,32,5,13,0,1,1,2,0,0,0,0,0,8,5,13,1,6,0,1,1,0,0,12.866577818429132,1,-2.437499999999992,112.09780000000008,3,0,0,0,0,0,0,0,3,3,5,2,0,0,0,3,2,0,0,0,0,0,0,0,0,0,0,2,0,0,0,0,0,0,0,0,0,0,0,0,0,0,0,0,0,0,0,0,0,0,0,0,0,0,0,0,0,0,0,0,0,0,0,0,0,0,0,0,0,0,0,0,0,0,0,0,0,0,0,0,0,0,0,0,0,0,0,0,0,0,0,0,0,0,0,0,0,0,0,0,0,0,0,0,0,0,0,0,0,0,0,0,0,0,0,0,0,0,0,0,0,0,0,0,0,0,0,0,0,1,0,0,0,0,0,0,0,0,0,0,0,0,0,0,0,0,0,0,0,0,0,0,0,0,0,0,0,0,0,0,0,0,0,0,0,0,0,0,0,0,0,0,0,0,0,0,0,0,0,0,0,0,0,0,0,0,0,0,0,0,0,1,0,0,0,0,0,0,0,0,0,0,0,0,0,1,0,0,0,1,0,0,0,0,0,1,0,0,0,0,0,0,1,0,0,0,0,0,0,0,0,0,0,1,0,0,0,0,0,0,0,0,0,0,0,0,0,0,0,0,1,0,15.94
11.145218931357654,11.145218931357654,0.17437367841994456,-0.9790689713589382,0.34530097598254894,19.733333333333334,432.47400000000033,400.2180000000002,432.22201398399994,172,0,0.3172035669342099,-0.480285809442321,0.480285809442321,0.3172035669342099,0.43333333333333335,0.6333333333333333,0.8,16.376322239619718,10.24229106263005,2.184913603833679,-2.298575737486347,2.029306180374428,-2.4429725234795727,5.697608190520524,-0.14031835147611027,2.603268777485001,2.874493808128835,450.38561897747246,22.51829709012867,17.110196862466783,17.110196862466783,14.150774800938818,9.91987052650279,9.91987052650279,7.386652441113213,7.386652441113213,4.797746453390073,4.797746453390073,3.446351471390205,3.446351471390205,-2.2800000000000002,1796057.6080375619,25.756075036075032,13.853371538493368,12.318136056349683,174.7997939088153,20.426109579362823,0.0,0.0,0.0,0.0,23.877221151807397,38.777787659689196,0.0,0.0,0.0,0.0,12.841643245852019,52.358051247300594,26.1790256236503,39.60425831565011,23.877221151807397,0.0,19.599638923401912,0.0,12.841643245852019,78.5370768709509,0.0,0.0,0.0,0.0,0.0,0.0,0.0,142.4400465255231,19.178148736287287,0.0,12.841643245852019,0.0,0.0,0.0,0.0,162.16,23.877221151807397,19.178148736287287,0.0,26.1790256236503,65.19969449315262,0.0,0.0,19.599638923401912,0.0,0.0,20.426109579362823,0.0,0.0,51.464325711791865,36.51558770247442,0.0,-3.916275885435752,0.0,1.0802006172839507,2.522828520552186,0.0,0.7777777777777778,30,4,12,0,1,1,0,0,0,0,0,0,8,4,12,1,8,0,1,1,0,0,11.89361589493538,1,-1.6733999999999927,105.53720000000008,4,0,0,0,0,0,0,0,4,4,4,0,0,0,0,4,0,0,0,0,0,0,0,0,0,0,0,0,0,0,0,0,0,0,0,0,0,0,0,0,0,0,0,0,0,0,0,0,0,0,0,0,0,0,0,0,0,0,0,0,0,0,0,0,0,0,0,0,0,0,0,0,0,0,0,0,0,0,0,0,0,0,0,0,0,0,0,0,0,0,0,0,0,0,0,0,0,0,0,0,0,0,0,0,0,0,0,0,0,0,0,0,0,0,0,0,0,0,0,0,0,0,0,0,0,0,0,0,0,1,0,0,0,0,0,0,0,0,0,0,0,0,0,0,0,0,0,0,0,0,0,0,0,0,0,0,0,0,0,0,0,0,0,0,0,0,0,0,0,0,0,0,0,0,0,0,0,0,0,0,0,0,0,0,0,0,1,0,0,0,0,1,0,0,0,0,0,0,0,0,0,0,0,0,0,1,0,0,0,1,0,0,0,0,0,1,0,0,0,0,0,0,1,0,0,0,0,0,0,0,0,0,0,1,0,0,0,0,0,0,0,0,0,0,0,0,0,0,0,0,1,0,14.73
10.614234095845818,10.614234095845818,0.11912046602387494,-1.1371673094778811,0.2038314301947093,11.0,380.35000000000014,356.15800000000013,380.1430949679999,150,0,0.31721874566671554,-0.48028566050343136,0.48028566050343136,0.31721874566671554,0.5384615384615384,0.8076923076923077,1.0384615384615385,16.52216329054149,10.421174474114645,2.1363618475869828,-2.182478065341109,1.9151503016272118,-2.3702863855148206,5.7265469975381995,-0.14382663965182255,2.465783637303523,3.8345254591454845,362.9546635134158,19.94938298937633,14.203839127648406,14.203839127648406,12.201285058155639,7.677204468781018,7.677204468781018,5.221008958318507,5.221008958318507,2.9111821136133864,2.9111821136133864,1.9024531466123695,1.9024531466123695,-2.28,208625.02198497645,23.719999999999995,13.948949982196735,15.259573318251798,149.0532797233651,29.89983548696292,0.0,0.0,0.0,0.0,23.877221151807397,28.97796819798824,0.0,0.0,0.0,0.0,0.0,13.08951281182515,52.606553481701965,49.0779842232502,23.877221151807397,0.0,9.799819461700956,0.0,0.0,65.69606629352711,0.0,0.0,0.0,0.0,0.0,0.0,0.0,119.79921648639834,28.651874643887382,0.0,0.0,0.0,0.0,0.0,0.0,174.14,50.056246775457694,19.178148736287287,0.0,39.51704066987682,0.0,0.0,9.799819461700956,0.0,0.0,0.0,29.89983548696292,10.418167254556145,0.0,44.87599004303654,34.71122400243779,0.0,-4.548669237911523,0.0,0.0,-0.7900453954522806,0.0,0.7142857142857143,26,4,12,0,0,0,0,0,0,0,0,0,8,4,12,0,17,0,0,0,0,0,12.725734368373327,0,-2.037999999999994,85.06120000000006,4,0,0,0,0,0,0,0,4,4,4,0,0,0,0,2,0,0,0,0,0,0,0,0,0,0,0,0,0,0,0,0,0,0,0,0,0,0,0,0,0,2,0,0,0,0,0,0,0,0,0,0,0,0,0,0,0,0,0,0,0,0,0,0,0,0,0,0,0,0,0,0,0,0,0,0,0,0,0,0,0,0,0,0,0,0,0,0,0,0,0,0,0,0,0,0,0,0,0,0,0,0,0,0,0,0,0,0,0,0,0,0,0,0,0,0,0,0,0,0,0,0,0,0,0,0,0,0,0,1,0,0,0,0,0,0,0,0,0,0,0,0,0,0,0,0,0,0,0,0,0,0,0,0,0,0,0,0,0,0,0,0,0,0,0,0,0,0,0,0,0,0,0,0,0,0,0,0,0,0,0,0,0,0,0,0,0,0,0,0,0,1,0,0,0,0,0,0,0,0,0,0,0,0,0,0,0,0,0,1,0,0,0,0,0,1,0,0,0,0,0,0,0,0,0,0,0,0,0,0,0,0,0,1,0,0,0,0,0,0,0,0,0,0,0,0,0,0,0,0,0,0,17.66
12.178868975731001,12.178868975731001,0.1285679117325942,-0.9945091560804318,0.2947667390678326,18.612903225806452,445.5170000000003,410.23700000000025,445.2536484599999,178,0,0.31720436546192304,-0.48028580497401857,0.48028580497401857,0.31720436546192304,0.6129032258064516,0.9032258064516129,1.1612903225806452,16.37332561277205,10.282137850517723,2.2043067570814907,-2.324171048855063,2.0119561592477697,-2.494264290223225,5.7753168744430585,-0.14035826737060053,2.6674765702344456,2.90988282595972,530.5873848810925,23.225403871315216,18.162983266966826,18.162983266966826,14.688779603399603,10.506923900532632,10.506923900532632,7.635760147209957,7.635760147209957,4.945805968390655,4.945805968390655,3.308312831371002,3.308312831371002,-2.2800000000000002,3153469.4615185997,26.754818941504176,14.677794010850526,12.888185738752588,181.92036445462395,20.63637078852845,0.0,0.0,5.907179729351506,0.0,17.90791586385555,38.777787659689196,0.0,0.0,0.0,6.923737199690624,6.4208216229260096,58.902807653213166,26.1790256236503,34.4977309208094,23.815095593207054,0.0,24.916427527408242,0.0,13.344558822616634,85.08183327686348,0.0,0.0,0.0,5.316788604006331,0.0,0.0,0.0,143.8161499779946,19.178148736287287,0.0,13.344558822616634,0.0,0.0,0.0,0.0,153.95999999999998,17.90791586385555,29.3912035259687,0.0,32.08620535300181,58.902807653213166,6.4208216229260096,0.0,14.699729192551434,11.823646930541102,5.316788604006331,5.106527394840706,0.0,0.0,52.86228121753872,30.380642791179685,0.0,-3.0735383172551556,0.0,0.8168269376927385,5.180454037510679,0.0,0.7894736842105263,31,4,12,0,1,1,1,0,0,0,0,0,8,4,12,1,10,0,1,1,0,0,12.667797458741942,1,-2.0119999999999916,111.96810000000008,3,0,0,0,0,0,0,0,3,3,4,1,0,0,0,4,1,0,0,0,0,0,0,0,0,0,0,1,0,0,0,0,0,0,0,0,0,0,0,0,0,0,0,0,0,0,0,0,0,0,0,0,0,0,0,0,0,0,0,0,0,0,0,0,0,0,0,0,0,0,0,0,0,0,0,0,0,0,0,0,0,0,0,0,0,0,0,0,0,0,0,0,0,0,0,0,0,0,0,0,0,0,0,0,0,0,0,0,0,0,0,0,0,0,0,0,0,0,0,0,0,0,0,0,0,0,0,0,0,1,0,0,0,0,0,0,0,0,0,0,0,0,0,0,0,0,0,0,0,0,0,0,0,0,0,0,0,0,0,0,0,0,0,0,0,0,0,0,0,0,0,0,0,0,0,0,0,0,0,0,0,0,0,0,0,0,1,0,0,0,0,1,0,0,0,0,0,0,0,0,0,0,0,0,0,1,0,0,0,1,0,0,0,0,0,1,0,0,0,0,0,0,1,0,0,0,0,0,0,0,0,0,0,1,0,0,0,0,0,0,0,0,0,0,0,0,0,0,0,0,1,0,20.1
10.9904488227416,10.9904488227416,0.19384891765348167,-1.1291582010022945,0.23829566814435527,11.193548387096774,440.4530000000002,412.2290000000002,440.19071385599995,172,0,0.3172181189690067,-0.4802856684573587,0.4802856684573587,0.3172181189690067,0.6774193548387096,1.1290322580645162,1.5806451612903225,16.378691683065323,10.24702054647938,2.1705907993828424,-2.266283662828542,2.043433633312564,-2.4115530099982894,5.726774502674883,-0.14351633476116216,2.642430712680661,2.7319648663878464,658.0083124524505,23.225403871315216,17.0911708144791,17.0911708144791,14.650774800938818,9.595221441137504,9.595221441137504,6.947040311892418,6.947040311892418,4.228359665515748,4.228359665515748,2.984617263761791,2.984617263761791,-3.09,3162461.076936215,25.94582945180938,14.009341224126876,12.94882443507823,178.86276512156522,20.426109579362823,0.0,0.0,0.0,0.0,23.877221151807397,38.861856449785925,0.0,0.0,0.0,6.06636706846161,25.098312165761804,32.37586919526338,31.872953618498762,39.60425831565011,23.877221151807397,0.0,19.68370771349864,0.0,12.965578028838586,52.358051247300594,30.089872771846366,0.0,0.0,0.0,0.0,0.0,0.0,116.3450896919695,25.722905142199863,0.0,12.114749617774471,24.395944776997908,0.0,0.0,0.0,171.80999999999997,50.056246775457694,19.178148736287287,0.0,13.08951281182515,26.055090840663738,5.693927994848461,9.799819461700956,12.263210640074686,17.032643867773697,4.9839785209472085,20.426109579362823,0.0,0.0,52.648891346797264,35.83740349021998,0.762451131687243,-4.499844585380229,5.411237323584387,2.098593447097235,0.07460117932746058,0.0,0.5263157894736842,31,4,12,0,0,0,0,0,1,1,0,0,8,4,12,1,17,0,0,0,0,0,11.7252896172064,1,-0.7838999999999938,107.55420000000008,4,0,0,0,0,1,0,0,4,4,4,0,0,0,0,4,0,0,0,0,0,0,0,0,0,0,0,0,0,0,0,0,0,0,0,0,0,0,0,0,0,0,0,0,0,0,0,0,0,0,0,0,0,0,0,0,0,0,0,0,0,0,0,0,0,0,0,0,0,0,0,0,0,1,0,0,0,0,0,0,0,0,0,0,0,0,0,0,0,0,0,0,0,0,0,0,0,0,0,0,0,0,0,0,0,0,0,0,0,0,0,0,0,0,0,0,0,0,0,0,0,0,0,0,0,0,0,0,0,1,0,0,0,0,0,0,0,0,0,0,0,0,0,0,0,0,0,0,0,0,0,0,0,0,0,0,0,0,0,0,0,0,0,0,0,0,0,0,0,0,0,0,0,0,0,0,0,0,0,0,0,0,0,0,0,0,0,0,0,0,0,1,0,0,0,0,0,0,0,0,0,0,0,0,0,0,0,0,0,1,0,0,0,0,0,1,0,0,0,0,0,0,0,0,0,0,0,0,0,0,0,0,0,1,0,0,0,0,0,0,0,0,0,0,0,0,0,0,0,0,0,0,23.48
11.293607331821617,11.293607331821617,0.04421579743008319,-1.2062529656924499,0.3868164969269227,18.642857142857142,395.36800000000017,374.20000000000016,395.132864632,152,0,0.353989336249291,-0.4802855616981018,0.4802855616981018,0.353989336249291,0.8571428571428571,1.3571428571428572,1.8214285714285714,16.377687083787073,9.82921275768471,2.4083769950524037,-2.4776668014730157,2.3093189476184026,-2.6013177267603806,5.847410823347029,-0.14762802952163154,2.5157803325339487,2.2020052101101792,716.1601350490838,20.844570503761734,14.892880363422577,14.892880363422577,13.167611553344425,8.49750662347972,8.49750662347972,6.522544329701242,6.522544329701242,4.546409146051748,4.546409146051748,3.3135233754469877,3.3135233754469877,-3.05,729918.4425600697,21.2523451798887,9.239362613779727,5.724452818320538,159.36721606903942,20.426109579362823,5.693927994848461,0.0,0.0,0.0,23.877221151807397,24.18343101391642,9.77851570501903,0.0,0.0,6.06636706846161,24.974377382775238,18.628438064208495,25.328197212586186,39.60425831565011,23.877221151807397,0.0,14.783797982648164,0.0,31.470081310060518,19.634269217737724,29.58695719508175,0.0,0.0,0.0,0.0,0.0,0.0,90.80507958985203,20.928367958128042,0.0,29.024036419620764,18.19910120538483,0.0,0.0,0.0,168.56999999999996,43.00857479278051,24.28467613112799,0.0,24.82528163582157,18.53557124070048,0.0,17.032643867773697,10.966276799312087,0.0,4.9839785209472085,15.319582184522117,0.0,0.0,51.366882963592886,36.371622425885626,0.18623567605034097,-4.661734840285975,3.575090098226821,1.093497942386831,-1.2649275991898636,0.0,0.47058823529411764,28,4,11,1,0,1,0,0,1,1,2,0,7,4,11,1,11,1,0,1,0,0,7.01279012536448,2,-0.3313999999999971,92.89670000000008,3,0,0,0,1,1,0,0,4,4,4,0,0,0,0,3,0,0,0,0,0,0,0,0,0,0,0,0,0,0,0,0,0,0,0,0,0,0,0,0,0,0,0,0,0,0,0,0,0,0,0,0,0,0,0,0,0,0,0,0,0,0,0,0,0,0,0,0,0,0,0,0,0,1,0,0,0,0,0,0,0,0,0,0,0,0,0,0,0,0,0,0,0,0,0,0,0,0,0,0,0,0,0,0,0,0,0,0,0,0,0,0,0,0,0,0,0,0,0,0,0,0,0,0,0,0,0,0,0,1,0,0,0,0,0,0,0,0,0,0,0,0,0,0,0,0,0,0,0,0,0,0,0,0,0,0,0,0,0,0,0,0,0,0,0,0,0,0,0,0,0,0,0,0,0,0,0,0,0,0,0,0,0,0,0,0,0,0,0,0,0,1,0,0,0,0,0,0,0,0,0,0,0,0,0,0,0,0,0,1,0,0,0,0,0,1,0,0,0,0,0,0,0,0,0,0,0,0,0,0,0,0,0,1,0,0,0,0,0,0,0,0,0,0,0,0,0,0,0,0,0,0,17.41
11.402567424717914,11.402567424717914,0.0024857827658153475,-1.274422167439585,0.05026521898325642,11.439024390243903,595.5590000000004,558.2630000000004,595.233700864,234,0,0.3172181189692342,-0.48028580497401857,0.48028580497401857,0.3172181189692342,0.2682926829268293,0.3902439024390244,0.5365853658536586,16.387251200043956,10.306837361848492,2.2039440612527477,-2.296569697837091,1.9978098938320394,-2.4685407721233417,5.730995165947787,-0.143636300559019,2.788618572886881,5.353428490818221,764.469200207693,31.534804948073717,22.330902897044744,22.330902897044744,19.06436615885975,12.212406825278853,12.212406825278853,9.005923331871912,9.005923331871912,5.4418925162726675,5.4418925162726675,3.7081635108632174,3.7081635108632174,-3.910000000000001,154564962.41993842,37.08999999999999,20.039931726188073,21.57549094999964,233.89249474685366,35.745691763884935,0.0,0.0,0.0,0.0,41.78513701566294,58.06130894275514,0.0,0.0,0.0,0.0,0.0,52.358051247300594,45.81329484138802,69.30745205238769,41.78513701566294,0.0,24.49954865425239,0.0,0.0,98.17134608868864,0.0,0.0,0.0,0.0,0.0,0.0,0.0,200.20172352248892,33.561760288502754,0.0,0.0,0.0,0.0,0.0,0.0,277.29999999999995,87.59843185705098,48.881342473024866,0.0,52.358051247300594,0.0,9.799819461700956,14.699729192551434,0.0,0.0,0.0,20.426109579362823,0.0,0.0,84.39562137700179,63.65094512475872,0.0,-8.766042090679331,0.0,0.0,-4.113857744414508,0.0,0.6818181818181818,41,7,19,0,0,0,0,0,0,0,0,0,12,7,19,0,26,0,0,0,0,0,18.128806529861354,0,-3.9113999999999995,135.65060000000008,7,0,0,0,0,0,0,0,7,7,7,0,0,0,0,5,0,0,0,0,0,0,0,0,0,0,0,0,0,0,0,0,0,0,0,0,0,0,0,0,0,0,0,0,0,0,0,0,0,0,0,0,0,0,0,0,0,0,0,0,0,0,0,0,0,0,0,0,0,0,0,0,0,0,0,0,0,0,0,0,0,0,0,0,0,0,0,0,0,0,0,0,0,0,0,0,0,0,0,0,0,0,0,0,0,0,0,0,0,0,0,0,0,0,0,0,0,0,0,0,0,0,0,0,0,0,0,0,0,1,0,0,0,0,0,0,0,0,0,0,0,0,0,0,0,0,0,0,0,0,0,0,0,0,0,0,0,0,0,0,0,0,0,0,0,0,0,0,0,0,0,0,0,0,0,0,0,0,0,0,0,0,0,0,0,0,0,0,0,0,0,1,0,0,0,0,0,0,0,0,0,0,0,0,0,0,0,0,0,1,0,0,0,0,0,1,0,0,0,0,0,0,0,0,0,0,0,0,0,0,0,0,0,1,0,0,0,0,0,0,0,0,0,0,0,0,0,0,0,0,0,0,20.41
11.216291832278692,11.216291832278692,0.10236191885181745,-1.1527295545296983,0.4671998596492523,10.741935483870968,422.39700000000016,404.25300000000016,422.122634296,158,0,0.35398933624945456,-0.47650931457048634,0.47650931457048634,0.35398933624945456,0.5806451612903226,0.8709677419354839,1.1290322580645162,16.37256072835462,10.196555996514432,2.1493707931323787,-2.214994395093102,2.131265503310547,-2.247337780958499,5.855945895884912,0.06793744775660458,2.7390805438163137,1.8919545298643343,954.8230894885689,22.38010440969447,16.172712806157573,16.172712806157573,14.812570843487292,9.116227892844817,9.116227892844817,6.603113853794958,6.603113853794958,4.2344617210704945,4.2344617210704945,2.915263125785392,2.915263125785392,-4.18,7391340.370474727,21.52698937288615,9.545832102842247,5.902449850372623,176.02128938776687,15.319582184522117,17.081783984545382,0.0,0.0,0.0,17.90791586385555,4.899909730850478,29.33554711505709,0.0,0.0,18.19910120538483,36.39820241076966,19.634269217737724,17.081783984545382,29.703193736737582,17.90791586385555,0.0,19.8518452936921,0.0,19.634269217737724,0.0,88.76087158524527,0.0,0.0,0.0,0.0,0.0,0.0,53.07934334206977,19.634269217737724,0.0,48.54717952130623,54.59730361615449,0.0,0.0,0.0,153.81,17.90791586385555,29.703193736737582,0.0,36.716053202283106,17.081783984545382,0.0,18.19910120538483,36.39820241076966,4.899909730850478,14.951935562841626,0.0,0.0,0.0,47.81411579665971,27.514647462087314,1.119798534197886,-3.4581886635890946,13.887370634816522,0.0,0.6222562358276644,0.0,0.14285714285714285,31,3,10,0,0,0,0,0,3,3,0,0,7,3,10,3,9,0,0,0,0,0,6.628807297846468,3,2.1686,106.53990000000005,0,0,0,0,3,3,0,0,3,3,3,0,0,0,0,4,0,0,0,0,0,0,0,0,0,0,0,0,0,0,0,0,0,0,0,0,0,0,0,0,0,0,0,0,0,0,0,0,0,0,0,0,0,0,0,0,0,0,0,0,0,0,0,0,0,0,0,0,0,0,0,0,0,3,0,0,0,0,0,0,0,0,0,0,0,0,0,0,0,0,0,0,0,0,0,0,0,0,0,0,0,0,0,0,0,0,0,0,0,0,0,0,0,0,0,0,0,0,0,0,0,0,0,0,0,0,0,0,0,1,0,0,0,0,0,0,0,0,0,0,0,0,0,0,0,0,0,0,0,0,0,0,0,0,0,0,0,0,0,0,0,0,0,0,0,0,0,0,0,0,0,0,0,0,0,0,0,0,0,0,0,0,0,0,0,0,0,0,0,0,0,1,0,0,0,0,0,0,0,0,0,0,0,0,0,0,0,0,0,1,0,0,0,0,0,1,0,0,0,0,0,0,0,0,0,0,0,0,0,0,0,0,0,1,0,0,0,0,0,0,0,0,0,0,0,0,0,0,0,0,0,0,17.77
11.15847884518719,11.15847884518719,0.0662747089490261,-1.0154482731856043,0.4975725188921039,17.25,442.52000000000015,412.28000000000014,442.23285344,172,0,0.3539893362336732,-0.4765093145705069,0.4765093145705069,0.3539893362336732,0.71875,1.09375,1.4375,16.369502815204942,10.23959305809862,2.12764139560865,-2.2622609624819403,2.0567986561872718,-2.425636258026179,5.851362464896194,0.06790347197974567,2.769720851947437,1.5141990792823028,785.611978390104,22.760937777247953,18.034947580930705,18.034947580930705,15.50804039084698,10.756609888336989,10.756609888336989,7.690930284529803,7.690930284529803,5.2422059214675185,5.2422059214675185,3.5702232134659346,3.5702232134659346,-2.9200000000000004,13971624.181097282,23.737041487157317,12.202071167096001,7.6463597313635265,186.83217091878646,20.846631997694075,11.387855989696922,0.0,0.0,0.0,11.938610575903699,9.799819461700956,19.55703141003806,0.0,0.0,12.13273413692322,24.26546827384644,65.44756405912574,11.387855989696922,19.802129157825057,11.938610575903699,0.0,30.40135371160803,0.0,13.08951281182515,52.358051247300594,59.173914390163496,0.0,0.0,10.633577208012662,0.0,0.0,0.0,94.27749311648108,13.08951281182515,0.0,32.36478634753749,36.39820241076966,0.0,0.0,0.0,130.92000000000002,11.938610575903699,9.589074368143644,0.0,11.387855989696922,13.08951281182515,63.74590723699751,12.13273413692322,12.13273413692322,12.13273413692322,30.40135371160803,10.213054789681411,0.0,0.0,35.29685710277799,25.214151211959507,1.6311801255321183,-2.030896546371208,10.181651782792706,0.0,7.7070563233088905,0.0,0.45454545454545453,32,4,10,0,1,1,0,0,2,2,0,0,8,4,10,3,6,0,1,1,0,0,9.05128342258137,3,0.37000000000000105,118.68600000000009,0,0,0,0,2,2,0,0,2,2,2,0,0,0,0,4,2,0,0,0,0,0,0,0,0,0,0,0,0,0,0,0,0,0,0,0,0,0,0,0,0,0,0,0,0,0,0,0,0,0,0,0,0,0,0,0,0,0,0,0,0,0,0,0,0,0,0,0,0,0,0,0,0,2,0,0,0,0,0,0,0,0,0,0,0,0,0,0,0,0,0,0,0,0,0,0,0,0,0,0,0,0,0,0,0,0,0,0,0,0,0,0,0,0,0,0,0,0,0,0,0,0,0,0,0,0,0,0,0,1,0,0,0,0,0,0,0,0,0,0,0,0,0,0,0,0,0,0,0,0,0,0,0,0,0,0,0,0,0,0,0,0,0,0,0,0,0,0,0,0,0,0,0,0,0,0,0,0,0,0,0,0,0,0,0,0,1,0,0,0,0,1,0,0,0,0,0,0,0,0,0,0,0,0,0,1,0,0,0,1,0,0,0,0,0,1,0,0,0,0,0,0,1,0,0,0,0,0,0,0,0,0,0,1,0,0,0,0,0,0,0,0,0,0,0,0,0,0,0,0,1,0,17.27
11.21037636477988,11.21037636477988,0.09875000000000056,-0.9330588886789284,0.5917944818867641,18.06896551724138,408.45500000000027,380.23100000000017,408.200884616,160,0,0.31721458780902806,-0.48028581390969644,0.48028581390969644,0.31721458780902806,0.7241379310344828,1.103448275862069,1.5172413793103448,16.373108512178142,10.200078840586167,2.1697131193171098,-2.263168038135564,2.095250444705527,-2.376437150917126,5.693262365588092,-0.13900139378416143,2.5915668892521504,2.202905018652296,629.7836554032787,21.22540387131522,16.3654654405122,16.3654654405122,13.812570843487292,9.58824020741989,9.58824020741989,7.206041964814487,7.206041964814487,4.609614205096998,4.609614205096998,3.471230869702626,3.471230869702626,-2.56,1723394.5729195692,22.72623277715918,11.44360275255115,8.98583643627417,168.90117811579623,15.319582184522117,0.0,0.0,0.0,0.0,17.90791586385555,34.067319265714104,0.0,0.0,0.0,6.06636706846161,38.06389019460039,26.1790256236503,31.022125207434648,29.703193736737582,17.90791586385555,0.0,19.68370771349864,0.0,25.93115605767717,45.81329484138802,29.58695719508175,0.0,0.0,0.0,0.0,0.0,0.0,98.72450060326435,27.473124364040615,0.0,24.229499235548943,18.19910120538483,0.0,0.0,0.0,134.51,17.90791586385555,24.596666341896878,0.0,19.634269217737724,52.11018168132747,11.387855989696922,0.0,9.799819461700956,23.099010936235306,4.9839785209472085,5.106527394840706,0.0,0.0,43.492303886702544,27.517946499902457,1.441623204837491,-2.7873391515824775,5.487086264104662,1.2481962815990593,2.4335163477695936,0.0,0.5789473684210527,29,3,10,0,1,1,0,0,1,1,0,2,7,3,10,2,6,0,0,0,0,0,8.967930343579894,2,0.03520000000000256,103.37240000000007,3,0,0,0,0,1,0,0,3,3,3,0,0,0,0,4,0,0,0,0,0,0,0,0,0,0,0,0,0,0,0,0,0,0,0,0,2,0,0,0,0,0,0,0,0,0,0,0,0,0,0,0,0,0,0,0,0,0,0,0,0,0,0,0,0,0,0,0,0,0,0,0,0,1,0,0,0,0,0,0,0,0,0,0,0,0,0,0,0,0,0,0,0,0,0,0,0,0,0,0,0,0,0,0,0,0,0,0,0,0,0,0,0,0,0,0,0,0,0,0,0,0,0,0,0,0,0,0,0,1,0,0,0,0,0,0,0,0,0,0,0,0,0,0,0,0,0,0,0,0,0,0,0,0,0,0,0,0,0,0,0,0,0,0,0,0,0,0,0,0,0,0,0,0,0,0,0,0,0,0,0,0,0,0,0,0,1,0,0,0,0,1,0,0,0,0,0,0,0,0,0,0,0,0,0,1,0,0,0,1,0,0,0,0,0,1,0,0,0,0,0,0,1,0,0,0,0,0,0,0,0,0,0,1,0,0,0,0,0,0,0,0,0,0,0,0,0,0,0,0,1,0,9.34
13.002726686265106,13.002726686265106,0.13359203848069146,-4.022015340076874,0.07504052452134059,22.166666666666668,772.7319999999997,708.2200000000001,772.347120008,288,0,0.34149778246048823,-0.32340019939393705,0.34149778246048823,0.32340019939393705,0.3958333333333333,0.5625,0.7083333333333334,31.195686966056357,10.352724487922568,2.3112630821568607,-2.350321550027842,2.45635902368756,-2.463199413677791,7.530736737282811,0.14003523000595025,2.9803309737146417,3.3089017048056126,811.5084951819779,36.10839094998182,29.603112218187526,33.180820982187186,22.555833735058734,17.30336540607528,24.354374507570874,12.334749948423985,19.598557648671175,7.608303749556553,12.982139329274828,4.724655891044839,9.862098243958409,0.43999999999999995,6059589957.008969,46.4606440957886,24.63871414749852,23.091800297535446,288.1090692360251,37.66863505785717,25.143379241817946,0.0,0.0,0.0,30.38304930715154,37.85983206312723,0.0,0.0,0.0,53.378235290466534,25.683286491704038,52.358051247300594,26.427527858051672,55.92882819758248,30.38304930715154,0.0,19.599638923401912,0.0,79.06152178217057,103.92895834717024,0.0,0.0,0.0,0.0,0.0,0.0,30.38304930715154,143.10224368158208,36.35518178657259,0.0,79.06152178217057,0.0,0.0,0.0,0.0,199.07999999999998,30.38304930715154,37.83383955073522,0.0,103.92895834717024,25.683286491704038,25.683286491704038,0.0,19.599638923401912,27.694948798762496,0.0,18.09498864684727,73.3310277752751,0.0,49.411356410799776,0.0,0.0,0.0,0.0,4.523321168942998,10.04457822751185,-16.088061360307492,1.0,48,4,16,0,1,1,0,0,0,0,4,0,12,4,20,1,24,0,1,1,0,4,23.84855268718334,1,5.046400000000005,188.50119999999944,0,0,0,0,0,0,0,0,0,0,0,0,0,0,0,4,0,0,0,0,0,0,0,0,0,0,0,0,0,0,0,0,0,0,0,0,0,0,0,0,0,0,0,0,0,0,0,0,0,0,0,0,0,0,0,0,0,0,0,0,0,0,0,0,0,0,0,0,0,0,0,0,0,0,0,0,0,0,0,0,0,0,0,4,0,0,0,0,0,0,0,0,0,0,0,0,0,0,0,0,0,0,0,0,0,0,0,0,0,0,0,0,0,0,0,0,0,0,0,0,0,0,0,0,0,0,0,0,0,1,0,0,0,0,0,0,0,0,0,0,0,0,0,0,0,0,0,0,0,0,0,0,0,0,0,0,0,0,0,0,0,0,0,0,0,0,0,0,0,0,0,0,0,0,0,0,0,0,0,0,0,0,0,0,0,0,1,0,0,0,0,1,0,0,0,0,0,0,0,0,0,0,0,0,0,1,0,0,0,1,0,0,0,0,0,1,0,0,0,0,0,0,1,0,0,0,0,0,0,0,0,0,0,1,0,0,0,0,0,0,0,0,0,0,0,0,0,0,0,0,1,0,12.19
11.575163720400024,11.575163720400024,4.110823239678041e-05,-3.880663276512694,0.18372507532011229,17.522727272727273,635.6989999999998,589.3310000000004,635.308400062,244,0,,,,,0.5681818181818182,0.8863636363636364,1.2045454545454546,,,,,,,,,2.941157643563294,1.7664213456516848,1045.6429891094654,31.95117222155993,25.076985236085637,26.076985236085633,20.96916736745702,14.77006385389709,17.078704607270094,11.384621810319155,13.981988406420179,7.458098120100578,9.365424331549688,5.402071553037604,7.474361648838097,-2.9999999999999996,2499987385.242405,35.478637101135746,18.085612366230677,14.18896447467876,258.5644486199224,0.0,0.0,0.0,0.0,0.0,259.0579268093544,0.0,0.0,0.0,0.0,0.0,0.0,0.0,0.0,39.490016942242534,25.624264647076977,0.0,24.49954865425239,0.0,13.08951281182515,84.5640100859473,71.7905736680101,0.0,0.0,0.0,0.0,0.0,7.716348783221431,152.07787999408234,27.473124364040615,0.0,11.126902983393991,60.6636706846161,0.0,0.0,0.0,168.56,25.624264647076977,39.490016942242534,0.0,32.205958838646694,65.44756405912574,11.126902983393991,0.0,14.699729192551434,70.46349014631706,0.0,0.0,0.0,0.0,66.49651584767001,28.284767893975328,2.092797565398541,-3.030802764262388,19.646183280261134,0.07853055032379297,2.8404486809240614,-3.880663276512694,0.5,44,5,13,0,1,1,0,2,0,2,0,0,10,5,14,1,14,0,1,1,0,0,14.583019952120708,3,0.643700000000007,168.41799999999964,3,0,0,0,0,0,0,0,3,3,3,0,0,0,0,5,0,0,0,0,0,0,0,0,0,0,0,0,0,0,0,0,0,0,2,0,0,0,0,0,0,0,0,0,0,0,0,0,0,0,0,0,0,0,0,0,0,0,0,0,0,0,0,0,0,0,0,0,0,0,0,0,0,0,0,0,0,0,0,0,0,0,0,0,0,0,0,0,0,0,0,0,0,0,0,0,0,0,0,0,0,0,0,0,0,0,0,0,0,0,0,0,0,0,0,0,0,0,0,0,0,0,0,0,0,0,0,0,0,1,0,0,0,0,0,0,0,0,0,0,0,0,0,0,0,0,0,0,0,0,0,0,0,0,0,0,0,0,0,0,0,0,0,0,0,0,0,0,0,0,0,0,0,0,0,0,0,0,0,0,0,0,0,0,0,0,1,0,0,0,0,1,0,0,0,0,0,0,0,0,0,0,0,0,0,1,0,0,0,1,0,0,0,0,0,1,0,0,0,0,0,0,1,0,0,0,0,0,0,0,0,0,0,1,0,0,0,0,0,0,0,0,0,0,0,0,0,0,0,0,1,0,23.77
10.149797808012094,10.149797808012094,0.054166666666666696,-1.106759259259259,0.4540560092103983,10.166666666666666,177.15599999999998,166.06799999999998,177.063722452,70,0,0.31721874447238374,-0.4802856605065613,0.4802856605065613,0.31721874447238374,1.0833333333333333,1.5,1.75,16.37272246443743,10.428523331383971,2.112739286457844,-2.1494269707835287,1.8620391802099296,-2.3590215536919588,5.720526452130818,-0.1413998044252572,1.8370722940528177,3.850654832890623,137.42124551085624,9.560477932315068,6.433778087673748,6.433778087673748,5.5577493102643665,3.3274797312177204,3.3274797312177204,2.221738841213439,2.221738841213439,1.1339621626276855,1.1339621626276855,0.7380111245182783,0.7380111245182783,-1.1400000000000001,279.23498869602827,10.86,5.5026891587918625,5.6302150595147475,69.02954072669151,15.319582184522117,0.0,0.0,0.0,0.0,11.938610575903699,14.48898409899412,0.0,0.0,0.0,0.0,0.0,6.544756405912575,19.696394776338067,24.90865655266576,11.938610575903699,0.0,4.899909730850478,0.0,0.0,26.241151182250643,0.0,0.0,0.0,0.0,0.0,0.0,0.0,58.39925367352693,9.589074368143644,0.0,0.0,0.0,0.0,0.0,0.0,98.07,11.938610575903699,9.589074368143644,0.0,26.241151182250643,0.0,4.899909730850478,0.0,0.0,0.0,0.0,15.319582184522117,0.0,0.0,21.429225245653818,25.049293272864702,0.0,-2.213518518518518,0.0,0.0,-0.9316666666666666,0.0,0.6666666666666666,12,3,6,0,0,0,0,0,0,0,0,0,4,3,6,0,6,0,0,0,0,0,4.979933688706635,0,-1.5500999999999991,38.797399999999996,2,1,1,0,0,0,0,0,2,2,2,0,0,0,0,1,0,0,0,0,0,0,0,0,0,0,0,0,0,0,0,0,0,0,0,0,0,0,0,0,0,0,0,0,0,0,0,0,0,0,0,0,0,0,0,0,0,0,0,0,0,0,0,0,0,0,0,0,0,0,0,0,0,0,0,0,0,0,0,0,0,0,0,0,0,0,0,0,0,0,0,0,0,0,0,0,0,0,0,0,0,0,0,0,0,0,0,0,0,0,0,0,0,0,0,0,0,0,0,0,0,0,0,0,0,0,0,0,0,1,0,0,0,0,0,0,0,0,0,0,0,0,0,0,0,0,0,0,0,0,0,0,0,0,0,0,0,0,0,0,0,0,0,0,0,0,0,0,0,0,0,0,0,0,0,0,0,0,0,0,0,0,0,0,0,0,0,0,0,0,0,0,0,0,0,0,0,0,0,0,0,0,0,0,0,0,0,0,0,1,0,0,0,0,0,1,0,0,0,0,0,0,0,0,0,0,0,0,0,0,0,0,0,0,0,0,0,0,0,0,0,0,0,0,0,0,0,0,0,0,0,0,9.01
10.98393245569833,10.98393245569833,0.12955293308783555,-0.9722253191400012,0.5043627586040275,20.0,347.3680000000001,322.16800000000006,347.16925014,138,0,0.3172049898921944,-0.48028580497401846,0.48028580497401846,0.3172049898921944,0.625,0.9166666666666666,1.2083333333333333,16.47515637942912,10.323949740613076,2.1742039948459846,-2.2909498064885065,1.9861652816821416,-2.453626962688753,5.694405821604612,-0.14049149117994572,2.4521866075535494,2.6795484226015693,370.26137307125543,17.949382989376325,13.594449327907226,13.594449327907226,11.363081100704113,7.767253164066721,7.767253164066721,5.622031680640793,5.622031680640793,3.645217511447168,3.645217511447168,2.4386589565887524,2.4386589565887524,-1.75,120843.75602023891,20.29494382022472,10.918728952932884,9.402635288589552,139.7379811582926,20.056445138322168,0.0,0.0,0.0,0.0,17.90791586385555,29.083340744766897,0.0,0.0,0.0,0.0,0.0,39.26853843547545,32.84803314676356,34.44005669053763,17.90791586385555,0.0,14.699729192551434,0.0,0.0,72.116571582239,0.0,0.0,0.0,0.0,0.0,0.0,0.0,120.04379882316815,19.120474506015512,0.0,0.0,0.0,0.0,0.0,0.0,130.85,17.90791586385555,14.383611552215466,0.0,19.634269217737724,52.48230236450128,0.0,0.0,14.699729192551434,0.0,0.0,20.056445138322168,5.444505437977661,0.0,37.86719226405124,26.86341922906657,0.0,-2.8620177731586462,0.0,0.0,2.6869008420631797,0.0,0.7857142857142857,24,3,10,0,1,1,0,0,0,0,0,0,7,3,10,1,6,0,1,1,0,0,9.233124612001415,1,-1.823599999999995,83.04640000000005,3,0,0,0,0,0,0,0,3,3,3,0,0,0,0,3,0,0,0,0,0,0,0,0,0,0,0,0,0,0,0,0,0,0,0,0,0,0,0,0,0,1,0,0,0,0,0,0,0,0,0,0,0,0,0,0,0,0,0,0,0,0,0,0,0,0,0,0,0,0,0,0,0,0,0,0,0,0,0,0,0,0,0,0,0,0,0,0,0,0,0,0,0,0,0,0,0,0,0,0,0,0,0,0,0,0,0,0,0,0,0,0,0,0,0,0,0,0,0,0,0,0,0,0,0,0,0,0,0,1,0,0,0,0,0,0,0,0,0,0,0,0,0,0,0,0,0,0,0,0,0,0,0,0,0,0,0,0,0,0,0,0,0,0,0,0,0,0,0,0,0,0,0,0,0,0,0,0,0,0,0,0,0,0,0,0,1,0,0,0,0,1,0,0,0,0,0,0,0,0,0,0,0,0,0,1,0,0,0,1,0,0,0,0,0,1,0,0,0,0,0,0,1,0,0,0,0,0,0,0,0,0,0,1,0,0,0,0,0,0,0,0,0,0,0,0,0,0,0,0,1,0,21.6
12.426482709674797,12.426482709674797,0.08437938308130621,-1.1380854442597037,0.13094403404099578,11.216216216216216,535.5950000000004,494.26700000000034,535.2853425119998,214,0,0.31721724933350626,-0.48028580497400253,0.48028580497400253,0.31721724933350626,0.5135135135135135,0.8108108108108109,1.1081081081081081,16.465283263637517,10.309516235963311,2.2115653367168444,-2.2895059743931965,1.9956590829109764,-2.474547446142307,5.792034383867876,-0.14120273707769387,2.8044570069579535,5.203320723046745,636.8268714730222,28.380104409694468,22.127834952671822,22.127834952671822,17.386355568357832,11.673201135178404,11.673201135178404,8.4948595506125,8.4948595506125,5.372398119618777,5.372398119618777,3.1673271330630035,3.1673271330630035,-2.8500000000000005,35419618.92819728,34.15,19.286362676933333,17.275794709500527,216.61960599699583,34.593127553823166,0.0,0.0,11.814359458703011,0.0,17.90791586385555,38.67241511291054,0.0,0.0,0.0,0.0,0.0,67.58347748338488,45.93754595858871,48.76599401248132,29.72227532255856,0.0,24.49954865425239,0.0,0.0,113.52102344197361,0.0,0.0,0.0,0.0,0.0,0.0,0.0,183.0624296033067,33.4464118279592,0.0,0.0,0.0,0.0,0.0,0.0,180.7,30.997428675680702,39.292268104881224,0.0,57.62765430009103,26.303276740850986,0.0,38.71914373680745,14.09534396535438,0.0,0.0,9.473725907600098,9.877230530108019,0.0,65.95619988443268,27.763982516161807,0.0,-4.0271281956420415,0.0,0.0,0.12151934056959912,6.141529257703269,0.7727272727272727,37,3,15,0,0,0,2,0,0,0,0,0,10,3,15,0,22,0,0,0,0,0,17.800791497764145,0,-2.64419999999999,131.25340000000008,3,0,0,0,0,0,0,0,3,3,5,2,0,0,0,5,0,0,0,2,0,0,0,0,0,0,0,2,0,0,0,0,0,0,0,0,0,0,0,0,0,2,0,0,0,0,0,0,0,0,0,0,0,0,0,2,0,0,0,0,0,0,0,0,0,0,0,0,0,0,0,0,0,0,0,0,0,0,0,0,0,0,0,0,0,0,0,0,0,0,0,0,0,0,0,0,0,0,0,0,0,0,0,0,0,0,0,0,0,0,0,0,0,0,0,0,0,0,0,0,0,0,0,0,0,0,0,0,0,1,0,0,0,0,0,0,0,0,0,0,0,0,0,0,0,0,0,0,0,0,0,0,0,0,0,0,0,0,0,0,0,0,0,0,0,0,0,0,0,0,0,0,0,0,0,0,0,0,0,0,0,0,0,0,0,0,0,0,0,0,0,1,0,0,0,0,0,0,0,0,0,0,0,0,0,0,0,0,0,1,0,0,0,0,0,1,0,0,0,0,0,0,0,0,0,0,0,0,0,0,0,0,0,1,0,0,0,0,0,0,0,0,0,0,0,0,0,0,0,0,0,0,17.69
12.089943920584252,12.089943920584252,0.12494118480725613,-1.0983158506490043,0.36569271152182226,12.142857142857142,402.49200000000013,368.22000000000014,402.24783480799994,162,0,0.3172172485576635,-0.4802856687888652,0.4802856687888652,0.3172172485576635,0.6428571428571429,0.9285714285714286,1.1428571428571428,16.370255898346635,10.105614741514993,2.216549442182531,-2.2779203986732957,2.01184151668923,-2.5009943361749394,5.799672488050473,-0.1409576020842292,2.3816100015354693,4.943736988754317,479.3660689688186,22.120955864630137,17.66448823097457,17.66448823097457,12.57018788189066,9.075290334901807,9.075290334901807,8.80513967090023,8.80513967090023,3.213455619939084,3.213455619939084,2.4152022920285536,2.4152022920285536,-2.1999999999999997,252322.05322267683,25.799999999999997,10.96073156268531,14.916319444444445,165.79721458476183,20.846631997694075,0.0,0.0,11.814359458703011,0.0,11.938610575903699,28.97796819798824,0.0,0.0,0.0,0.0,41.54242319814374,24.16736331659184,26.1790256236503,29.3912035259687,23.75297003460671,0.0,20.433396669713616,0.0,52.620273702910424,39.26853843547545,0.0,0.0,0.0,10.633577208012662,0.0,0.0,0.0,94.11223322623124,19.178148736287287,0.0,41.54242319814374,0.0,0.0,0.0,0.0,139.28,23.01646108067039,19.178148736287287,0.0,51.08289789417846,0.0,0.0,9.799819461700956,0.0,41.54242319814374,10.633577208012662,10.213054789681411,0.0,0.0,49.16155997938916,23.64624431566576,-0.9040395176851421,-2.8558720571689546,0.0,0.0,10.11877394646584,0.0,0.7777777777777778,28,4,10,0,0,0,2,0,0,0,0,0,6,4,10,0,11,0,0,0,0,0,10.099531225617179,0,-0.41099999999999587,103.94300000000008,2,0,0,0,0,0,0,0,2,2,4,2,0,0,0,2,2,0,0,0,0,0,0,0,0,0,0,2,0,0,0,0,0,0,0,0,0,0,0,0,0,0,0,0,0,0,0,0,0,0,0,0,0,0,0,0,0,0,0,0,0,0,0,0,0,0,0,0,0,0,0,0,0,0,0,0,0,0,0,0,0,0,0,0,0,0,0,0,0,0,0,0,0,0,0,0,0,0,0,0,0,0,0,0,0,0,0,0,0,0,0,0,0,0,0,0,0,0,0,0,0,0,0,0,0,0,0,0,0,1,0,0,0,0,0,0,0,0,0,0,0,0,0,0,0,0,0,0,0,0,0,0,0,0,0,0,0,0,0,0,0,0,0,0,0,0,0,0,0,0,0,0,0,0,0,0,0,0,0,0,0,0,0,0,0,0,0,0,0,0,0,1,0,0,0,0,0,0,0,0,0,0,0,0,0,0,0,0,0,1,0,0,0,0,0,1,0,0,0,0,0,0,0,0,0,0,0,0,0,0,0,0,0,1,0,0,0,0,0,0,0,0,0,0,0,0,0,0,0,0,0,0,12.76
12.399056940290361,12.399056940290361,0.09832703451751024,-1.1294345500545908,0.2791956434180715,18.057142857142857,493.51700000000034,462.2690000000003,493.217262952,192,0,0.3172172485480285,-0.48028580497400253,0.48028580497400253,0.3172172485480285,0.6285714285714286,0.9428571428571428,1.2857142857142858,16.37348856607279,10.124221707666335,2.196367166614295,-2.275270675540613,2.0489414038384464,-2.4675603004297257,5.793124279576211,-0.14058529530711328,2.7657652402948303,2.2102767710371705,796.8043156263368,25.79431797206756,19.31209869512959,19.31209869512959,16.600264543721995,11.040838733946517,11.040838733946517,8.248629447996171,8.248629447996171,5.278273502340932,5.278273502340932,3.531738183449734,3.531738183449734,-3.55,27216501.784060318,27.692734466442378,13.988731475804494,11.42300591744772,201.83418293094653,25.95315939253478,0.0,0.0,11.814359458703011,0.0,17.90791586385555,38.672415112910535,0.0,0.0,0.0,24.26546827384644,11.126902983393991,39.26853843547545,32.72378202956288,39.292268104881224,29.72227532255856,0.0,25.333306400564094,0.0,13.08951281182515,58.902807653213166,35.392371257240434,0.0,0.0,10.633577208012662,0.0,0.0,0.0,118.64439435284532,37.062198732184264,0.0,11.126902983393991,24.26546827384644,0.0,0.0,0.0,179.82,30.997428675680702,39.292268104881224,0.0,70.71716711191618,0.0,11.126902983393991,14.699729192551434,24.26546827384644,0.0,10.633577208012662,0.0,0.0,0.0,62.95615706144844,33.14617976577787,1.632211409255061,-4.125702403423363,7.188345220298545,0.0,-0.6305243866898882,0.0,0.5,35,5,13,0,2,2,2,1,0,1,0,2,8,5,13,2,6,0,0,0,0,0,11.068177893766242,3,-1.9075999999999909,122.36280000000006,3,0,0,0,0,0,0,0,3,3,5,2,0,0,0,3,2,0,0,0,0,0,0,0,0,0,0,2,0,0,0,0,0,0,1,0,16,0,0,0,0,0,0,0,0,0,0,0,0,0,0,0,0,0,0,0,0,0,0,0,0,0,0,0,0,0,0,0,0,0,0,0,0,0,0,0,0,0,0,0,0,0,0,0,0,0,0,0,0,0,0,0,0,0,0,0,0,0,0,0,0,0,0,0,0,0,0,0,0,0,0,0,0,0,0,0,0,0,0,0,0,0,0,0,0,0,0,0,0,1,0,0,0,0,0,0,0,0,0,0,0,0,0,0,0,0,0,0,0,0,0,0,0,0,0,0,0,0,0,0,0,0,0,0,0,0,0,0,0,0,0,0,0,0,0,0,0,0,0,0,0,0,0,1,0,0,0,0,0,0,1,1,0,0,0,0,0,0,0,0,0,0,0,0,0,1,0,0,0,1,0,0,0,0,0,1,0,0,0,0,0,0,1,0,0,0,0,0,0,0,0,0,0,1,0,0,0,0,0,0,0,0,0,0,0,0,0,0,1,0,1,0,12.34
11.16896714292713,11.16896714292713,0.34006944444444454,-4.159082936158004,0.31293644216440003,22.0,360.28800000000007,334.0800000000001,360.1327578119999,132,0,0.33894238175552366,-0.3235291578880903,0.33894238175552366,0.3235291578880903,0.6818181818181818,1.0454545454545454,1.3636363636363635,31.192411204484383,10.391044355371086,2.223653667123799,-2.2848105578102125,2.3576068071440806,-2.43429323380826,7.514385206009486,0.21357594585627104,2.3247540921799796,2.636816101270754,336.8424910217125,16.639981912617827,12.465273156792868,14.2541275387927,10.156596523969725,7.109184062177911,10.704391869585482,5.34827907524188,8.572701270726064,3.189076909655274,4.725981442958064,2.2114807596066215,3.8193065697268813,0.14,34517.948760688334,20.185167118337848,9.43924849706017,10.797722615379842,129.7401064529724,30.207223619022564,12.571689620908973,0.0,0.0,0.0,15.19152465357577,18.929916031563614,0.0,0.0,0.0,0.0,0.0,52.358051247300594,0.0,28.70374298087256,15.19152465357577,0.0,20.433396669713616,0.0,0.0,64.92974086820956,0.0,0.0,0.0,10.633577208012662,0.0,0.0,15.19152465357577,94.30320674092044,9.130096569862658,0.0,0.0,0.0,0.0,0.0,0.0,145.6,15.19152465357577,9.130096569862658,0.0,12.571689620908973,39.26853843547545,13.08951281182515,0.0,9.799819461700956,0.0,10.633577208012662,19.5736464110099,22.33793428585426,0.0,39.68800261050923,6.346299900618684,0.0,0.0,0.0,-0.701030328798186,4.258070515243135,-8.318165872316007,1.0,22,6,10,0,1,1,0,0,0,0,2,0,6,6,12,1,4,0,1,1,0,2,8.660582199303587,1,-1.9463999999999955,82.70760000000004,0,0,0,0,0,0,0,0,0,0,0,0,0,0,0,2,2,0,0,0,0,0,0,0,0,0,0,0,0,0,0,0,0,0,0,0,0,0,0,0,0,0,0,0,0,0,0,0,0,0,0,0,0,0,0,0,0,0,0,0,0,0,0,0,0,0,0,0,0,0,0,0,0,0,0,0,0,0,0,0,0,0,0,0,0,0,0,0,0,0,0,0,0,0,0,0,0,0,0,0,0,0,0,0,0,0,0,0,0,0,0,0,0,0,0,0,0,0,0,0,0,0,0,0,0,0,0,0,0,1,0,0,0,0,0,0,0,0,0,0,0,0,0,0,0,0,0,0,0,0,0,0,0,0,0,0,0,0,0,0,0,0,0,0,0,0,0,0,0,0,0,0,0,0,0,0,0,0,0,0,0,0,0,0,0,0,1,0,0,0,0,1,0,0,0,0,0,0,0,0,0,0,0,0,0,1,0,0,0,1,0,0,0,0,0,1,0,0,0,0,0,0,1,0,0,0,0,0,0,0,0,0,0,1,0,0,0,0,0,0,0,0,0,0,0,0,0,0,0,0,1,0,19.15
10.93623640505585,10.93623640505585,0.12372378117913829,-1.1381846101362696,0.4895419861175128,10.869565217391305,325.3210000000001,306.16900000000004,325.127385328,126,0,0.31721811897546137,-0.48028567906897923,0.48028567906897923,0.31721811897546137,0.8695652173913043,1.391304347826087,1.8695652173913044,16.374965471955004,10.28380408363704,2.1657949818211284,-2.2407456381313304,2.0172878169623014,-2.412237847871623,5.721889412551584,-0.14277988234429162,2.4351761469829243,2.647415737860663,490.09966494232975,17.242276208189782,12.460068208269128,12.460068208269128,10.863081100704113,6.865253809511808,6.865253809511808,4.923600506317481,4.923600506317481,2.9208091691598104,2.9208091691598104,2.0054886153422444,2.0054886153422444,-2.52,79795.85198433646,18.528828125,9.487612197771105,8.48859566816659,132.32246502713903,15.319582184522117,0.0,0.0,0.0,0.0,17.90791586385555,29.167409534863626,0.0,0.0,0.0,6.06636706846161,12.13273413692322,25.8311127893508,25.328197212586186,29.703193736737582,17.90791586385555,0.0,14.783797982648164,0.0,6.544756405912575,32.72378202956288,30.089872771846366,0.0,0.0,0.0,0.0,0.0,0.0,80.73507806058872,20.92836795812804,0.0,5.693927994848461,24.395944776997908,0.0,0.0,0.0,131.27,30.997428675680702,14.383611552215466,0.0,26.1790256236503,5.693927994848461,0.0,4.899909730850478,29.295854507848382,0.0,4.9839785209472085,15.319582184522117,0.0,0.0,39.359096995343386,26.534748884172586,0.6775640379608635,-3.30048932819225,5.2738562914325,1.5926986326364032,-0.47080884668682255,0.0,0.42857142857142855,23,3,9,0,0,0,0,0,1,1,0,0,6,3,9,1,11,0,0,0,0,0,7.643231988224101,1,-0.5605999999999973,78.86140000000005,3,0,0,0,0,1,0,0,3,3,3,0,0,0,0,3,0,0,0,0,0,0,0,0,0,0,0,0,0,0,0,0,0,0,0,0,0,0,0,0,0,0,0,0,0,0,0,0,0,0,0,0,0,0,0,0,0,0,0,0,0,0,0,0,0,0,0,0,0,0,0,0,0,1,0,0,0,0,0,0,0,0,0,0,0,0,0,0,0,0,0,0,0,0,0,0,0,0,0,0,0,0,0,0,0,0,0,0,0,0,0,0,0,0,0,0,0,0,0,0,0,0,0,0,0,0,0,0,0,1,0,0,0,0,0,0,0,0,0,0,0,0,0,0,0,0,0,0,0,0,0,0,0,0,0,0,0,0,0,0,0,0,0,0,0,0,0,0,0,0,0,0,0,0,0,0,0,0,0,0,0,0,0,0,0,0,0,0,0,0,0,1,0,0,0,0,0,0,0,0,0,0,0,0,0,0,0,0,0,1,0,0,0,0,0,1,0,0,0,0,0,0,0,0,0,0,0,0,0,0,0,0,0,1,0,0,0,0,0,0,0,0,0,0,0,0,0,0,0,0,0,0,15.56
10.44154425579378,10.44154425579378,0.12032812997442077,-4.0036179182261,0.09371334003119158,21.1,668.5800000000003,612.1320000000003,668.284519752,248,0,,,,,0.375,0.525,0.65,,,,,,,,,2.7959880735140232,3.2340494823825123,506.4237512704517,30.451536700489445,24.3132648068397,28.313264806839694,18.555833735058734,13.797425380628146,21.836554431229445,9.809200371199323,18.173928126840334,6.150129972978824,12.59074566266707,4.483408604895455,10.293056923889516,1.0799999999999996,116830115.60483299,39.10434274586173,18.78749569445802,17.393240640387678,239.89307060324833,0.0,0.0,0.0,0.0,0.0,240.23896185646467,0.0,0.0,0.0,0.0,0.0,0.0,0.0,0.0,57.24228146886706,31.773134318262866,0.0,19.599638923401912,0.0,27.694948798762496,103.92895834717024,0.0,0.0,0.0,0.0,0.0,0.0,31.773134318262866,162.67589009259197,18.09498864684727,0.0,27.694948798762496,0.0,0.0,0.0,0.0,211.71999999999997,31.773134318262866,39.1472928220198,0.0,51.570907099869615,52.358051247300594,0.0,0.0,47.29458772216441,0.0,0.0,18.09498864684727,20.786606400903864,0.0,90.72701036901944,0.0,0.0,0.0,0.0,-0.48131251989768375,9.759945200656572,-16.0144716729044,1.0,40,8,16,0,1,1,0,0,0,0,0,0,16,8,20,1,16,0,1,1,0,0,18.3668167743122,1,-0.8979999999999955,163.27439999999976,0,0,0,0,0,0,0,0,0,0,0,0,0,0,0,4,0,0,0,0,0,0,0,0,0,0,0,0,0,0,0,0,0,0,0,0,0,0,0,0,0,0,0,0,0,0,0,0,0,0,0,0,0,0,0,0,0,0,0,0,0,0,0,0,0,0,0,0,0,0,0,0,0,0,0,0,0,0,0,0,0,0,0,0,0,0,0,0,0,0,0,0,0,0,0,0,0,0,0,0,0,0,0,0,0,0,0,0,0,0,0,0,0,0,0,0,0,0,0,0,0,0,0,0,0,0,0,0,0,1,0,0,0,0,0,0,0,0,0,0,0,0,0,0,0,0,0,0,0,0,0,0,0,0,0,0,0,0,0,0,0,0,0,0,0,0,0,0,0,0,0,0,0,0,0,0,0,0,0,0,0,0,0,0,0,0,1,0,0,0,0,1,0,0,0,0,0,0,0,0,0,0,0,0,0,1,0,0,0,1,0,0,0,0,0,1,0,0,0,0,0,0,1,0,0,0,0,0,0,0,0,0,0,1,0,0,0,0,0,0,0,0,0,0,0,0,0,0,0,0,1,0,14.4
10.960199117657389,10.960199117657389,0.1442017825648778,-1.1466642258755357,0.29279001105463437,10.827586206896552,411.4110000000001,386.21100000000024,411.16416475999995,160,0,0.3172184291387893,-0.48028566224902597,0.48028566224902597,0.3172184291387893,0.5862068965517241,0.9310344827586207,1.2413793103448276,16.37869079307223,10.240381437757097,2.1783553522804366,-2.297103301579641,2.1292185797053165,-2.4387583306327154,5.728013308562935,-0.14315569667199465,2.5975653453150636,2.8454564755926746,588.5385429054421,21.811190308942123,15.807093925795671,15.807093925795671,13.667611553344425,8.789249862708377,8.789249862708377,6.3188614051304794,6.3188614051304794,3.929100860874258,3.929100860874258,2.7262585088440314,2.7262585088440314,-3.1799999999999997,1228876.9940844127,23.858729666924862,12.312268701907794,10.660449661358442,166.9132329118255,25.326019310213297,0.0,0.0,0.0,0.0,23.877221151807397,28.97796819798824,0.0,0.0,0.0,18.19910120538483,12.13273413692322,31.866411898333862,26.1790256236503,39.60425831565011,29.56460742649096,0.0,9.799819461700956,0.0,0.0,57.25796097815107,30.33183534230805,0.0,0.0,4.899909730850478,5.687386274683562,0.0,0.0,106.4612014401718,19.178148736287287,0.0,0.0,30.33183534230805,0.0,0.0,0.0,158.92,50.056246775457694,19.178148736287287,0.0,26.1790256236503,0.0,5.687386274683562,9.799819461700956,24.26546827384644,10.966276799312087,0.0,20.426109579362823,0.0,0.0,48.20899868361351,35.8277911422546,0.7673148148148151,-4.586656903502142,9.000651842412305,0.0,-0.8847662462597523,0.0,0.4444444444444444,29,4,11,0,0,0,0,1,0,1,0,0,7,4,11,0,15,0,0,0,0,0,10.12948588087441,1,-0.5645999999999949,102.07820000000008,4,0,0,0,0,0,0,0,4,4,4,0,0,0,0,3,0,0,0,0,0,0,0,0,0,0,0,0,0,1,0,0,0,0,1,0,0,0,0,0,0,0,0,0,0,0,0,0,0,0,0,0,0,0,0,0,0,0,0,0,0,0,0,0,1,0,0,0,0,0,0,0,0,0,0,0,0,0,0,0,0,0,0,0,0,0,0,0,0,0,0,0,0,0,0,0,0,0,0,0,0,0,0,0,0,0,0,0,0,0,0,0,0,0,0,0,0,0,0,0,0,0,0,0,0,0,0,0,0,1,0,0,0,0,0,0,0,0,0,0,0,0,0,0,0,0,0,0,0,0,0,0,0,0,0,0,0,0,0,0,0,0,0,0,0,0,0,0,0,0,0,0,0,0,0,0,0,0,0,0,0,0,0,0,0,0,0,0,0,0,0,1,0,0,0,0,0,0,0,0,0,0,0,0,0,0,0,0,0,1,0,0,0,0,0,1,0,0,0,0,0,0,0,0,0,0,0,0,0,0,0,0,0,1,0,0,0,0,0,0,0,0,0,0,0,0,0,0,0,0,0,0,15.42
10.827523210862164,10.827523210862164,0.02388904635928424,-1.2153449126564209,0.17276631775939819,11.107142857142858,407.37600000000026,382.17600000000016,407.15399399999995,160,0,0.3172181189627989,-0.4811950473063319,0.4811950473063319,0.3172181189627989,0.42857142857142855,0.7142857142857143,0.9642857142857143,16.381050026225424,10.29622250799399,2.1801419052652773,-2.275462622146838,1.9842450931179374,-2.4422441064554326,5.727570210741106,-0.14315569667199438,2.506468108615474,4.898587438092623,458.24156472329037,21.689869965382485,15.190018028184458,15.190018028184458,12.988978758390344,8.252471562027464,8.252471562027464,5.981643416650145,5.981643416650145,3.5422764936718303,3.5422764936718303,2.348032587603326,2.348032587603326,-2.7700000000000005,442742.5267058373,25.23,13.40626702158866,14.404771677766098,159.9067209011911,30.432546705054,0.0,0.0,0.0,0.0,29.846526439759245,33.77250538206006,0.0,0.0,0.0,0.0,0.0,32.72378202956288,32.59984724657631,49.50532289456263,29.846526439759245,0.0,14.699729192551434,0.0,6.4208216229260096,58.902807653213166,0.0,0.0,0.0,0.0,0.0,0.0,0.0,128.98170025972743,23.97268592035911,0.0,6.4208216229260096,0.0,0.0,0.0,0.0,196.22,56.02555206340954,23.97268592035911,0.0,39.14460365248888,0.0,9.799819461700956,0.0,4.899909730850478,0.0,0.0,25.532636974203527,0.0,0.0,58.01341419515023,44.188055775809275,0.0,-5.939290648358108,0.0,-0.2403549382716057,-1.6884910509964626,0.0,0.6666666666666666,28,5,13,0,0,0,0,0,0,0,0,0,8,5,13,0,17,0,0,0,0,0,12.080004176952924,0,-2.294499999999993,92.11600000000006,5,0,0,0,0,0,0,0,5,5,5,0,0,0,0,3,0,0,0,0,0,0,0,0,0,0,0,0,0,0,0,0,0,0,0,0,0,0,0,0,0,0,0,0,0,0,0,0,0,0,0,0,0,0,0,0,0,0,0,0,0,0,0,0,0,0,0,0,0,0,0,0,0,0,0,0,0,0,0,0,0,0,0,0,0,0,0,0,0,0,0,0,0,0,0,0,0,0,0,0,0,0,0,0,0,0,0,0,0,0,0,0,0,0,0,0,0,0,0,0,0,0,0,0,0,0,0,0,0,1,0,0,0,0,0,0,0,0,0,0,0,0,0,0,0,0,0,0,0,0,0,0,0,0,0,0,0,0,0,0,0,0,0,0,0,0,0,0,0,0,0,0,0,0,0,0,0,0,0,0,0,0,0,0,0,0,0,0,0,0,0,1,0,0,0,0,0,0,0,0,0,0,0,0,0,0,0,0,0,1,0,0,0,0,0,1,0,0,0,0,0,0,0,0,0,0,0,0,0,0,0,0,0,1,0,0,0,0,0,0,0,0,0,0,0,0,0,0,0,0,0,0,16.71
12.353810111423979,12.353810111423979,0.12594039351851838,-1.1054079009663138,0.08333620939745873,11.24390243902439,587.7590000000005,534.3350000000004,587.389413656,238,0,0.3172172485442638,-0.48028580497400253,0.48028580497400253,0.3172172485442638,0.4634146341463415,0.7804878048780488,1.1219512195121952,16.373510436844718,10.14734078271616,2.193677303564081,-2.2758559511548464,2.0244805493041866,-2.4697805871805265,5.791497695317248,-0.14057871884282946,2.8809716726909484,4.8870879352078305,664.3203424879727,30.88225812080759,25.073765430236552,25.073765430236552,19.56498836331191,14.926578310087141,14.926578310087141,10.407006601221354,10.407006601221354,6.480937321442806,6.480937321442806,4.268201777332863,4.268201777332863,-2.7700000000000005,287908763.2455875,38.23,24.980195075594253,24.725657637448485,244.16222525117107,25.95315939253478,0.0,0.0,11.814359458703011,0.0,17.90791586385555,38.67241511291054,0.0,0.0,0.0,65.21404738278933,12.841643245852019,39.26853843547545,32.72378202956288,39.292268104881224,29.72227532255856,0.0,25.333306400564094,0.0,78.05569062864136,71.99232046503832,0.0,0.0,0.0,10.633577208012662,0.0,0.0,0.0,131.73390716467048,23.97268592035911,0.0,78.05569062864136,0.0,0.0,0.0,0.0,179.82,17.90791586385555,39.292268104881224,0.0,70.71716711191618,13.08951281182515,64.20821622926012,9.799819461700956,4.899909730850478,0.0,24.48105160739391,0.0,0.0,0.0,63.28506787619245,33.53438349795957,0.0,-3.898526891611807,0.0,10.467112931019868,4.445295919773261,0.0,0.8214285714285714,41,5,13,0,0,0,2,0,0,0,0,0,8,5,13,0,28,0,0,0,0,0,23.292508725365078,0,1.3194000000000077,155.76479999999984,3,0,0,0,0,0,0,0,3,3,5,2,0,0,0,3,2,0,0,0,0,0,0,0,0,0,0,2,0,0,0,0,0,0,0,0,0,0,0,0,0,0,0,0,0,0,0,0,0,0,0,0,0,0,0,0,0,0,0,0,0,0,0,0,0,0,0,0,0,0,0,0,0,0,0,0,0,0,0,0,0,0,0,8,0,0,0,0,0,0,0,0,0,0,0,0,0,0,0,0,0,0,0,0,0,0,0,0,0,0,0,0,0,0,0,0,0,0,0,0,0,0,0,0,0,0,0,0,0,1,0,0,0,0,0,0,0,0,0,0,0,0,0,0,0,0,0,0,0,0,0,0,0,0,0,0,0,0,0,0,0,0,0,0,0,0,0,0,0,0,0,0,0,0,0,0,0,0,0,0,0,0,0,0,0,0,0,0,0,0,0,1,0,0,0,0,0,0,0,0,0,0,0,0,0,0,0,0,0,1,0,0,0,0,0,1,0,0,0,0,0,0,0,0,0,0,0,0,0,0,0,0,0,1,0,0,0,0,0,0,0,0,0,0,0,0,0,0,0,0,0,0,15.62
9.72536186696901,9.72536186696901,0.31319444444444455,-1.059027777777778,0.4455044932403605,8.88888888888889,133.10299999999998,126.04699999999998,133.037507704,52,0,0.31699199735770195,-0.4802913564105601,0.4802913564105601,0.31699199735770195,1.1111111111111112,1.4444444444444444,1.6666666666666667,16.371605796653615,10.570998230216466,1.9698492000506846,-1.9267397959047048,1.605952537926877,-2.2745206125772985,5.719022597947542,-0.1368632527130315,1.6286737757853125,3.1028259423155773,95.20671786825557,7.276020881938894,4.625137334300737,4.625137334300737,4.125897657686229,2.269675448336916,2.269675448336916,1.39103047703998,1.39103047703998,0.5524514503058254,0.5524514503058254,0.2763654714909552,0.2763654714909552,-1.1,65.1469510314125,7.8999999999999995,3.8485659349463233,6.899999999999999,51.29545125910697,10.213054789681411,0.0,0.0,0.0,0.0,11.938610575903699,14.905862972149976,0.0,0.0,0.0,0.0,0.0,0.0,13.08951281182515,19.802129157825057,11.938610575903699,0.0,5.316788604006331,0.0,0.0,13.08951281182515,0.0,0.0,0.0,5.316788604006331,0.0,0.0,0.0,35.24117817741026,9.589074368143644,0.0,0.0,0.0,0.0,0.0,0.0,86.63,11.938610575903699,9.589074368143644,0.0,13.08951281182515,0.0,0.0,0.0,0.0,0.0,5.316788604006331,10.213054789681411,0.0,0.0,19.45072373393802,18.127054043839756,0.0,-2.1180555555555554,0.0,0.0,-0.6263888888888891,0.0,0.5,9,3,5,0,0,0,0,0,0,0,0,0,3,3,5,0,4,0,0,0,0,0,3.3781856540084387,0,-1.2548,28.141299999999994,2,0,0,0,0,0,0,0,2,2,2,0,0,0,0,0,1,0,0,0,0,0,0,0,0,0,0,0,0,0,0,0,0,0,0,0,0,0,0,0,0,0,0,0,0,0,0,0,0,0,0,0,0,0,0,0,0,0,0,0,0,0,0,0,0,0,0,0,0,0,0,0,0,0,0,0,0,0,0,0,0,0,0,0,0,0,0,0,0,0,0,0,0,0,0,0,0,0,0,0,0,0,0,0,0,0,0,0,0,0,0,0,0,0,0,0,0,0,0,0,0,0,0,0,0,0,0,0,0,1,0,0,0,0,0,0,0,0,0,0,0,0,0,0,0,0,0,0,0,0,0,0,0,0,0,0,0,0,0,0,0,0,0,0,0,0,0,0,0,0,0,0,0,0,0,0,0,0,0,0,0,0,0,0,0,0,0,0,0,0,0,0,0,0,0,0,0,0,0,0,0,0,0,0,0,0,0,0,0,1,0,0,0,0,0,1,0,0,0,0,0,0,0,0,0,0,0,0,0,0,0,0,0,0,0,0,0,0,0,0,0,0,0,0,0,0,0,0,0,0,0,0,6.68
12.238845150971219,12.238845150971219,0.09780124607234986,-1.1288543548857202,0.1738542307494074,12.142857142857142,503.5970000000003,462.26900000000035,503.2955132719999,202,0,0.3172172485513178,-0.48028580497400253,0.48028580497400253,0.3172172485513178,0.5142857142857142,0.7714285714285715,1.0285714285714285,16.373497985142333,10.10712703723012,2.2192872843942744,-2.2900003275649268,2.017109932547297,-2.497897220587519,5.798581508375314,-0.14062795228526453,2.5832037115321307,5.200816183625487,645.3007924793187,27.39697674656903,21.588484055997988,21.588484055997988,15.857881582125366,11.305257966527503,11.305257966527503,10.475026085881895,10.475026085881895,4.304778350278184,4.304778350278184,3.1592493793041054,3.1592493793041054,-2.7700000000000005,6213359.221718541,32.22999999999999,14.588626307952145,19.250567749358638,205.9725725647914,25.95315939253478,0.0,0.0,11.814359458703011,0.0,17.90791586385555,38.67241511291054,0.0,0.0,0.0,0.0,41.54242319814374,37.25687612841699,32.72378202956288,39.292268104881224,29.72227532255856,0.0,25.333306400564094,0.0,52.620273702910424,58.902807653213166,0.0,0.0,0.0,10.633577208012662,0.0,0.0,0.0,129.72224485761203,23.97268592035911,0.0,41.54242319814374,0.0,0.0,0.0,0.0,179.82,42.07527918044738,39.292268104881224,0.0,57.62765430009103,0.0,0.0,14.699729192551434,41.54242319814374,0.0,10.633577208012662,0.0,0.0,0.0,62.5850618911789,33.14009325121425,-0.9837291112476603,-4.093284948505283,0.0,0.0,9.685192250693131,0.0,0.7727272727272727,35,5,13,0,0,0,2,0,0,0,0,0,8,5,13,0,16,0,0,0,0,0,13.434040740151357,0,-1.0243999999999902,128.0188000000001,3,0,0,0,0,0,0,0,3,3,5,2,0,0,0,3,2,0,0,0,0,0,0,0,0,0,0,2,0,0,0,0,0,0,0,0,0,0,0,0,0,0,0,0,0,0,0,0,0,0,0,0,0,0,0,0,0,0,0,0,0,0,0,0,0,0,0,0,0,0,0,0,0,0,0,0,0,0,0,0,0,0,0,0,0,0,0,0,0,0,0,0,0,0,0,0,0,0,0,0,0,0,0,0,0,0,0,0,0,0,0,0,0,0,0,0,0,0,0,0,0,0,0,0,0,0,0,0,0,1,0,0,0,0,0,0,0,0,0,0,0,0,0,0,0,0,0,0,0,0,0,0,0,0,0,0,0,0,0,0,0,0,0,0,0,0,0,0,0,0,0,0,0,0,0,0,0,0,0,0,0,0,0,0,0,0,0,0,0,0,0,1,0,0,0,0,0,0,0,0,0,0,0,0,0,0,0,0,0,1,0,0,0,0,0,1,0,0,0,0,0,0,0,0,0,0,0,0,0,0,0,0,0,1,0,0,0,0,0,0,0,0,0,0,0,0,0,0,0,0,0,0,17.15
13.419548932899055,13.419548932899055,0.060957121982555096,-1.0552935520121458,0.12393681812899723,17.69047619047619,597.6660000000003,554.3220000000003,597.300992576,236,0,0.31720436546697833,-0.48028580497401857,0.48028580497401857,0.31720436546697833,0.7142857142857143,1.1428571428571428,1.5476190476190477,16.475822410071974,10.15986912703641,2.2951836510827084,-2.3604599307443785,2.0888546517438153,-2.56553655602965,5.81894129164945,-0.14059072052876911,2.9378450223099217,2.3169684917172146,896.0448141070516,30.907202147189924,23.71421741394452,23.71421741394452,20.103794503572132,13.810819396810604,13.810819396810604,10.132812858792427,10.132812858792427,6.866247261806635,6.866247261806635,4.568471458727716,4.568471458727716,-3.18,868728199.9692602,35.01838141551598,19.09388381329487,13.654786272147426,244.40935562338007,35.5862885320099,6.041840829147961,0.0,5.907179729351506,0.0,17.90791586385555,38.777787659689196,0.0,0.0,0.0,30.33183534230805,5.563451491696996,52.358051247300594,52.10363790493735,49.44764866429086,23.815095593207054,0.0,24.916427527408242,0.0,18.69056362280884,91.81296635857709,35.89528683400505,0.0,0.0,5.316788604006331,0.0,0.0,0.0,172.84401950768554,30.52189365460025,0.0,5.563451491696996,30.33183534230805,0.0,0.0,0.0,203.64999999999998,49.11254118052881,44.71078571049081,0.0,85.20608439406416,0.0,5.563451491696996,0.0,19.599638923401912,30.33183534230805,5.316788604006331,4.736862953800049,5.906380537880635,0.0,54.71119812541733,49.93783591596342,0.8890040947713833,-3.6645533834747557,7.538100420591219,0.0,0.1820342888507791,0.0,0.6296296296296297,42,6,15,0,1,1,1,1,0,1,1,0,11,6,15,1,15,0,1,1,0,1,15.919926335178726,2,-2.483399999999988,149.7886999999999,3,2,2,0,0,0,0,0,3,3,4,1,0,0,0,4,1,0,0,0,0,0,0,0,0,0,0,1,0,0,0,0,0,0,1,0,0,0,0,0,0,1,0,0,0,0,0,0,0,0,0,0,0,0,0,0,0,0,0,0,0,0,0,0,0,0,0,0,0,0,0,0,0,0,0,0,0,0,0,0,0,0,0,0,0,0,0,0,0,0,0,0,0,0,0,0,0,0,0,0,0,0,0,0,0,0,0,0,0,0,0,0,0,0,0,0,0,0,0,0,0,0,0,0,0,0,0,0,0,1,0,0,0,0,0,0,0,0,0,0,0,0,0,0,0,0,0,0,0,0,0,0,0,0,0,0,0,0,0,0,0,0,0,0,0,0,0,0,0,0,0,0,0,0,0,0,0,0,0,0,0,0,0,0,0,0,1,0,0,0,0,1,0,0,0,0,0,0,0,0,0,0,0,0,0,1,0,0,0,1,0,0,0,0,0,1,0,0,0,0,0,0,1,0,0,0,0,0,0,0,0,0,0,1,0,0,0,0,0,0,0,0,0,0,0,0,0,0,0,0,1,0,25.9
11.410737775048291,11.410737775048291,0.2165438397581254,-1.101773990332792,0.5386405599348587,19.925925925925927,379.41300000000007,354.21300000000014,379.17433552000006,148,0,0.31722811238727705,-0.48028556169815784,0.48028556169815784,0.31722811238727705,0.8888888888888888,1.4074074074074074,1.8888888888888888,16.37511746533,9.872264259902556,2.361207863651331,-2.433494479482657,2.2798013793912513,-2.558717698971182,5.72427454608657,-0.14597231743630856,2.6018090217899794,2.261389395999423,604.6982126592616,19.81119030894212,15.028982309021478,15.028982309021478,12.863081100704113,8.899025971233513,8.899025971233513,6.731408802995116,6.731408802995116,4.738255571701976,4.738255571701976,3.745340134900148,3.745340134900148,-2.5199999999999996,782957.185309215,20.787810601598444,9.980589467110965,6.611281343248605,156.77640233119624,15.319582184522117,0.0,0.0,0.0,0.0,17.90791586385555,29.167409534863626,0.0,0.0,0.0,18.90801031431363,24.974377382775238,24.82528163582157,25.328197212586186,29.703193736737582,17.90791586385555,0.0,14.783797982648164,0.0,44.311724555912534,19.634269217737724,30.089872771846366,0.0,0.0,0.0,0.0,0.0,0.0,79.72924690705946,20.928367958128042,0.0,31.3772144865525,24.395944776997908,0.0,0.0,0.0,131.26999999999998,30.997428675680695,29.703193736737582,0.0,18.628438064208495,25.080327646613057,12.841643245852019,4.899909730850478,23.229487439386773,6.06636706846161,4.9839785209472085,0.0,0.0,0.0,41.31670753956107,27.705595681224736,0.7139746577643407,-3.191257468781817,4.805466504962355,4.6733786685396534,-0.6905322499370112,0.0,0.5555555555555556,27,3,9,1,0,1,0,0,1,1,2,0,6,3,9,1,10,1,0,1,0,0,7.684244575355966,2,0.7506000000000008,95.17140000000006,3,0,0,0,0,1,0,0,3,3,3,0,0,0,0,3,0,0,0,0,0,0,0,0,0,0,0,0,0,0,0,0,0,0,0,0,0,0,0,0,0,0,0,0,0,0,0,0,0,0,0,0,0,0,0,0,0,0,0,0,0,0,0,0,0,0,0,0,0,0,0,0,0,1,0,0,0,0,0,0,0,0,0,0,0,0,0,0,0,0,0,0,0,0,0,0,0,0,0,0,0,0,0,0,0,0,0,0,0,0,0,0,0,0,0,0,0,0,0,0,0,0,0,0,0,0,0,0,0,1,0,0,0,0,0,0,0,0,0,0,0,0,0,0,0,0,0,0,0,0,0,0,0,0,0,0,0,0,0,0,0,0,0,0,0,0,0,0,0,0,0,0,0,0,0,0,0,0,0,0,0,0,0,0,0,0,0,0,0,0,0,1,0,0,0,0,0,0,0,0,0,0,0,0,0,0,0,0,0,1,0,0,0,0,0,1,0,0,0,0,0,0,0,0,0,0,0,0,0,0,0,0,0,1,0,0,0,0,0,0,0,0,0,0,0,0,0,0,0,0,0,0,14.47
10.967827125348874,10.967827125348874,0.029040839361456294,-0.8602943646594448,0.6784608234776442,17.91304347826087,322.365,300.189,322.16410518400005,126,0,0.31721538601541305,-0.4802856790721507,0.4802856790721507,0.31721538601541305,1.0,1.4782608695652173,1.9130434782608696,16.369952624636156,10.225085640542497,2.1471647287646927,-2.2399921883487663,2.0711203729473,-2.3984837443964304,5.689374916255757,-0.1389102161401137,2.44320032601942,2.139241873913726,479.34477744016624,16.656489770562878,12.941469615488778,12.941469615488778,11.024877143252587,7.565379356980743,7.565379356980743,5.579048768646272,5.579048768646272,3.5629961310674756,3.5629961310674756,2.573519596689723,2.573519596689723,-2.03,116296.33551852439,17.325845860070284,8.562798735172816,6.309412858610311,134.2756823193747,15.529843393687743,0.0,0.0,0.0,0.0,11.938610575903699,24.372872350791805,0.0,0.0,0.0,6.06636706846161,12.13273413692322,39.26853843547545,24.477368801522072,19.802129157825057,11.938610575903699,0.0,20.100586586654494,0.0,13.08951281182515,39.26853843547545,29.58695719508175,0.0,0.0,5.316788604006331,0.0,0.0,0.0,76.20400178370872,22.678587179968794,0.0,11.387855989696922,18.19910120538483,0.0,0.0,0.0,106.00000000000001,11.938610575903699,9.589074368143644,0.0,13.08951281182515,39.26853843547545,11.387855989696922,0.0,0.0,27.998920667085784,10.30076712495354,10.213054789681411,0.0,0.0,30.130110610402124,21.23731774989465,1.582589758125473,-1.720588729318889,5.5949799225245656,0.0,3.3422573550387407,0.0,0.5333333333333333,23,3,8,0,1,1,0,0,1,1,0,2,6,3,8,2,4,0,0,0,0,0,6.450336131148217,2,-0.5419999999999967,82.93230000000004,2,0,0,0,0,1,0,0,2,2,2,0,0,0,0,3,1,0,0,0,0,0,0,0,0,0,0,0,0,0,0,0,0,0,0,0,2,0,0,0,0,0,0,0,0,0,0,0,0,0,0,0,0,0,0,0,0,0,0,0,0,0,0,0,0,0,0,0,0,0,0,0,0,1,0,0,0,0,0,0,0,0,0,0,0,0,0,0,0,0,0,0,0,0,0,0,0,0,0,0,0,0,0,0,0,0,0,0,0,0,0,0,0,0,0,0,0,0,0,0,0,0,0,0,0,0,0,0,0,1,0,0,0,0,0,0,0,0,0,0,0,0,0,0,0,0,0,0,0,0,0,0,0,0,0,0,0,0,0,0,0,0,0,0,0,0,0,0,0,0,0,0,0,0,0,0,0,0,0,0,0,0,0,0,0,0,1,0,0,0,0,1,0,0,0,0,0,0,0,0,0,0,0,0,0,1,0,0,0,1,0,0,0,0,0,1,0,0,0,0,0,0,1,0,0,0,0,0,0,0,0,0,0,1,0,0,0,0,0,0,0,0,0,0,0,0,0,0,0,0,1,0,16.6
11.141456424290674,11.141456424290674,0.14427657254361792,-0.9816927204255845,0.3509558026049832,20.785714285714285,404.4640000000002,372.20800000000014,404.22709936399997,162,0,0.31720436546192304,-0.48028580497402645,0.48028580497402645,0.31720436546192304,0.6428571428571429,0.8928571428571429,1.1071428571428572,16.373401728797848,10.265318408612696,2.199264473979805,-2.3299280108814697,2.018690216100008,-2.487902818042441,5.694532785515861,-0.1403185854756454,2.5511232416549157,2.886728136070099,448.26677866967066,21.104083527755577,16.365085278819453,16.365085278819453,13.150774800938818,9.382383642328257,9.382383642328257,7.159288785576028,7.159288785576028,4.528846456725963,4.528846456725963,3.1830305025964125,3.1830305025964125,-1.79,676639.5196306166,24.24815337657383,12.62572355896969,11.143944024565505,164.2733296943749,20.426109579362823,0.0,0.0,0.0,0.0,17.90791586385555,33.983250475617375,0.0,0.0,0.0,0.0,6.923737199690624,58.902807653213166,25.73823560548603,34.809721131578286,17.90791586385555,0.0,19.599638923401912,0.0,13.027703587438927,78.5370768709509,0.0,0.0,0.0,0.0,0.0,0.0,0.0,142.57470762531952,14.383611552215466,0.0,6.923737199690624,0.0,0.0,0.0,0.0,145.08999999999997,24.01188225160385,19.49013894705617,0.0,19.634269217737724,58.902807653213166,0.0,0.0,21.623466392242058,4.899909730850478,0.0,15.319582184522117,0.0,0.0,40.594508002737555,37.08386011400858,0.0,-2.8861587908043536,0.0,-0.5557301190805881,5.096854126472148,0.0,0.8235294117647058,28,4,11,0,1,1,0,0,0,0,1,0,8,4,11,1,8,0,1,1,0,1,10.93394576243281,1,-2.157399999999992,100.34820000000006,3,1,1,0,0,0,0,0,3,3,3,0,0,1,0,4,0,0,0,0,0,0,0,0,0,0,0,0,0,0,0,0,0,0,0,0,0,0,0,0,0,0,0,0,0,0,0,0,0,0,0,0,0,0,0,0,0,0,0,0,0,0,0,0,0,0,0,0,0,0,0,0,0,0,0,0,0,0,0,0,0,0,0,0,0,0,0,0,0,0,0,0,0,0,0,0,0,0,0,0,0,0,0,0,0,0,0,0,0,0,0,0,0,0,0,0,0,0,0,0,0,0,0,0,0,0,0,0,0,1,0,0,0,0,0,0,0,0,0,0,0,0,0,0,0,0,0,0,0,0,0,0,0,0,0,0,0,0,0,0,0,0,0,0,0,0,0,0,0,0,0,0,0,0,0,0,0,0,0,0,0,0,0,0,0,0,1,0,0,0,0,1,0,0,0,0,0,0,0,0,0,0,0,0,0,1,0,0,0,1,0,0,0,0,0,1,0,0,0,0,0,0,1,0,0,0,0,0,0,0,0,0,0,1,0,0,0,0,0,0,0,0,0,0,0,0,0,0,0,0,1,0,22.5
11.625670611568186,11.625670611568186,0.04545774695985605,-4.255865655903385,0.3792280739425356,17.0,493.4570000000002,465.2330000000002,493.1726348659999,184,0,0.3539893362336732,-0.4765093145705069,0.4765093145705069,0.3539893362336732,0.7352941176470589,1.1176470588235294,1.4705882352941178,31.190909144315942,10.236706646166922,2.2298439074147955,-2.2529729764708675,2.345551050476347,-2.3612910623029757,7.511747511607679,0.06788284741800979,2.851561109129493,1.7578627835554672,942.3387605423251,24.716967702877938,18.524943472207852,19.419370663207765,16.08633865283184,10.689881575866298,12.487485479570086,8.115069822150742,9.727280919892833,5.404567210140385,6.17301947679178,3.733827904244331,4.537740809304461,-2.7300000000000004,23634645.26889794,25.884937542737877,11.606109434215417,8.243448818228359,196.17874602811702,19.999877995186363,17.67370080015141,0.0,0.0,0.0,19.534372902691583,19.264777477482763,19.55703141003806,0.0,0.0,12.13273413692322,24.26546827384644,52.358051247300594,11.387855989696922,34.15400064826134,19.534372902691583,0.0,24.66768623444585,0.0,13.08951281182515,45.554383245929934,59.173914390163496,0.0,0.0,0.0,0.0,0.0,7.595762326787885,102.16055805146586,17.65456109675648,0.0,32.36478634753749,36.39820241076966,0.0,0.0,0.0,167.63,19.534372902691583,34.15400064826134,0.0,17.67370080015141,63.74590723699751,0.0,12.13273413692322,29.16537800469692,0.0,19.76777650359537,0.0,11.625670611568186,0.0,55.61620951549039,18.400186237550855,1.0814197506183647,-2.2196257627941223,9.597661152484154,-0.3668862159699102,3.8267859225110303,-4.255865655903385,0.42857142857142855,34,4,12,0,1,1,0,0,2,2,1,0,8,4,13,3,8,0,1,1,0,1,8.83598287702491,3,0.6280000000000002,121.43070000000006,0,0,0,0,2,2,0,0,2,2,2,0,0,0,0,5,0,0,0,0,0,0,0,0,0,0,0,0,0,0,0,0,0,0,0,0,0,0,0,0,0,0,0,0,0,0,0,0,0,0,0,0,0,0,0,0,0,0,0,0,0,0,0,0,0,0,0,0,0,0,0,0,0,2,0,0,0,0,0,0,0,0,0,0,0,0,0,0,0,0,0,0,0,0,0,0,0,0,0,0,0,0,0,0,0,0,0,0,0,0,0,0,0,0,0,0,0,0,0,0,0,0,0,0,0,0,0,0,0,1,0,0,0,0,0,0,0,0,0,0,0,0,0,0,0,0,0,0,0,0,0,0,0,0,0,0,0,0,0,0,0,0,0,0,0,0,0,0,0,0,0,0,0,0,0,0,0,0,0,0,0,0,0,0,0,0,1,0,0,0,0,1,0,0,0,0,0,0,0,0,0,0,0,0,0,1,0,0,0,1,0,0,0,0,0,1,0,0,0,0,0,0,1,0,0,0,0,0,0,0,0,0,0,1,0,0,0,0,0,0,0,0,0,0,0,0,0,0,0,0,1,0,19.5
12.180937821787943,12.180937821787943,0.10270031926146617,-1.0950385802469131,0.26619012441770185,18.37837837837838,524.5710000000004,488.2830000000004,524.2482287319999,206,0,0.3228347554260021,-0.48028580497401857,0.48028580497401857,0.3228347554260021,0.6756756756756757,1.0810810810810811,1.4594594594594594,16.47829310969331,10.192608997921381,2.2796248032667332,-2.348014918462418,2.0816277088749455,-2.525286464832789,5.733747612863944,-0.1469759493925939,2.816916798685632,2.1792764799532,808.0491033297038,27.208531534440652,20.775439986881857,20.775439986881857,17.63393804853321,12.046798947004378,12.046798947004378,8.900390392643978,8.900390392643978,6.061501467344018,6.061501467344018,4.10803520876984,4.10803520876984,-3.0999999999999996,76772115.21937187,30.125942315744528,15.891024344862611,12.124875618049952,214.97043334438615,25.162972533162872,6.041840829147961,0.0,0.0,0.0,23.877221151807397,38.777787659689196,0.0,0.0,0.0,30.33183534230805,5.563451491696996,52.358051247300594,32.84803314676356,44.341121269450156,23.877221151807397,0.0,19.599638923401912,0.0,12.648722793660879,78.59920242955124,35.89528683400505,0.0,0.0,0.0,0.0,0.0,0.0,148.54401291327136,30.521893654600255,0.0,5.563451491696996,30.33183534230805,0.0,0.0,0.0,171.39,29.919061980955362,39.60425831565011,0.0,85.20608439406416,0.0,5.563451491696996,0.0,19.599638923401912,30.33183534230805,0.0,4.736862953800049,5.702687699634225,0.0,52.887725892194744,37.855473136050364,0.8949186303386966,-4.218442882331371,8.297536603855379,0.0,1.246767586924624,0.0,0.5833333333333334,37,4,13,0,1,1,0,1,0,1,1,0,9,4,13,1,12,0,1,1,0,1,12.938704939227648,2,-0.8681999999999908,131.32220000000007,4,0,0,0,0,0,0,0,4,4,4,0,0,0,0,4,0,0,0,0,0,0,0,0,0,0,0,0,0,0,0,0,0,0,1,0,0,0,0,0,0,1,0,0,0,0,0,0,0,0,0,0,0,0,0,0,0,0,0,0,0,0,0,0,0,0,0,0,0,0,0,0,0,0,0,0,0,0,0,0,0,0,0,0,0,0,0,0,0,0,0,0,0,0,0,0,0,0,0,0,0,0,0,0,0,0,0,0,0,0,0,0,0,0,0,0,0,0,0,0,0,0,0,0,0,0,0,0,0,1,0,0,0,0,0,0,0,0,0,0,0,0,0,0,0,0,0,0,0,0,0,0,0,0,0,0,0,0,0,0,0,0,0,0,0,0,0,0,0,0,0,0,0,0,0,0,0,0,0,0,0,0,0,0,0,0,1,0,0,0,0,1,0,0,0,0,0,0,0,0,0,0,0,0,0,1,0,0,0,1,0,0,0,0,0,1,0,0,0,0,0,0,1,0,0,0,0,0,0,0,0,0,0,1,0,0,0,0,0,0,0,0,0,0,0,0,0,0,0,0,1,0,25.93
11.028971246583428,11.028971246583428,0.1385542929292931,-0.9468442069461196,0.4323330695344025,20.8,435.47400000000033,402.21000000000015,435.2216796359999,174,0,0.31720561443246625,-0.4802857980438629,0.4802857980438629,0.31720561443246625,0.5,0.7,0.8666666666666667,16.483791929019752,10.400278540249156,2.1348726373345484,-2.238519665627121,1.9589385194935478,-2.3892740418814493,5.692169739276598,-0.138953441539292,2.6388683686852006,2.622018320191235,392.9434661372187,22.19202367649561,17.239373033581142,17.239373033581142,14.363081100704113,9.921953702445972,9.921953702445972,6.846776552032384,6.846776552032384,4.387716152306905,4.387716152306905,2.85169434611293,2.85169434611293,-1.8299999999999998,2322879.71474536,26.205498757543484,15.937020309973828,14.199733581742686,175.42484007489276,29.530171045922266,0.0,0.0,0.0,0.0,17.90791586385555,29.083340744766897,0.0,0.0,0.0,0.0,0.0,39.26853843547545,59.27556100481522,43.91378259813772,17.90791586385555,0.0,14.699729192551434,0.0,0.0,98.5440994402907,0.0,0.0,0.0,0.0,0.0,0.0,0.0,146.4713266812198,28.59420041361561,0.0,0.0,0.0,0.0,0.0,0.0,149.31,17.90791586385555,14.383611552215466,0.0,19.634269217737724,78.90983022255296,0.0,0.0,14.699729192551434,0.0,0.0,29.530171045922266,16.621948838383652,0.0,38.18016991258979,27.121209735915656,0.0,-2.8405326208383563,0.0,0.0,3.917204133949263,0.0,0.8333333333333334,30,3,12,0,1,1,0,0,0,0,0,0,9,3,12,1,6,0,1,1,0,0,13.921252197732148,1,-1.790399999999992,104.6844000000001,3,0,0,0,0,0,0,0,3,3,3,0,0,0,0,3,0,0,0,0,0,0,0,0,0,0,0,0,0,0,0,0,0,0,0,0,0,0,0,0,0,3,0,0,0,0,0,0,0,0,0,0,0,0,0,0,0,0,0,0,0,0,0,0,0,0,0,0,0,0,0,0,0,0,0,0,0,0,0,0,0,0,0,0,0,0,0,0,0,0,0,0,0,0,0,0,0,0,0,0,0,0,0,0,0,0,0,0,0,0,0,0,0,0,0,0,0,0,0,0,0,0,0,0,0,0,0,0,0,1,0,0,0,0,0,0,0,0,0,0,0,0,0,0,0,0,0,0,0,0,0,0,0,0,0,0,0,0,0,0,0,0,0,0,0,0,0,0,0,0,0,0,0,0,0,0,0,0,0,0,0,0,0,0,0,0,0,0,0,0,0,1,0,0,0,0,0,0,0,0,0,0,0,0,0,1,0,0,0,1,0,0,0,0,0,1,0,0,0,0,0,0,1,0,0,0,0,0,0,0,0,0,0,1,0,0,0,0,0,0,0,0,0,0,0,0,0,0,0,0,1,0,18.02
12.06860794255277,12.06860794255277,0.0931444700064239,-1.3628209765466612,0.10632479562839162,12.688888888888888,633.6510000000004,594.3390000000003,633.2533736879999,246,0,0.32284871995784054,-0.4802858049739895,0.4802858049739895,0.32284871995784054,0.5333333333333333,0.8888888888888888,1.2,16.482483879604036,10.192854762304648,2.3024555543269405,-2.319456772067425,2.088960044738749,-2.5189324649318197,5.761180039777047,-0.15010585337570423,2.9752352900050343,2.0980024834810216,1091.5588248583135,33.191659197566096,24.641824620574237,24.641824620574237,21.45530525357913,14.00632840303063,14.00632840303063,10.107839967343203,10.107839967343203,6.6686644119244605,6.6686644119244605,4.429635913687876,4.429635913687876,-4.41,3410735855.4190497,36.78004142905466,19.783761612360472,14.747205937445804,259.34282611552266,35.006362881803625,12.083681658295921,0.0,0.0,0.0,29.846526439759245,38.67241511291054,0.0,0.0,0.0,60.6636706846161,11.126902983393991,26.1790256236503,46.06179707578939,58.97904880216273,29.846526439759245,0.0,14.699729192551434,0.0,25.297445587321757,59.02705877041385,71.7905736680101,0.0,0.0,0.0,0.0,0.0,0.0,141.189633035224,46.66017575698504,0.0,11.126902983393991,60.6636706846161,0.0,0.0,0.0,214.67999999999998,61.564477315792885,49.50532289456263,0.0,52.606553481701965,0.0,20.926722445094946,4.899909730850478,48.53093654769288,12.13273413692322,0.0,9.473725907600098,11.098553445521171,0.0,62.51148412208152,47.98676831812251,1.5742640015208837,-6.516063159927482,15.177087288029558,0.0,-2.9987606820148263,0.0,0.43333333333333335,45,5,15,0,0,0,0,2,0,2,2,0,10,5,15,0,24,0,0,0,0,2,16.169946038336874,2,0.4862000000000081,157.53699999999978,5,0,0,0,0,0,0,0,5,5,5,0,0,0,0,3,0,0,0,0,0,0,0,0,0,0,0,0,0,0,0,0,0,0,2,0,0,0,0,0,0,2,0,0,0,0,0,0,0,0,0,0,0,0,0,0,0,0,0,0,0,0,0,0,0,0,0,0,0,0,0,0,0,0,0,0,0,0,0,0,0,0,0,0,0,0,0,0,0,0,0,0,0,0,0,0,0,0,0,0,0,0,0,0,0,0,0,0,0,0,0,0,0,0,0,0,0,0,0,0,0,0,0,0,0,0,0,0,0,1,0,0,0,0,0,0,0,0,0,0,0,0,0,0,0,0,0,0,0,0,0,0,0,0,0,0,0,0,0,0,0,0,0,0,0,0,0,0,0,0,0,0,0,0,0,0,0,0,0,0,0,0,0,0,0,0,0,0,0,0,0,1,0,0,0,0,0,0,0,0,0,0,0,0,0,0,0,0,0,1,0,0,0,0,0,1,0,0,0,0,0,0,0,0,0,0,0,0,0,0,0,0,0,1,0,0,0,0,0,0,0,0,0,0,0,0,0,0,0,0,0,0,21.72
10.847197198757652,10.847197198757652,0.1520695809187873,-1.151565417102692,0.17924656661205748,12.464285714285714,407.42000000000024,378.18800000000016,407.1903795079999,162,0,0.3172181189628397,-0.4802856684573587,0.4802856684573587,0.3172181189628397,0.6428571428571429,0.9642857142857143,1.3214285714285714,16.37888479438002,10.253305228101778,2.1724981351959713,-2.2759440996360456,2.0010460804126255,-2.4288132362662456,5.726681286380084,-0.14352419397620672,2.4870316360668068,4.693557603757393,458.1676999572452,21.689869965382485,15.85912000691022,15.85912000691022,12.988978758390344,8.714984677852929,8.714984677852929,6.499447018151219,6.499447018151219,3.6390303569808746,3.6390303569808746,2.6619930509502985,2.6619930509502985,-2.2800000000000002,430395.7468111773,25.719999999999995,13.823291887241611,14.844393820656261,162.11014091554392,25.532636974203527,0.0,0.0,0.0,0.0,23.877221151807397,33.87787792883872,0.0,0.0,0.0,0.0,19.88931522852921,26.1790256236503,32.282992011398605,44.71078571049081,23.877221151807397,0.0,14.699729192551434,0.0,19.448525210364934,58.902807653213166,0.0,0.0,0.0,0.0,0.0,0.0,0.0,129.11636135952386,19.178148736287287,0.0,13.344558822616634,0.0,0.0,0.0,0.0,179.14999999999998,56.160213163205995,24.28467613112799,0.0,19.634269217737724,19.51033443475116,0.0,9.799819461700956,11.823646930541102,0.0,0.0,20.426109579362823,0.0,0.0,47.62390803092005,45.012428718768,0.0,-4.580779651529942,0.0,-0.25736289577559424,1.201805797617487,0.0,0.75,28,5,12,0,0,0,0,0,0,0,1,0,8,5,12,0,17,0,0,0,0,1,12.697680976423362,0,-1.9982999999999924,96.16100000000006,4,1,1,0,0,0,0,0,4,4,4,0,0,0,0,3,0,0,0,0,0,0,0,0,0,0,0,0,0,0,0,0,0,0,0,0,0,0,0,0,0,0,0,0,0,0,0,0,0,0,0,0,0,0,0,0,0,0,0,0,0,0,0,0,0,0,0,0,0,0,0,0,0,0,0,0,0,0,0,0,0,0,0,0,0,0,0,0,0,0,0,0,0,0,0,0,0,0,0,0,0,0,0,0,0,0,0,0,0,0,0,0,0,0,0,0,0,0,0,0,0,0,0,0,0,0,0,0,0,1,0,0,0,0,0,0,0,0,0,0,0,0,0,0,0,0,0,0,0,0,0,0,0,0,0,0,0,0,0,0,0,0,0,0,0,0,0,0,0,0,0,0,0,0,0,0,0,0,0,0,0,0,0,0,0,0,0,0,0,0,0,1,0,0,0,0,0,0,0,0,0,0,0,0,0,0,0,0,0,1,0,0,0,0,0,1,0,0,0,0,0,0,0,0,0,0,0,0,0,0,0,0,0,1,0,0,0,0,0,0,0,0,0,0,0,0,0,0,0,0,0,0,17.33
11.283330637806301,11.283330637806301,0.004631799510948165,-1.075163569207789,0.49911993285354933,18.741935483870968,437.49700000000024,406.2490000000002,437.227433712,172,0,0.3539893362336732,-0.4802858049740344,0.4802858049740344,0.3539893362336732,0.8064516129032258,1.2903225806451613,1.8064516129032258,16.373011434810582,10.2385555301856,2.1835813822372057,-2.318607849734501,2.0626590581918802,-2.465643126061452,5.847145849310768,-0.1398632888040934,2.696236206884893,2.100502887516541,721.308787870401,22.80275414050484,17.812679036012156,17.812679036012156,14.723254446010252,10.210802553766976,10.210802553766976,7.738513897511846,7.738513897511846,5.190029594585502,5.190029594585502,3.409931599845737,3.409931599845737,-2.6,4555420.490869957,24.667481142116713,12.301723826947358,9.385092059716706,181.0259539003962,20.219491915372593,5.693927994848461,0.0,0.0,0.0,17.90791586385555,24.288803560695076,9.77851570501903,0.0,0.0,6.06636706846161,19.18040611960041,58.902807653213166,18.78344080667361,29.703193736737582,17.90791586385555,0.0,24.58361744434912,0.0,6.544756405912575,72.49523604180294,29.58695719508175,0.0,0.0,0.0,0.0,0.0,0.0,130.30635153452977,16.133830774056218,0.0,16.182393173768745,18.19910120538483,0.0,0.0,0.0,137.75,17.90791586385555,19.49013894705617,0.0,18.78344080667361,58.05197924214905,6.544756405912575,6.06636706846161,17.032643867773697,11.947581713527669,14.783797982648164,10.213054789681411,0.0,0.0,45.71784887110644,27.563912055064232,0.640798882020924,-2.9077688106618194,4.90345881215633,0.0,4.939958849606597,1.9751246740406192,0.6,31,3,11,0,1,1,0,0,1,1,0,0,8,3,11,2,7,0,1,1,0,0,9.78879162957264,2,-0.6995999999999942,112.1219000000001,2,0,0,0,1,1,0,0,3,3,3,0,0,0,0,5,0,0,0,1,0,0,0,0,0,0,0,0,0,0,0,0,0,0,0,0,0,0,0,0,0,0,0,0,0,0,0,0,0,0,0,0,0,0,0,0,0,0,0,0,0,0,0,0,0,0,0,0,0,0,0,0,0,1,0,0,0,0,0,0,0,0,0,0,0,0,0,0,0,0,0,0,0,0,0,0,0,0,0,0,0,0,0,0,0,0,0,0,0,0,0,0,0,0,0,0,0,0,0,0,0,0,0,0,0,0,0,0,0,1,0,0,0,0,0,0,0,0,0,0,0,0,0,0,0,0,0,0,0,0,0,0,0,0,0,0,0,0,0,0,0,0,0,0,0,0,0,0,0,0,0,0,0,0,0,0,0,0,0,0,0,0,0,0,0,0,1,0,0,0,0,1,0,0,0,0,0,0,0,0,0,0,0,0,0,1,0,0,0,1,0,0,0,0,0,1,0,0,0,0,0,0,1,0,0,0,0,0,0,0,0,0,0,1,0,0,0,0,0,0,0,0,0,0,0,0,0,0,0,0,1,0,17.12
11.453616097673637,11.453616097673637,0.38926492819349967,-0.9588639560762584,0.4448325533607529,22.77777777777778,388.46500000000015,356.2090000000001,388.2321847439999,156,0,0.32012717541127406,-0.48008286214538803,0.48008286214538803,0.32012717541127406,0.6296296296296297,0.8888888888888888,1.1481481481481481,16.37488260383471,10.186588375064613,2.2693368143710617,-2.3484083496663,2.0693650978383626,-2.526558325575662,5.733823439310048,-0.14525767288420083,2.5988338609662436,2.925089408651808,448.26677866967066,20.560113453385565,16.296931501452598,16.296931501452598,12.645642165489813,9.260339086828107,9.260339086828107,6.900539706373406,6.900539706373406,5.215778517130071,5.215778517130071,3.0499710035563794,3.0499710035563794,-1.75,485275.0491905047,23.28960396039604,11.174716287495338,7.410371899232283,159.26912445558352,20.63637078852845,18.12552248744388,0.0,0.0,0.0,17.90791586385555,29.083340744766897,0.0,0.0,0.0,0.0,20.771211599071872,52.358051247300594,0.0,29.703193736737582,17.90791586385555,0.0,20.016517796557764,0.0,38.89673408651576,52.358051247300594,0.0,0.0,0.0,5.316788604006331,0.0,0.0,0.0,118.41080097567362,14.383611552215466,0.0,20.771211599071872,0.0,0.0,0.0,0.0,133.65,36.03343835129943,29.703193736737582,0.0,0.0,52.358051247300594,0.0,0.0,25.67112132992235,9.799819461700956,5.316788604006331,0.0,0.0,0.0,39.54287682169738,31.212097745098532,0.0,-2.7896318493982637,-2.073568881064824,0.0,8.608226163667181,0.0,0.8235294117647058,27,4,10,0,1,1,0,0,0,0,3,0,7,4,10,1,6,0,1,1,0,0,9.63906358168717,1,-1.0850999999999924,98.88210000000007,3,0,0,0,0,0,0,0,3,3,3,0,0,0,0,3,1,0,0,0,0,0,0,0,0,0,0,0,0,0,0,0,0,0,0,0,0,0,0,0,0,0,0,0,0,0,0,0,0,0,0,0,0,0,0,0,0,0,0,0,0,0,0,0,0,0,0,0,0,0,0,0,0,0,0,0,0,0,0,0,0,0,0,0,0,0,0,0,0,0,0,0,0,0,0,0,0,0,0,0,0,0,0,0,0,0,0,0,0,0,0,0,0,0,0,0,0,0,0,0,0,0,0,0,0,0,0,0,0,1,0,0,0,0,0,0,0,0,0,0,0,0,0,0,0,0,0,0,0,0,0,0,0,0,0,0,0,0,0,0,0,0,0,0,0,0,0,0,0,0,0,0,0,0,0,0,0,0,0,0,0,0,0,0,0,0,1,0,0,0,0,1,0,0,0,0,0,0,0,0,0,0,0,0,0,1,0,0,0,1,0,0,0,0,0,1,0,0,0,0,0,0,1,0,0,0,0,0,0,0,0,0,0,1,0,0,0,0,0,0,0,0,0,0,0,0,0,0,0,0,1,0,25.3
12.934964126138441,12.934964126138441,0.04899796369347631,-1.1568855856134557,0.08182527331654864,11.325581395348838,623.7010000000005,574.3090000000004,623.3377720079999,250,0,0.31721724933811,-0.48028580497400253,0.48028580497400253,0.31721724933811,0.4186046511627907,0.6744186046511628,0.9302325581395349,16.471912065137413,10.299834886606078,2.228104337032522,-2.300268861287681,2.013585398690246,-2.486128385450971,5.795482978019331,-0.14147648594970597,2.928611788797504,5.496531228299568,703.8600237553159,32.62274509681375,25.772758658345733,25.772758658345733,20.4623651732794,13.805076326329512,13.805076326329512,9.611443939749108,9.611443939749108,6.225973620973055,6.225973620973055,3.9483995331663078,3.9483995331663078,-2.9300000000000006,692411685.2253938,40.07000000000001,24.505350612268902,20.58528421599582,252.30646491359607,44.066853461423264,0.0,0.0,11.814359458703011,0.0,17.90791586385555,38.67241511291054,0.0,0.0,0.0,0.0,0.0,80.79724141241073,59.15130988761454,58.23971992008141,29.72227532255856,0.0,24.49954865425239,0.0,0.0,139.9485513000253,0.0,0.0,0.0,0.0,0.0,0.0,0.0,209.48995746135842,42.9201377355593,0.0,0.0,0.0,0.0,0.0,0.0,199.16,37.542185081593274,39.292268104881224,0.0,103.68945137588045,0.0,0.0,52.93873881936251,0.0,0.0,0.0,18.947451815200196,20.197045055687862,0.0,67.7436856899605,28.240315869625334,0.0,-4.125904757219692,0.0,0.0,0.7817848806467942,5.996406594632528,0.8076923076923077,43,3,17,0,0,0,2,0,0,0,0,0,12,3,17,0,28,0,0,0,0,0,22.835567419386397,0,-2.6109999999999944,152.89139999999983,3,0,0,0,0,0,0,0,3,3,5,2,0,0,0,5,0,0,0,0,0,0,0,0,0,0,0,2,0,0,0,0,0,0,0,0,0,0,0,0,0,4,0,0,0,0,0,0,0,0,0,0,0,0,0,4,0,0,0,0,0,0,0,0,0,0,0,0,0,0,0,0,0,0,0,0,0,0,0,0,0,0,0,0,0,0,0,0,0,0,0,0,0,0,0,0,0,0,0,0,0,0,0,0,0,0,0,0,0,0,0,0,0,0,0,0,0,0,0,0,0,0,0,0,0,0,0,0,0,1,0,0,0,0,0,0,0,0,0,0,0,0,0,0,0,0,0,0,0,0,0,0,0,0,0,0,0,0,0,0,0,0,0,0,0,0,0,0,0,0,0,0,0,0,0,0,0,0,0,0,0,0,0,0,0,0,0,0,0,0,0,1,0,0,0,0,0,0,0,0,0,0,0,0,0,0,0,0,0,1,0,0,0,0,0,1,0,0,0,0,0,0,0,0,0,0,0,0,0,0,0,0,0,1,0,0,0,0,0,0,0,0,0,0,0,0,0,0,0,0,0,0,19.2
9.243055555555555,9.243055555555555,0.2777777777777779,-0.9675925925925923,0.42117088793654706,7.4,75.067,70.027,75.0320284,30,0,0.31675597840558584,-0.4802971300243957,0.4802971300243957,0.31675597840558584,2.0,2.2,2.2,16.36605925452703,10.717499991234302,1.805032142420419,-1.7261145401494364,1.43390247565876,-2.1042293463557664,5.680936538605488,-0.13483919797703509,1.3787834934861756,2.847378923087672,35.302968908806456,4.284457050376173,2.639918936339994,2.639918936339994,2.270055610029662,1.1895326240390471,1.1895326240390471,0.5978626884552846,0.5978626884552846,0.17462042625086102,0.17462042625086102,0.0,0.0,-0.5700000000000001,9.65148445440323,4.43,1.7215451895043727,3.429999999999999,29.39983969147865,10.84019487200289,0.0,0.0,0.0,0.0,5.969305287951849,4.794537184071822,0.0,0.0,0.0,0.0,0.0,0.0,6.544756405912575,9.901064578912528,5.969305287951849,0.0,0.0,5.733667477162185,0.0,6.544756405912575,0.0,0.0,0.0,5.733667477162185,0.0,0.0,0.0,17.62058908870513,4.794537184071822,0.0,0.0,0.0,0.0,0.0,0.0,63.32,5.969305287951849,4.794537184071822,0.0,6.544756405912575,0.0,0.0,0.0,0.0,0.0,5.733667477162185,5.106527394840706,0.0,0.0,9.243055555555555,7.597222222222222,4.5717592592592595,-0.9675925925925923,0.0,0.0,-0.2777777777777779,0.0,0.5,5,3,3,0,0,0,0,0,0,0,0,0,2,2,3,0,1,0,0,0,0,0,1.5252890379008741,0,-0.9702999999999999,16.6902,1,0,0,0,0,0,0,0,1,1,1,0,0,0,0,0,0,1,0,0,0,0,0,0,0,0,0,0,0,0,0,0,0,0,0,0,0,0,0,0,0,0,0,0,0,0,0,0,0,0,0,0,0,0,0,0,0,0,0,0,0,0,0,0,0,0,0,0,0,0,0,0,0,0,0,0,0,0,0,0,0,0,0,0,0,0,0,0,0,0,0,0,0,0,0,0,0,0,0,0,0,0,0,0,0,0,0,0,0,0,0,0,0,0,0,0,0,0,0,0,0,0,0,0,0,0,0,0,0,1,0,0,0,0,0,0,0,0,0,0,0,0,0,0,0,0,0,0,0,0,0,0,0,0,0,0,0,0,0,0,0,0,0,0,0,0,0,0,0,0,0,0,0,0,0,0,0,0,0,0,0,0,0,0,0,0,0,0,0,0,0,0,0,0,0,0,0,0,0,0,0,0,0,0,0,0,0,0,0,1,0,0,0,0,0,1,0,0,0,0,0,0,0,0,0,0,0,0,0,0,0,0,0,0,0,0,0,0,0,0,0,0,0,0,0,0,0,0,0,0,0,0,3.72
11.913819969345763,11.913819969345763,0.3985128495842778,-1.189821769757286,0.21234878000746826,25.0,501.53300000000036,466.2530000000003,501.23224431999995,198,0,0.3172281123869728,-0.48028557032917085,0.48028557032917085,0.3172281123869728,0.45714285714285713,0.7142857142857143,0.9714285714285714,16.381735676515703,9.821301216090724,2.432071906028649,-2.5059125451680706,2.3416236179036103,-2.63371616017138,5.732121582706501,-0.148653456510369,2.7507371372253875,2.4506069705212656,660.0,26.120591385700624,19.6207394485026,19.6207394485026,16.488978758390342,11.820015885470871,11.820015885470871,9.289296719843708,9.289296719843708,6.84910617601134,6.84910617601134,5.721397883219434,5.721397883219434,-2.7700000000000005,24750824.67819467,28.467123889353413,13.353665452328121,8.747410919897169,202.44965339490886,25.532636974203527,0.0,0.0,0.0,0.0,29.846526439759245,38.67241511291054,0.0,0.0,0.0,25.683286491704038,25.683286491704038,24.167363316591842,32.72378202956288,49.50532289456263,29.846526439759245,0.0,14.699729192551434,0.0,75.53393629999992,32.72378202956288,0.0,0.0,0.0,0.0,0.0,0.0,0.0,126.97003795266895,23.97268592035911,0.0,51.36657298340809,0.0,0.0,0.0,0.0,196.21999999999997,86.73767178591397,49.50532289456263,0.0,0.0,25.683286491704038,25.683286491704038,9.799819461700956,4.899909730850478,0.0,0.0,0.0,0.0,0.0,62.26805238457558,47.20695900925345,0.0,-5.8799488746115705,-1.9890182245737817,4.988394098252503,-2.427771726229518,0.0,0.7727272727272727,35,5,13,2,0,2,0,0,0,0,4,0,8,5,13,0,14,2,0,2,0,4,10.861155680240092,2,-0.062199999999995204,120.11900000000013,5,0,0,0,0,0,0,0,5,5,5,0,0,0,0,3,0,0,0,0,0,0,0,0,0,0,0,0,0,0,0,0,0,0,0,0,0,0,0,0,0,0,0,0,0,0,0,0,0,0,0,0,0,0,0,0,0,0,0,0,0,0,0,0,0,0,0,0,0,0,0,0,0,0,0,0,0,0,0,0,0,0,0,0,0,0,0,0,0,0,0,0,0,0,0,0,0,0,0,0,0,0,0,0,0,0,0,0,0,0,0,0,0,0,0,0,0,0,0,0,0,0,0,0,0,0,0,0,0,1,0,0,0,0,0,0,0,0,0,0,0,0,0,0,0,0,0,0,0,0,0,0,0,0,0,0,0,0,0,0,0,0,0,0,0,0,0,0,0,0,0,0,0,0,0,0,0,0,0,0,0,0,0,0,0,0,0,0,0,0,0,1,0,0,0,0,0,0,0,0,0,0,0,0,0,0,0,0,0,1,0,0,0,0,0,1,0,0,0,0,0,0,0,0,0,0,0,0,0,0,0,0,0,1,0,0,0,0,0,0,0,0,0,0,0,0,0,0,0,0,0,0,20.42
11.316659031117213,11.316659031117213,0.21285833234426277,-1.085414619551525,0.19988332968997724,19.428571428571427,505.52500000000043,470.24500000000035,505.23839231999995,200,0,0.31720436546192304,-0.48028580497401857,0.48028580497401857,0.31720436546192304,0.34285714285714286,0.45714285714285713,0.5428571428571428,16.37958027392557,10.319156765505301,2.2081490692398593,-2.2861598478851035,2.01546091007211,-2.453530432176211,5.702110735574072,-0.1404054493145345,2.7193326958271835,3.140409504472632,529.5111857797806,26.380104409694468,19.619979125117105,19.619979125117105,16.43846850117352,11.149838158128487,11.149838158128487,8.349432074908332,8.349432074908332,5.456613651695496,5.456613651695496,3.720235436377771,3.720235436377771,-2.8500000000000005,16413021.965550214,30.18110419906687,15.938135915198641,14.898413070306155,202.2452676600516,25.532636974203527,0.0,0.0,0.0,0.0,29.846526439759245,48.4722345746115,0.0,0.0,0.0,0.0,0.0,65.44756405912574,32.72378202956288,49.50532289456263,29.846526439759245,0.0,24.49954865425239,0.0,0.0,98.17134608868864,0.0,0.0,0.0,0.0,0.0,0.0,0.0,178.05005815690384,23.97268592035911,0.0,0.0,0.0,0.0,0.0,0.0,202.7,29.846526439759245,49.50532289456263,0.0,98.17134608868864,0.0,0.0,0.0,24.49954865425239,0.0,0.0,0.0,0.0,0.0,64.47868494730521,46.259778602332574,0.0,-5.4270730977576225,0.0,0.0,0.5219428814531628,0.0,0.75,35,5,15,0,1,1,0,0,0,0,0,0,10,5,15,1,10,0,1,1,0,0,13.743729737014291,1,-3.0669999999999895,120.3790000000001,5,0,0,0,0,0,0,0,5,5,5,0,0,0,0,5,0,0,0,0,0,0,0,0,0,0,0,0,0,0,0,0,0,0,0,0,0,0,0,0,0,0,0,0,0,0,0,0,0,0,0,0,0,0,0,0,0,0,0,0,0,0,0,0,0,0,0,0,0,0,0,0,0,0,0,0,0,0,0,0,0,0,0,0,0,0,0,0,0,0,0,0,0,0,0,0,0,0,0,0,0,0,0,0,0,0,0,0,0,0,0,0,0,0,0,0,0,0,0,0,0,0,0,0,0,0,0,0,0,1,0,0,0,0,0,0,0,0,0,0,0,0,0,0,0,0,0,0,0,0,0,0,0,0,0,0,0,0,0,0,0,0,0,0,0,0,0,0,0,0,0,0,0,0,0,0,0,0,0,0,0,0,0,0,0,0,0,0,0,0,0,1,0,0,0,0,0,0,0,0,0,0,0,0,0,1,0,0,0,1,0,0,0,0,0,1,0,0,0,0,0,0,1,0,0,0,0,0,0,0,0,0,0,1,0,0,0,0,0,0,0,0,0,0,0,0,0,0,0,0,1,0,15.88
10.930919664877894,10.930919664877894,0.028971406482090067,-0.8638744660322033,0.42769623097626897,19.6,433.5020000000004,398.2220000000002,433.24241507999994,174,0,0.30414323665734405,-0.48119504728991513,0.48119504728991513,0.30414323665734405,0.5333333333333333,0.8,1.0666666666666667,16.479187435907523,10.298264751635825,2.137539844179992,-2.2668977682360323,2.000410888443287,-2.3957751988698197,5.670030960415956,-0.13819343288877145,2.6862796523486896,2.651285102005483,446.26677866967066,22.19202367649561,17.538231524303825,17.538231524303825,14.363081100704113,10.344603433256346,10.344603433256346,7.180882860561268,7.180882860561268,4.865555146109111,4.865555146109111,3.0290664052244867,3.0290664052244867,-1.79,2494463.167493079,26.245448422545195,15.971894589712372,14.233331485696997,176.6762369597825,24.793308092122217,0.0,0.0,0.0,0.0,17.90791586385555,29.083340744766897,0.0,0.0,0.0,0.0,0.0,58.902807653213166,45.6899927268297,39.17691964433768,17.90791586385555,0.0,14.699729192551434,0.0,19.26246486877803,85.33033551126485,0.0,0.0,0.0,0.0,0.0,0.0,0.0,133.257562752194,23.85733745981556,0.0,19.26246486877803,0.0,0.0,0.0,0.0,140.07999999999998,17.90791586385555,14.383611552215466,0.0,19.26246486877803,85.33033551126485,0.0,0.0,0.0,14.699729192551434,0.0,24.793308092122217,11.35859351607187,0.0,38.703560620483906,26.84808816585789,0.0,-2.5787925256828554,0.0,0.10549467942630297,6.56305554384288,0.0,0.8421052631578947,30,3,11,0,1,1,0,0,0,0,0,0,8,3,11,1,9,0,1,1,0,0,13.972984522154157,1,-0.6366999999999943,107.71640000000009,3,0,0,0,0,0,0,0,3,3,3,0,0,0,0,3,0,0,0,0,0,0,0,0,0,0,0,0,0,0,0,0,0,0,0,0,0,0,0,0,0,2,0,0,0,0,0,0,0,0,0,0,0,0,0,0,0,0,0,0,0,0,0,0,0,0,0,0,0,0,0,0,0,0,0,0,0,0,0,0,0,0,0,0,0,0,0,0,0,0,0,0,0,0,0,0,0,0,0,0,0,0,0,0,0,0,0,0,0,0,0,0,0,0,0,0,0,0,0,0,0,0,0,0,0,0,0,0,0,1,0,0,0,0,0,0,0,0,0,0,0,0,0,0,0,0,0,0,0,0,0,0,0,0,0,0,0,0,0,0,0,0,0,0,0,0,0,0,0,0,0,0,0,0,0,0,0,0,0,0,0,0,0,0,0,0,0,0,0,0,0,1,0,0,0,0,0,0,0,0,0,0,0,0,0,1,0,0,0,1,0,0,0,0,0,1,0,0,0,0,0,0,1,0,0,0,0,0,0,0,0,0,0,1,0,0,0,0,0,0,0,0,0,0,0,0,0,0,0,0,1,0,11.23
11.425627184877033,11.425627184877033,0.13670087711010304,-4.3786843698384725,0.20316112250804125,20.4,476.3600000000003,446.12000000000023,476.1437164199999,176,0,0.3389423829592649,-0.48028580497401663,0.48028580497401663,0.3389423829592649,0.5666666666666667,0.8,1.0,31.19241276131346,10.315301015213109,2.2478098615143973,-2.330459248258391,2.3537709383642818,-2.474607445510751,7.514333594182161,-0.1387000290442893,2.5367798576721445,2.996660580521698,546.4237512704517,22.94938298937632,16.484837682093524,18.273692064093346,13.731983924439135,9.15490576305621,12.750113570463778,7.188051905205215,10.412474100689392,4.416008791396946,5.952913324699735,3.081299302310454,4.689125112430714,-0.9200000000000002,1087608.8490589245,27.114387895460798,12.202071167096001,13.396285148063198,173.53132958822903,29.78670120069131,12.571689620908973,0.0,0.0,0.0,27.13013522947947,38.31880986140821,0.0,0.0,0.0,0.0,0.0,52.358051247300594,13.08951281182515,48.50587213869761,27.13013522947947,0.0,19.599638923401912,0.0,0.0,78.01925368003472,0.0,0.0,0.0,0.0,0.0,0.0,15.19152465357577,139.3442043800317,18.7191709380063,0.0,0.0,0.0,0.0,0.0,0.0,202.61999999999998,39.70182485038844,38.292817349016204,0.0,65.44756405912574,0.0,0.0,19.599638923401912,0.0,0.0,0.0,10.213054789681411,22.851254369754066,0.0,65.4149467799655,18.19494408489367,0.0,-2.198511852271773,0.0,-1.0850109747755852,0.5241907765554954,-8.757368739676943,0.8571428571428571,30,6,14,0,1,1,0,0,0,0,2,0,8,6,16,1,8,0,1,1,0,2,11.0283896917553,1,-2.352399999999993,105.11980000000004,2,0,0,0,0,0,0,0,2,2,2,0,0,0,0,4,0,0,0,0,0,0,0,0,0,0,0,0,0,0,0,0,0,0,0,0,0,0,0,0,0,0,0,0,0,0,0,0,0,0,0,0,0,0,0,0,0,0,0,0,0,0,0,0,0,0,0,0,0,0,0,0,0,0,0,0,0,0,0,0,0,0,0,0,0,0,0,0,0,0,0,0,0,0,0,0,0,0,0,0,0,0,0,0,0,0,0,0,0,0,0,0,0,0,0,0,0,0,0,0,0,0,0,0,0,0,0,0,0,1,0,0,0,0,0,0,0,0,0,0,0,0,0,0,0,0,0,0,0,0,0,0,0,0,0,0,0,0,0,0,0,0,0,0,0,0,0,0,0,0,0,0,0,0,0,0,0,0,0,0,0,0,0,0,0,0,1,0,0,0,0,1,0,0,0,0,0,0,0,0,0,0,0,0,0,1,0,0,0,1,0,0,0,0,0,1,0,0,0,0,0,0,1,0,0,0,0,0,0,0,0,0,0,1,0,0,0,0,0,0,0,0,0,0,0,0,0,0,0,0,1,0,25.7
11.95680797010162,11.95680797010162,0.10296731964390737,-4.734921509756166,0.09880574698575734,12.96774193548387,472.3880000000002,443.1560000000002,472.15704437799985,180,0,0.34209323792803786,-0.4802856639773194,0.4802856639773194,0.34209323792803786,0.7096774193548387,1.032258064516129,1.2580645161290323,31.1910572343143,10.28846864987784,2.3398174164653156,-2.342145787539001,2.4398966834421145,-2.4750689651983913,7.52031596049305,-0.14315569667199515,2.56526888545443,5.528293726937344,550.4237512704517,24.189869965382485,16.739145757563627,17.63357294856354,14.255145178661923,9.070428008692543,10.751974159856978,6.67929294484496,8.453564220791584,4.076969666779411,5.438277035724671,2.85530737883691,3.9971200786969616,-2.1300000000000003,1461833.8659895195,28.87,14.030776004020263,13.720930070533491,177.3422636667039,35.94660026202996,5.782929233689872,0.0,0.0,0.0,31.472983478595282,38.44292621377005,0.0,0.0,0.0,0.0,12.965578028838586,26.1790256236503,26.1790256236503,53.95612980608638,31.472983478595282,0.0,14.699729192551434,5.733667477162185,12.203750856615882,58.902807653213166,0.0,0.0,0.0,5.733667477162185,0.0,0.0,7.595762326787885,133.4756200161297,23.743197021218617,0.0,6.4208216229260096,0.0,0.0,0.0,0.0,242.46999999999997,63.43493833593545,33.530020226723565,0.0,39.14460365248888,0.0,9.799819461700956,4.899909730850478,0.0,0.0,0.0,26.15977705652501,11.95680797010162,0.0,66.50850820859141,35.68618504197005,5.437708350251641,-6.5814228500042,0.0,-0.15277777777777768,-3.314531877821021,-4.734921509756166,0.7333333333333333,31,8,15,0,0,0,0,0,0,0,2,0,9,7,16,0,18,0,0,0,0,2,13.066725910840807,0,-2.9165999999999928,104.49970000000005,4,0,0,0,0,0,0,0,4,4,4,0,0,0,0,3,0,1,0,0,0,0,0,0,0,0,0,0,0,0,0,0,0,0,0,0,0,0,0,0,0,0,0,0,0,0,0,0,0,0,0,0,0,0,0,0,0,0,0,0,0,0,0,0,0,0,0,0,0,0,0,0,0,0,0,0,0,0,0,0,0,0,0,0,0,0,0,0,0,0,0,0,0,0,0,0,0,0,0,0,0,0,0,0,0,0,0,0,0,0,0,0,0,0,0,0,0,0,0,0,0,0,0,0,0,0,0,0,0,1,0,0,0,0,0,0,0,0,0,0,0,0,0,0,0,0,0,0,0,0,0,0,0,0,0,0,0,0,0,0,0,0,0,0,0,0,0,0,0,0,0,0,0,0,0,0,0,0,0,0,0,0,0,0,0,0,0,0,0,0,0,1,0,0,0,0,0,0,0,0,0,0,0,0,0,0,0,0,0,1,0,0,0,0,0,1,0,0,0,0,0,0,0,0,0,0,0,0,0,0,0,0,0,1,0,0,0,0,0,0,0,0,0,0,0,0,0,0,0,0,0,0,22.34
11.823999038915286,11.823999038915286,0.05762636153328771,-1.293217787925433,0.08198386922303072,10.82857142857143,507.4530000000003,478.22100000000034,507.1812713679999,198,0,0.3224701561735577,-0.48028580497400253,0.48028580497400253,0.3224701561735577,0.42857142857142855,0.7142857142857143,1.0,16.379871252494713,10.31727349433965,2.1971822022953984,-2.2748320027894313,1.9719532208815023,-2.4734836505420126,5.832691766965674,-0.14122671459110467,2.7071982089573314,5.095062489271835,684.0,26.965890847321376,18.71362139029873,18.71362139029873,16.276672458625047,10.074933414864418,10.074933414864418,7.219609953515147,7.219609953515147,4.14950529526545,4.14950529526545,2.7038740417386937,2.7038740417386937,-3.830000000000001,11150397.15426062,31.169999999999998,16.73173684108644,18.300037792689253,198.42431581168452,36.16621418221619,13.08951281182515,0.0,11.814359458703011,0.0,29.846526439759245,48.261489481054184,0.0,0.0,0.0,0.0,0.0,26.1790256236503,32.72378202956288,59.09439726270627,41.660885898462254,0.0,25.333306400564094,0.0,0.0,71.99232046503832,0.0,0.0,0.0,10.633577208012662,0.0,0.0,0.0,153.88557253025556,33.561760288502754,0.0,0.0,0.0,0.0,0.0,0.0,254.41999999999993,87.4741807398503,33.561760288502754,0.0,26.1790256236503,0.0,9.799819461700956,4.899909730850478,0.0,0.0,10.633577208012662,25.532636974203527,0.0,0.0,81.73822494020332,48.56346507137781,0.0,-7.881337804438991,0.0,0.0,-4.253685540475477,0.0,0.6111111111111112,35,7,17,0,0,0,2,0,0,0,0,0,10,7,17,0,20,0,0,0,0,0,14.900806781047553,0,-4.452199999999996,113.51840000000009,5,0,0,0,0,0,0,0,5,5,7,2,0,0,0,3,2,0,0,0,0,0,0,0,0,0,0,2,0,0,0,0,0,0,0,0,0,0,0,0,0,0,0,0,0,0,0,0,0,0,0,0,0,0,0,0,0,0,0,0,0,0,0,0,0,0,0,0,0,0,0,0,0,0,0,0,0,0,0,0,0,0,0,0,0,0,0,0,0,0,0,0,0,0,0,0,0,0,0,0,0,0,0,0,0,0,0,0,0,0,0,0,0,0,0,0,0,0,0,0,0,0,0,0,0,0,0,0,0,1,0,0,0,0,0,0,0,0,0,0,0,0,0,0,0,0,0,0,0,0,0,0,0,0,0,0,0,0,0,0,0,0,0,0,0,0,0,0,0,0,0,0,0,0,0,0,0,0,0,0,0,0,0,0,0,0,0,0,0,0,0,1,0,0,0,0,0,0,0,0,0,0,0,0,0,0,0,0,0,1,0,0,0,0,0,1,0,0,0,0,0,0,0,0,0,0,0,0,0,0,0,0,0,1,0,0,0,0,0,0,0,0,0,0,0,0,0,0,0,0,0,0,16.17
11.608104625369688,11.608104625369688,0.06952003023431619,-0.898365543620774,0.6119955720997442,19.133333333333333,412.4900000000001,384.2660000000002,412.21105537599993,160,0,0.3172253416480471,-0.48028556169815795,0.48028556169815795,0.3172253416480471,0.8,1.2333333333333334,1.5666666666666667,16.370145836540548,9.871126680075694,2.3562989687223532,-2.43800178048321,2.28883755717556,-2.546792391017008,5.692892025982789,-0.1425012741198005,2.736070455952644,1.8537422834562491,715.8027278120529,21.346724214874857,16.930135095316118,16.930135095316118,14.524877143252588,10.241775850343558,10.241775850343558,7.6587452223856785,7.6587452223856785,5.491140415606411,5.491140415606411,4.271337153272288,4.271337153272288,-2.84,5693302.959000852,21.85899574929296,10.79875397650977,6.331863445215837,175.73244655157035,10.213054789681411,0.0,0.0,0.0,0.0,11.938610575903699,29.356850871739013,0.0,0.0,0.0,24.974377382775238,37.107111519698464,37.56688161334723,24.477368801522072,19.802129157825057,11.938610575903699,0.0,19.76777650359537,0.0,50.856480961825106,13.08951281182515,60.17974554369273,0.0,0.0,0.0,0.0,0.0,0.0,67.09263633930155,22.678587179968794,0.0,37.07114248140096,48.791889553995816,0.0,0.0,0.0,106.86,11.938610575903699,19.802129157825057,0.0,25.17319447012107,13.08951281182515,37.07114248140096,0.0,12.393687143226153,46.19802187247061,9.967957041894417,0.0,0.0,0.0,35.789567922924704,19.036523470550346,1.6066372045196005,-1.7967310872415476,11.061219970438946,7.02293243062453,0.6131834215167549,0.0,0.45454545454545453,30,2,8,1,0,1,0,0,2,2,2,0,6,2,8,2,10,1,0,1,0,0,7.868330575672917,3,2.2611999999999997,110.60960000000006,2,0,0,0,0,2,0,0,2,2,2,0,0,0,0,4,0,0,0,0,0,0,0,0,0,0,0,0,0,0,0,0,0,0,0,0,0,0,0,0,0,0,0,0,0,0,0,0,0,0,0,0,0,0,0,0,0,0,0,0,0,0,0,0,0,0,0,0,0,0,0,0,0,2,0,0,0,0,0,0,0,0,0,0,0,0,0,0,0,0,0,0,0,0,0,0,0,0,0,0,0,0,0,0,0,0,0,0,0,0,0,0,0,0,0,0,0,0,0,0,0,0,0,0,0,0,0,0,0,1,0,0,0,0,0,0,0,0,0,0,0,0,0,0,0,0,0,0,0,0,0,0,0,0,0,0,0,0,0,0,0,0,0,0,0,0,0,0,0,0,0,0,0,0,0,0,0,0,0,0,0,0,0,0,0,0,0,0,0,0,0,1,0,0,0,0,0,0,0,0,0,0,0,0,0,0,0,0,0,1,0,0,0,0,0,1,0,0,0,0,0,0,0,0,0,0,0,0,0,0,0,0,0,1,0,0,0,0,0,0,0,0,0,0,0,0,0,0,0,0,0,0,12.07
13.138022551299137,13.138022551299137,0.012366780045351522,-1.0498485485764182,0.11659341587828835,11.272727272727273,628.8560000000004,568.3760000000003,628.45234826,256,0,0.3172172493379165,-0.4802856687867992,0.4802856687867992,0.3172172493379165,0.4772727272727273,0.7954545454545454,1.0681818181818181,16.370308444576064,10.225312215434391,2.2258842756944635,-2.3051206448690182,2.049673608488279,-2.486573854310391,5.797601472461001,-0.1409502814790295,2.969478364914752,5.601801641313629,718.8559515213416,33.3298518780003,28.02097902573651,28.02097902573651,21.000369975740185,16.37220295309102,16.37220295309102,11.333898174801877,11.333898174801877,7.378182794080146,7.378182794080146,4.629235319843648,4.629235319843648,-2.7700000000000005,1213596112.95701,41.23,25.546239373370007,20.23550148902414,264.4326229989636,25.329662855388698,0.0,0.0,17.721539188054518,0.0,11.938610575903699,38.67241511291054,0.0,0.0,0.0,53.378235290466534,25.683286491704038,59.40572322997778,32.72378202956288,34.18574071004052,29.660149763958216,0.0,29.81633725825872,0.0,79.06152178217057,92.12950525954066,0.0,0.0,0.0,5.316788604006331,0.0,0.0,0.0,156.5022584674327,23.97268592035911,0.0,79.06152178217057,0.0,0.0,0.0,0.0,154.04,11.938610575903699,34.18574071004052,0.0,76.6243468412677,26.1790256236503,51.36657298340809,7.04767198267719,24.49954865425239,0.0,33.01173740276883,0.0,0.0,0.0,70.41588306246257,21.63240646928295,0.0,-2.5830035226517896,0.0,7.284951250286057,11.061576073144915,1.521520000808629,0.8387096774193549,44,3,13,0,0,0,3,0,0,0,0,0,8,3,13,0,28,0,0,0,0,0,23.937987485546486,0,1.6652000000000071,171.45029999999963,2,0,0,0,0,0,0,0,2,2,5,3,0,0,0,5,1,0,0,1,0,0,0,0,0,0,0,3,0,0,0,0,0,0,0,0,0,0,0,0,0,0,0,0,0,0,0,0,0,0,0,0,0,0,0,0,0,0,0,0,0,0,0,0,0,0,0,0,0,0,0,0,0,0,0,0,0,0,0,0,0,0,0,4,0,0,0,0,0,0,0,0,0,0,0,0,0,0,0,0,0,0,0,0,0,0,0,0,0,0,0,0,0,0,0,0,0,0,0,0,0,0,0,0,0,0,0,0,0,1,0,0,0,0,0,0,0,0,0,0,0,0,0,0,0,0,0,0,0,0,0,0,0,0,0,0,0,0,0,0,0,0,0,0,0,0,0,0,0,0,0,0,0,0,0,0,0,0,0,0,0,0,0,0,0,0,0,0,0,0,0,1,0,0,0,0,0,0,0,0,0,0,0,0,0,0,0,0,0,1,0,0,0,0,0,1,0,0,0,0,0,0,0,0,0,0,0,0,0,0,0,0,0,1,0,0,0,0,0,0,0,0,0,0,0,0,0,0,0,0,0,0,17.93
11.72999161731901,11.72999161731901,0.10632245232228565,-1.1175961424004346,0.1979756091914878,19.210526315789473,539.5420000000001,506.2780000000004,539.222742256,210,0,0.31721431975619224,-0.4802858049740185,0.4802858049740185,0.31721431975619224,0.7105263157894737,1.131578947368421,1.5789473684210527,16.628408033918383,10.026137865877697,2.2722913123576,-2.3727536275551486,2.166040645263651,-2.531062759310612,5.700011332554641,-0.38445042564088067,2.804393543029632,2.4069575027980594,938.7553347455761,28.241911729260263,20.846444822469493,20.846444822469493,17.921631748767915,11.942013996220119,11.942013996220119,9.114345643224842,9.114345643224842,6.187136153748522,6.187136153748522,4.381595033438702,4.381595033438702,-3.66,95219166.86201754,30.56316960409495,14.922182064739676,11.1643123152913,218.14492172298247,20.426109579362823,0.0,0.0,0.0,5.687386274683562,23.877221151807397,48.892105928454775,0.0,0.0,0.0,12.13273413692322,11.984273114623004,63.9878698074592,31.10233667246797,44.52756936446778,29.56460742649096,0.0,19.599638923401912,0.0,12.462662452073971,71.99232046503832,39.94323803430901,0.0,0.0,0.0,5.687386274683562,0.0,0.0,146.86044199757612,25.598970359213297,10.114318268765572,5.563451491696996,24.26546827384644,0.0,0.0,0.0,205.29999999999998,34.84237302977303,49.71857658441568,0.0,84.1005283626479,5.563451491696996,0.0,12.13273413692322,31.73237306032513,0.0,0.0,0.0,0.0,0.0,63.05009534880516,48.703543343477904,0.5679865836326741,-4.376435667181101,5.24104873933781,0.24917073465188566,-0.10207574939100272,0.0,0.5652173913043478,38,4,15,0,1,1,0,1,0,1,1,0,10,4,15,1,11,0,1,1,0,0,12.00182056073217,2,-0.9340999999999917,132.02460000000005,4,0,0,0,0,0,0,0,4,4,4,0,0,0,0,5,0,0,0,0,0,0,0,0,0,0,0,0,0,0,0,0,0,0,1,0,0,0,0,0,0,0,0,0,0,0,0,0,0,0,0,0,0,0,0,0,0,0,1,1,1,0,0,0,0,0,0,0,0,0,0,0,0,0,0,0,0,0,0,0,0,0,0,0,0,0,0,0,0,0,0,0,0,0,0,0,0,0,0,0,0,0,0,0,0,0,0,0,0,0,0,0,0,0,0,0,0,0,0,0,0,0,0,0,0,0,0,0,0,1,0,0,0,0,0,0,0,0,0,0,0,0,0,0,0,0,0,0,0,0,0,0,0,0,0,0,0,0,0,0,0,0,0,0,0,0,0,0,0,0,0,0,0,0,0,0,0,0,0,0,0,0,0,0,0,0,1,0,0,0,0,1,0,0,0,0,0,0,0,0,0,0,0,0,0,1,0,0,0,1,0,0,0,0,0,1,0,0,0,0,0,0,1,0,0,0,0,0,0,0,0,0,0,1,0,0,0,0,0,0,0,0,0,0,0,0,0,0,0,0,1,0,24.2
11.140902527152736,11.140902527152736,0.0166750125976316,-1.2053061300405272,0.26985184780406585,10.235294117647058,476.4380000000003,452.24600000000027,476.14309496799996,182,0,0.3226154221100478,-0.48786356680749676,0.48786356680749676,0.3226154221100478,0.5588235294117647,0.8529411764705882,1.1470588235294117,16.526235410276783,10.223266789537822,2.1932995158242363,-2.2417594626001867,2.2933900228455615,-2.3462119725772608,5.814368122163522,-0.1379559272389577,2.749017306499027,2.0957616230626495,873.1028328388243,25.08721119088102,17.994214156419222,17.994214156419222,16.167611553344425,9.977561091900785,9.977561091900785,6.919451645419777,6.919451645419777,4.314834845613642,4.314834845613642,3.0897663322232236,3.0897663322232236,-4.48,18839345.48351461,25.777828912223082,12.529440861891665,8.221553451241666,193.70769967790673,39.69965494866388,50.89181321924394,0.0,0.0,0.0,23.877221151807397,19.178148736287287,0.0,0.0,0.0,24.26546827384644,24.26546827384644,0.0,11.374772549367124,49.077984223250205,35.25199370117452,0.0,0.0,0.0,0.0,49.19260901437709,48.53093654769288,0.0,11.49902366656781,19.273545369301054,11.374772549367124,11.49902366656781,0.0,83.69612028384637,19.178148736287287,0.0,0.0,48.53093654769288,0.0,0.0,0.0,174.14,50.056246775457694,19.178148736287287,0.0,36.08756014496077,0.0,9.799819461700956,12.13273413692322,36.39820241076966,0.0,0.0,29.89983548696292,11.356194937851683,0.0,46.85296983822305,36.38549809128231,0.5588734567901241,-4.320731783581708,12.702378488784374,0.0,-2.201849696016503,0.0,0.2727272727272727,34,4,12,0,0,0,0,2,0,2,0,0,8,4,12,0,15,0,0,0,0,0,9.49946420304883,2,1.0955999999999997,118.8432000000001,4,0,0,0,0,0,0,0,4,4,4,0,0,0,0,2,0,0,0,0,0,0,0,0,0,0,0,0,0,2,0,0,0,0,2,0,0,0,0,0,0,2,0,0,0,0,0,0,0,0,0,0,0,0,0,0,0,0,0,0,0,0,0,0,4,0,0,0,0,0,0,0,0,0,0,0,0,0,0,0,0,0,0,0,0,0,0,0,0,0,0,0,0,0,0,0,0,0,0,0,0,0,0,0,0,0,0,0,0,0,0,0,0,0,0,0,0,0,0,0,0,0,0,0,0,0,0,0,0,1,0,0,0,0,0,0,0,0,0,0,0,0,0,0,0,0,0,0,0,0,0,0,0,0,0,0,0,0,0,0,0,0,0,0,0,0,0,0,0,0,0,0,0,0,0,0,0,0,0,0,0,0,0,0,0,0,0,0,0,0,0,1,0,0,0,0,0,0,0,0,0,0,0,0,0,0,0,0,0,1,0,0,0,0,0,1,0,0,0,0,0,0,0,0,0,0,0,0,0,0,0,0,0,1,0,0,0,0,0,0,0,0,0,0,0,0,0,0,0,0,0,0,10.6
11.794755270365007,11.794755270365007,0.1019418969378385,-1.0844768926726898,0.2806249694025622,10.76923076923077,374.43800000000016,344.19800000000015,374.21653467999994,150,0,0.3172172485506094,-0.48028566878887424,0.48028566878887424,0.3172172485506094,0.6923076923076923,1.0384615384615385,1.3076923076923077,16.37024044981659,10.327575675002214,2.180675627535346,-2.247244910021202,1.9465107376421298,-2.462148462847358,5.792467914354781,-0.14081626652833543,2.542554548621803,4.690154468830334,394.9546635134159,19.94938298937633,15.492915355720763,15.492915355720763,12.277294663077209,8.69661067846145,8.69661067846145,5.908693061493502,5.908693061493502,3.3289544193238876,3.3289544193238876,2.1402712135741284,2.1402712135741284,-2.1999999999999997,239467.9576073959,23.8,14.020330210651624,13.131476943640012,153.0673303559686,20.846631997694075,0.0,0.0,11.814359458703011,0.0,11.938610575903699,28.97796819798824,0.0,0.0,0.0,13.847474399381248,12.841643245852019,26.1790256236503,26.1790256236503,29.3912035259687,23.75297003460671,0.0,20.433396669713616,0.0,26.689117645233267,52.358051247300594,0.0,0.0,0.0,10.633577208012662,0.0,0.0,0.0,96.1238955332897,19.178148736287287,0.0,26.689117645233267,0.0,0.0,0.0,0.0,139.28,11.938610575903699,19.178148736287287,0.0,51.08289789417846,13.08951281182515,12.841643245852019,9.799819461700956,0.0,13.847474399381248,10.633577208012662,10.213054789681411,0.0,0.0,48.36420815628996,23.29351438331826,0.0,-2.7549289131783707,0.0,1.5355783210896847,4.228294719147129,0.0,0.75,26,4,10,0,0,0,2,0,0,0,0,0,6,4,10,0,15,0,0,0,0,0,12.83399457744264,0,-1.1879999999999955,94.75300000000006,2,0,0,0,0,0,0,0,2,2,4,2,0,0,0,2,2,0,0,0,0,0,0,0,0,0,0,2,0,0,0,0,0,0,0,0,0,0,0,0,0,0,0,0,0,0,0,0,0,0,0,0,0,0,0,0,0,0,0,0,0,0,0,0,0,0,0,0,0,0,0,0,0,0,0,0,0,0,0,0,0,0,0,0,0,0,0,0,0,0,0,0,0,0,0,0,0,0,0,0,0,0,0,0,0,0,0,0,0,0,0,0,0,0,0,0,0,0,0,0,0,0,0,0,0,0,0,0,0,1,0,0,0,0,0,0,0,0,0,0,0,0,0,0,0,0,0,0,0,0,0,0,0,0,0,0,0,0,0,0,0,0,0,0,0,0,0,0,0,0,0,0,0,0,0,0,0,0,0,0,0,0,0,0,0,0,0,0,0,0,0,1,0,0,0,0,0,0,0,0,0,0,0,0,0,0,0,0,0,1,0,0,0,0,0,1,0,0,0,0,0,0,0,0,0,0,0,0,0,0,0,0,0,1,0,0,0,0,0,0,0,0,0,0,0,0,0,0,0,0,0,0,10.3
11.08939881112195,11.08939881112195,0.037449941332517334,-0.9807553160790892,0.3475251516060426,19.88888888888889,390.43700000000024,360.1970000000001,390.21144929999997,156,0,0.31720436546192304,-0.48028580497402645,0.48028580497402645,0.31720436546192304,0.5555555555555556,0.8148148148148148,1.037037037037037,16.37335982224172,10.288746410189264,2.192561240067353,-2.323982390929019,2.0077989384429027,-2.483346508142691,5.694517755005644,-0.14030850924719804,2.5560945053815947,2.846558313064863,422.6587689043804,20.2338400397525,15.494841790816375,15.494841790816375,12.79493275328225,8.954813958944445,8.954813958944445,6.574906829194851,6.574906829194851,4.422651489067812,4.422651489067812,2.9918155271635594,2.9918155271635594,-1.79,493960.1509759824,23.24966679888933,12.570820373054392,10.828147307639895,157.9083875799783,20.426109579362823,0.0,0.0,0.0,0.0,17.90791586385555,33.983250475617375,0.0,0.0,0.0,0.0,0.0,58.902807653213166,26.241151182250643,34.809721131578286,17.90791586385555,0.0,19.599638923401912,0.0,0.0,85.14395883546382,0.0,0.0,0.0,0.0,0.0,0.0,0.0,143.07762320208414,14.383611552215466,0.0,0.0,0.0,0.0,0.0,0.0,145.08999999999997,17.90791586385555,19.49013894705617,0.0,26.241151182250643,58.902807653213166,0.0,0.0,14.699729192551434,4.899909730850478,0.0,15.319582184522117,0.0,0.0,40.42981417922962,36.48880773009935,0.0,-2.8821992671162944,0.0,0.0,3.463577357787315,0.0,0.8125,27,4,11,0,1,1,0,0,0,0,0,0,8,4,11,1,8,0,1,1,0,0,10.824717965266824,1,-2.5458999999999925,95.75320000000006,3,1,1,0,0,0,0,0,3,3,3,0,0,1,0,4,0,0,0,0,0,0,0,0,0,0,0,0,0,0,0,0,0,0,0,0,0,0,0,0,0,0,0,0,0,0,0,0,0,0,0,0,0,0,0,0,0,0,0,0,0,0,0,0,0,0,0,0,0,0,0,0,0,0,0,0,0,0,0,0,0,0,0,0,0,0,0,0,0,0,0,0,0,0,0,0,0,0,0,0,0,0,0,0,0,0,0,0,0,0,0,0,0,0,0,0,0,0,0,0,0,0,0,0,0,0,0,0,0,1,0,0,0,0,0,0,0,0,0,0,0,0,0,0,0,0,0,0,0,0,0,0,0,0,0,0,0,0,0,0,0,0,0,0,0,0,0,0,0,0,0,0,0,0,0,0,0,0,0,0,0,0,0,0,0,0,1,0,0,0,0,1,0,0,0,0,0,0,0,0,0,0,0,0,0,1,0,0,0,1,0,0,0,0,0,1,0,0,0,0,0,0,1,0,0,0,0,0,0,0,0,0,0,1,0,0,0,0,0,0,0,0,0,0,0,0,0,0,0,0,1,0,22.3
12.225774891984862,12.225774891984862,0.08913761337868475,-1.11766861261901,0.2044718815453174,21.666666666666668,595.6500000000004,554.3220000000003,595.2853425119999,234,0,0.3201371600392352,-0.4800828621421988,0.4800828621421988,0.3201371600392352,0.7142857142857143,1.0952380952380953,1.5,16.628421101918846,10.004224690131883,2.3453711430566786,-2.4182149501020223,2.1985325913789096,-2.581743534203183,5.740003914932524,-0.3844505376360067,2.9244428897823074,2.599174652450999,1063.7604582719075,31.722885681272587,24.32741877448181,24.32741877448181,19.631713168482182,13.759786543906074,13.759786543906074,10.643049216375903,10.643049216375903,8.097223136728514,8.097223136728514,5.085014535800622,5.085014535800622,-3.6600000000000006,582919749.4208876,34.54077077575625,15.53497197967258,9.439529296330498,243.60469018056892,20.426109579362823,24.167363316591842,0.0,0.0,5.687386274683562,23.877221151807397,48.89210592845477,0.0,0.0,0.0,12.13273413692322,39.679221913385504,63.9878698074592,4.923311048817671,44.52756936446777,29.56460742649096,0.0,19.599638923401912,0.0,64.3249745674283,45.81329484138802,39.94323803430901,0.0,0.0,0.0,5.687386274683562,0.0,0.0,144.8487796905176,25.598970359213293,10.114318268765572,33.25840029045949,24.26546827384644,0.0,0.0,0.0,205.29999999999995,59.00973634636486,49.71857658441568,0.0,57.92150273899759,5.563451491696996,0.0,39.827682935685715,31.73237306032513,0.0,0.0,0.0,0.0,0.0,65.3981705678125,50.438790805405354,0.5558949563836346,-4.376725548055399,1.3598600552262503,0.22438536680104137,7.066290463093279,0.0,0.6296296296296297,42,4,15,0,1,1,0,1,0,1,5,0,10,4,15,1,11,0,1,1,0,0,12.775950146611116,2,0.6199000000000066,150.4045999999999,4,0,0,0,0,0,0,0,4,4,4,0,0,0,0,5,0,0,0,0,0,0,0,0,0,0,0,0,0,0,0,0,0,0,1,0,0,0,0,0,0,0,0,0,0,0,0,0,0,0,0,0,0,0,0,0,0,0,1,1,1,0,0,0,0,0,0,0,0,0,0,0,0,0,0,0,0,0,0,0,0,0,0,0,0,0,0,0,0,0,0,0,0,0,0,0,0,0,0,0,0,0,0,0,0,0,0,0,0,0,0,0,0,0,0,0,0,0,0,0,0,0,0,0,0,0,0,0,0,1,0,0,0,0,0,0,0,0,0,0,0,0,0,0,0,0,0,0,0,0,0,0,0,0,0,0,0,0,0,0,0,0,0,0,0,0,0,0,0,0,0,0,0,0,0,0,0,0,0,0,0,0,0,0,0,0,1,0,0,0,0,1,0,0,0,0,0,0,0,0,0,0,0,0,0,1,0,0,0,1,0,0,0,0,0,1,0,0,0,0,0,0,1,0,0,0,0,0,0,0,0,0,0,1,0,0,0,0,0,0,0,0,0,0,0,0,0,0,0,0,1,0,23.86
11.062166789172561,11.062166789172561,0.12175398400100779,-0.956519943625598,0.5668965360067654,21.25,345.39600000000013,318.18000000000006,345.189985584,138,0,0.3172043654618626,-0.48028580752880473,0.48028580752880473,0.3172043654618626,0.7083333333333334,1.0,1.3333333333333333,16.373218597868178,9.911223987860268,2.2837947953437503,-2.3853651419772532,2.1968211281541925,-2.509101248442636,5.695179765769063,-0.14102557855468237,2.3743024521287133,2.89706100254327,404.95466351341577,18.328062645816686,14.271987475070269,14.271987475070269,11.070187881890659,7.897009676063643,7.897009676063643,7.042886977834974,7.042886977834974,3.8447885842672367,3.8447885842672367,3.0981501074938076,3.0981501074938076,-1.71,82350.3062496323,20.334863167339613,8.95217635801374,8.229016926832847,140.9893780431823,15.319582184522117,0.0,0.0,0.0,0.0,17.90791586385555,29.083340744766897,0.0,0.0,0.0,13.847474399381248,5.41499046939678,39.26853843547545,19.634269217737724,29.703193736737582,17.90791586385555,0.0,14.699729192551434,5.41499046939678,13.847474399381248,58.902807653213166,0.0,0.0,0.0,0.0,0.0,0.0,0.0,106.8300348941423,14.383611552215466,5.41499046939678,13.847474399381248,0.0,0.0,0.0,0.0,121.62,17.90791586385555,14.383611552215466,0.0,25.049259687134505,39.26853843547545,0.0,0.0,14.699729192551434,13.847474399381248,0.0,15.319582184522117,0.0,0.0,38.37953870978041,27.13978395755813,-0.27790875377928925,-2.826823441567984,0.0,0.0,6.335409528008735,0.0,0.8,24,3,9,0,1,1,0,0,0,0,0,0,6,3,9,1,6,0,1,1,0,0,7.585053387087586,1,-0.8139999999999956,86.00840000000007,3,0,0,0,0,0,0,0,3,3,3,0,0,0,0,3,0,0,0,0,0,0,0,0,0,0,0,0,0,0,0,0,0,0,0,0,0,0,0,0,0,0,0,0,0,0,0,0,0,0,0,0,0,0,0,0,0,0,0,0,0,0,0,0,0,0,0,0,0,0,0,0,0,0,0,0,0,0,0,0,0,0,0,0,0,0,0,0,0,0,0,0,0,0,0,0,0,0,0,0,0,0,0,0,0,0,0,0,0,0,0,0,0,0,0,0,0,0,0,0,0,0,0,0,0,0,0,0,0,1,0,0,0,0,0,0,0,0,0,0,0,0,0,0,0,0,0,0,0,0,0,0,0,0,0,0,0,0,0,0,0,0,0,0,0,0,0,0,0,0,0,0,0,0,0,0,0,0,0,0,0,0,0,0,0,0,1,0,0,0,0,1,0,0,0,0,0,0,0,0,0,0,0,0,0,1,0,0,0,1,0,0,0,0,0,1,0,0,0,0,0,0,1,0,0,0,0,0,0,0,0,0,0,1,0,0,0,0,0,0,0,0,0,0,0,0,0,0,0,0,1,0,10.4
11.133603255377245,11.133603255377245,0.13782470395565616,-0.9347761634242511,0.6113868340760293,11.0,358.3980000000001,336.2220000000001,358.16410518400005,138,0,0.31721538722081016,-0.48028567906897934,0.48028567906897934,0.31721538722081016,0.7692307692307693,1.1923076923076923,1.5,16.37004345141984,10.265258349196467,2.1556736230636844,-2.250446725144507,2.0459217482708985,-2.3904781113103057,5.690759742564063,-0.13998106318674017,2.6013857803410723,1.9878157578897646,604.199202860212,18.777810114122516,14.36122099456377,14.36122099456377,12.524877143252587,8.208003688621849,8.208003688621849,5.8509369257080435,5.8509369257080435,3.673694013064249,3.673694013064249,2.5349549816479318,2.5349549816479318,-2.8399999999999994,589786.1841189279,19.4842730581992,10.218947895742048,7.369889814565974,151.27850924751317,10.213054789681411,0.0,0.0,0.0,0.0,11.938610575903699,29.356850871739013,0.0,0.0,0.0,12.13273413692322,24.26546827384644,38.57271276687645,24.477368801522072,19.802129157825057,11.938610575903699,0.0,19.76777650359537,0.0,13.08951281182515,26.1790256236503,60.17974554369273,0.0,0.0,0.0,0.0,0.0,0.0,68.09846749283078,22.678587179968794,0.0,11.387855989696922,48.791889553995816,0.0,0.0,0.0,106.86000000000001,11.938610575903699,9.589074368143644,0.0,13.08951281182515,26.1790256236503,11.387855989696922,0.0,34.32624074185033,24.26546827384644,9.967957041894417,10.213054789681411,0.0,0.0,34.16883379594058,18.255958939182243,1.5338159649126466,-1.8695523268485021,10.951055098934788,3.317628670231484,1.3089265243134296,0.0,0.3333333333333333,26,2,8,0,0,0,0,0,2,2,0,0,6,2,8,2,11,0,0,0,0,0,7.658029660313392,2,0.9500000000000011,94.29960000000005,2,0,0,0,0,2,0,0,2,2,2,0,0,0,0,4,0,0,0,0,0,0,0,0,0,0,0,0,0,0,0,0,0,0,0,0,0,0,0,0,0,0,0,0,0,0,0,0,0,0,0,0,0,0,0,0,0,0,0,0,0,0,0,0,0,0,0,0,0,0,0,0,0,2,0,0,0,0,0,0,0,0,0,0,0,0,0,0,0,0,0,0,0,0,0,0,0,0,0,0,0,0,0,0,0,0,0,0,0,0,0,0,0,0,0,0,0,0,0,0,0,0,0,0,0,0,0,0,0,1,0,0,0,0,0,0,0,0,0,0,0,0,0,0,0,0,0,0,0,0,0,0,0,0,0,0,0,0,0,0,0,0,0,0,0,0,0,0,0,0,0,0,0,0,0,0,0,0,0,0,0,0,0,0,0,0,0,0,0,0,0,1,0,0,0,0,0,0,0,0,0,0,0,0,0,0,0,0,0,1,0,0,0,0,0,1,0,0,0,0,0,0,0,0,0,0,0,0,0,0,0,0,0,1,0,0,0,0,0,0,0,0,0,0,0,0,0,0,0,0,0,0,12.37
11.734865597839185,11.734865597839185,0.07167404998934579,-1.193609160124346,0.33117904294856126,17.72222222222222,500.5080000000003,472.28400000000033,500.19071385599995,192,0,0.353989336249291,-0.4802855616981408,0.4802855616981408,0.353989336249291,0.6944444444444444,1.0833333333333333,1.4166666666666667,16.376131019675537,9.87098295554066,2.359226192614136,-2.4382586465278737,2.2912565938248814,-2.5471406305231215,5.8519514283229865,-0.14250200209534827,2.827895476579902,1.9155489277045266,993.2220882698159,26.24191172926027,19.486358328864505,19.486358328864505,17.13393804853321,11.438737154835971,11.438737154835971,8.655229838171026,8.655229838171026,6.09061081190035,6.09061081190035,4.661535586474463,4.661535586474463,-3.9000000000000004,67808239.22189493,26.700356034089832,12.178764355271634,7.2975572676441045,206.37384248484307,20.426109579362823,11.387855989696922,0.0,0.0,0.0,23.877221151807397,19.388893829844598,19.55703141003806,0.0,0.0,24.974377382775238,37.107111519698464,25.17319447012107,24.477368801522072,39.60425831565011,23.877221151807397,0.0,19.76777650359537,0.0,50.856480961825106,13.08951281182515,59.173914390163496,0.0,0.0,0.0,0.0,0.0,0.0,89.24430170488667,22.678587179968794,0.0,58.04807283924152,36.39820241076966,0.0,0.0,0.0,181.45999999999995,23.877221151807397,39.60425831565011,0.0,49.650563271643136,24.229499235548943,12.841643245852019,12.13273413692322,34.06528773554739,0.0,9.967957041894417,0.0,0.0,0.0,57.742572712615484,37.69796216968534,0.47396973488867733,-4.536619685477979,8.31879013511145,2.8389322101659764,-0.5356072769889497,0.0,0.4166666666666667,36,4,12,1,0,1,0,0,2,2,2,0,8,4,12,2,12,1,0,1,0,0,9.032704009473198,3,1.6575999999999997,124.52820000000008,2,0,0,0,2,2,0,0,4,4,4,0,0,0,0,4,0,0,0,0,0,0,0,0,0,0,0,0,0,0,0,0,0,0,0,0,0,0,0,0,0,0,0,0,0,0,0,0,0,0,0,0,0,0,0,0,0,0,0,0,0,0,0,0,0,0,0,0,0,0,0,0,0,2,0,0,0,0,0,0,0,0,0,0,0,0,0,0,0,0,0,0,0,0,0,0,0,0,0,0,0,0,0,0,0,0,0,0,0,0,0,0,0,0,0,0,0,0,0,0,0,0,0,0,0,0,0,0,0,1,0,0,0,0,0,0,0,0,0,0,0,0,0,0,0,0,0,0,0,0,0,0,0,0,0,0,0,0,0,0,0,0,0,0,0,0,0,0,0,0,0,0,0,0,0,0,0,0,0,0,0,0,0,0,0,0,0,0,0,0,0,1,0,0,0,0,0,0,0,0,0,0,0,0,0,0,0,0,0,1,0,0,0,0,0,1,0,0,0,0,0,0,0,0,0,0,0,0,0,0,0,0,0,1,0,0,0,0,0,0,0,0,0,0,0,0,0,0,0,0,0,0,20.68
12.36649036879827,12.36649036879827,0.12921672533414919,-1.0041659487641972,0.3238730835307092,18.586206896551722,417.46300000000025,386.21500000000015,417.22234833199997,166,0,0.31720467455830986,-0.48028580497401846,0.48028580497401846,0.31720467455830986,0.6551724137931034,0.9655172413793104,1.2413793103448276,16.3733309670494,10.282290732147258,2.211678438617634,-2.3273466118835615,2.0143291348987953,-2.499984295528819,5.778918688263398,-0.14056163697686447,2.602364195478378,2.950486507659675,502.2415647232905,21.811190308942123,16.74876970459373,16.74876970459373,13.70561635580521,9.457196151079227,9.457196151079227,6.920776033325038,6.920776033325038,4.594511417857224,4.594511417857224,3.09779611689281,3.09779611689281,-2.2800000000000002,1203208.290507819,24.757425149700598,13.03792456837053,10.73235398540922,169.1904802258307,25.536280519378927,0.0,0.0,5.907179729351506,0.0,17.90791586385555,33.87787792883872,0.0,0.0,0.0,0.0,7.04767198267719,52.358051247300594,26.1790256236503,34.4977309208094,23.815095593207054,0.0,24.916427527408242,0.0,0.0,85.5847488536281,0.0,0.0,0.0,5.316788604006331,0.0,0.0,0.0,144.31906555475922,19.178148736287287,0.0,0.0,0.0,0.0,0.0,0.0,153.95999999999998,17.90791586385555,19.178148736287287,0.0,32.08620535300181,52.358051247300594,0.0,0.0,26.647310906079102,0.0,5.316788604006331,15.319582184522117,0.0,0.0,52.43252494337406,30.191870314129513,0.0,-3.149684377745829,0.0,0.0,2.0402570214010503,1.6516987655078732,0.7647058823529411,29,4,12,0,1,1,1,0,0,0,0,0,8,4,12,1,8,0,1,1,0,0,11.130532469271582,1,-2.7921999999999922,102.73410000000005,3,0,0,0,0,0,0,0,3,3,4,1,0,0,0,4,1,0,0,1,0,0,0,0,0,0,0,1,0,0,0,0,0,0,0,0,0,0,0,0,0,0,0,0,0,0,0,0,0,0,0,0,0,0,0,0,0,0,0,0,0,0,0,0,0,0,0,0,0,0,0,0,0,0,0,0,0,0,0,0,0,0,0,0,0,0,0,0,0,0,0,0,0,0,0,0,0,0,0,0,0,0,0,0,0,0,0,0,0,0,0,0,0,0,0,0,0,0,0,0,0,0,0,0,0,0,0,0,0,1,0,0,0,0,0,0,0,0,0,0,0,0,0,0,0,0,0,0,0,0,0,0,0,0,0,0,0,0,0,0,0,0,0,0,0,0,0,0,0,0,0,0,0,0,0,0,0,0,0,0,0,0,0,0,0,0,1,0,0,0,0,1,0,0,0,0,0,0,0,0,0,0,0,0,0,1,0,0,0,1,0,0,0,0,0,1,0,0,0,0,0,0,1,0,0,0,0,0,0,0,0,0,0,1,0,0,0,0,0,0,0,0,0,0,0,0,0,0,0,0,1,0,21.54
10.964791929117325,10.964791929117325,0.11555555555555586,-1.28326646090535,0.44323019731520785,10.0,340.2880000000001,324.1600000000001,340.09066547199996,130,0,0.32261440857842844,-0.4799260172311179,0.4799260172311179,0.32261440857842844,0.625,0.875,1.0833333333333333,16.37883830672178,10.173975894286146,2.2214428237388093,-2.2876381645945836,2.2874877637961246,-2.384527082016958,5.867928742406489,-0.1380540657594479,2.435989513849063,3.304442557058085,527.6804106906933,18.27565640300939,12.454102936359897,12.454102936359897,11.201285058155639,6.664612263057674,6.664612263057674,4.775793167345759,4.775793167345759,2.8675909456400777,2.8675909456400777,2.1045636040880322,2.1045636040880322,-3.3000000000000003,106014.26364271123,18.74830917874396,8.363453483713533,5.830014230413278,135.69363078403572,30.22592904106378,26.1790256236503,0.0,0.0,0.0,23.877221151807397,19.178148736287287,0.0,0.0,0.0,12.13273413692322,12.13273413692322,0.0,11.374772549367124,39.60425831565011,35.25199370117452,0.0,0.0,0.0,0.0,35.97884508535126,24.26546827384644,0.0,0.0,9.799819461700956,11.374772549367124,0.0,0.0,70.48235635482052,19.178148736287287,0.0,0.0,24.26546827384644,0.0,0.0,0.0,155.67999999999998,50.056246775457694,19.178148736287287,0.0,11.374772549367124,0.0,9.799819461700956,24.26546827384644,0.0,0.0,0.0,20.426109579362823,0.0,0.0,45.880399764844206,35.76807235239775,0.2311111111111117,-5.133065843621398,5.819767573696145,0.0,-2.566284958427816,0.0,0.2857142857142857,24,4,10,0,0,0,0,1,0,1,0,0,6,4,10,0,10,0,0,0,0,0,6.533358821446023,1,-0.3621999999999997,81.41120000000004,4,0,0,0,0,0,0,0,4,4,4,0,0,0,0,2,0,0,0,0,0,0,0,0,0,0,0,0,0,2,0,0,0,0,1,0,0,0,0,0,0,0,0,0,0,0,0,0,0,0,0,0,0,0,0,0,0,0,0,0,0,0,0,0,2,0,0,0,0,0,0,0,0,0,0,0,0,0,0,0,0,0,0,0,0,0,0,0,0,0,0,0,0,0,0,0,0,0,0,0,0,0,0,0,0,0,0,0,0,0,0,0,0,0,0,0,0,0,0,0,0,0,0,0,0,0,0,0,0,1,0,0,0,0,0,0,0,0,0,0,0,0,0,0,0,0,0,0,0,0,0,0,0,0,0,0,0,0,0,0,0,0,0,0,0,0,0,0,0,0,0,0,0,0,0,0,0,0,0,0,0,0,0,0,0,0,0,0,0,0,0,1,0,0,0,0,0,0,0,0,0,0,0,0,0,0,0,0,0,1,0,0,0,0,0,1,0,0,0,0,0,0,0,0,0,0,0,0,0,0,0,0,0,1,0,0,0,0,0,0,0,0,0,0,0,0,0,0,0,0,0,0,13.89
10.83131167590493,10.83131167590493,0.4870682161753588,-1.1991489250020997,0.3720114246881119,20.636363636363637,318.2820000000001,300.13800000000003,318.10631553599995,124,0,0.3172281124179665,-0.480285546390126,0.480285546390126,0.3172281124179665,0.6363636363636364,0.8636363636363636,1.0,16.378992402152775,9.830376356512076,2.411609347308782,-2.473384544231928,2.298501449729434,-2.610458864891535,5.733688515274786,-0.15059727915560972,2.2219269447678736,2.8255469587389968,362.9546635134158,16.861442840636293,11.71361596035374,11.71361596035374,10.201285058155639,6.556276092123471,6.556276092123471,5.096965602418007,5.096965602418007,3.493789104000342,3.493789104000342,2.5924271404737627,2.5924271404737627,-2.1999999999999997,27445.241621772773,17.85050505050505,7.707406448941566,5.295867768595041,125.09047388202889,20.426109579362823,0.0,0.0,0.0,0.0,23.877221151807397,28.97796819798824,0.0,0.0,0.0,0.0,12.841643245852019,12.083681658295921,26.1790256236503,39.60425831565011,23.877221151807397,0.0,9.799819461700956,0.0,24.925324904147942,26.1790256236503,0.0,0.0,0.0,0.0,0.0,0.0,0.0,92.3658574748174,19.178148736287287,0.0,12.841643245852019,0.0,0.0,0.0,0.0,155.67999999999998,62.13992843375361,19.178148736287287,0.0,0.0,12.841643245852019,0.0,9.799819461700956,0.0,0.0,0.0,20.426109579362823,0.0,0.0,45.76083060384647,35.37828399260939,0.0,-4.796595700008397,-0.9890740740740753,0.9741364323507178,-1.994247921390778,0.0,0.6666666666666666,22,4,10,1,0,1,0,0,0,0,2,0,6,4,10,0,10,1,0,1,0,0,6.253686261051209,1,-1.5401999999999965,70.49920000000003,4,0,0,0,0,0,0,0,4,4,4,0,0,0,0,2,0,0,0,0,0,0,0,0,0,0,0,0,0,0,0,0,0,0,0,0,0,0,0,0,0,0,0,0,0,0,0,0,0,0,0,0,0,0,0,0,0,0,0,0,0,0,0,0,0,0,0,0,0,0,0,0,0,0,0,0,0,0,0,0,0,0,0,0,0,0,0,0,0,0,0,0,0,0,0,0,0,0,0,0,0,0,0,0,0,0,0,0,0,0,0,0,0,0,0,0,0,0,0,0,0,0,0,0,0,0,0,0,0,1,0,0,0,0,0,0,0,0,0,0,0,0,0,0,0,0,0,0,0,0,0,0,0,0,0,0,0,0,0,0,0,0,0,0,0,0,0,0,0,0,0,0,0,0,0,0,0,0,0,0,0,0,0,0,0,0,0,0,0,0,0,1,0,0,0,0,0,0,0,0,0,0,0,0,0,0,0,0,0,1,0,0,0,0,0,1,0,0,0,0,0,0,0,0,0,0,0,0,0,0,0,0,0,1,0,0,0,0,0,0,0,0,0,0,0,0,0,0,0,0,0,0,14.73
10.969626324801931,10.969626324801931,0.04034119819904736,-1.0353305983764052,0.5088750446181673,11.172413793103448,402.4510000000002,376.24300000000017,402.19031993199997,156,0,0.3539893362258237,-0.47650931457051726,0.47650931457051726,0.3539893362258237,0.8275862068965517,1.2413793103448276,1.6206896551724137,16.474790708641727,10.260235529824463,2.084739436448467,-2.1831589367002078,2.0402279194624664,-2.266378378186573,5.85130992256048,0.0679076603270935,2.676672750361415,1.6455755617066647,727.6905390647506,21.225403871315223,16.61476874664838,16.61476874664838,13.846244348298507,9.18171825411976,9.18171825411976,6.726572997793076,6.726572997793076,4.150286130927186,4.150286130927186,2.6275504800539906,2.6275504800539906,-2.88,2153883.765470076,22.409546732102925,11.201566428626618,7.941253917546066,169.12193870581325,14.94991774348146,11.387855989696922,0.0,0.0,0.0,11.938610575903699,9.799819461700956,19.55703141003806,0.0,0.0,12.13273413692322,38.36081223920082,26.1790256236503,24.601619918722758,24.538992111625106,11.938610575903699,0.0,19.76777650359537,0.0,13.08951281182515,40.398620706205364,59.173914390163496,0.0,0.0,0.0,0.0,0.0,0.0,82.31806257538587,17.8263757656252,0.0,32.36478634753749,36.39820241076966,0.0,0.0,0.0,116.09,11.938610575903699,9.589074368143644,0.0,11.387855989696922,50.78064554237305,0.0,12.13273413692322,24.26546827384644,23.895163427055337,9.967957041894417,14.94991774348146,5.661900142773159,0.0,34.17582223857213,17.97902615920909,1.4755427903511327,-2.07066119675281,9.912695237594278,0.0,3.5210047494551877,3.844669878797834,0.4,29,2,9,0,0,0,0,0,2,2,0,0,7,2,9,2,12,0,0,0,0,0,8.65593194327805,2,1.4533999999999985,105.87960000000008,0,0,0,0,2,2,0,0,2,2,2,0,0,0,0,4,0,0,0,2,0,0,0,0,0,0,0,0,0,0,0,0,0,0,0,0,0,0,0,0,0,1,0,0,0,0,0,0,0,0,0,0,0,0,0,0,0,0,0,0,0,0,0,0,0,0,0,0,0,0,0,0,0,2,0,0,0,0,0,0,0,0,0,0,0,0,0,0,0,0,0,0,0,0,0,0,0,0,0,0,0,0,0,0,0,0,0,0,0,0,0,0,0,0,0,0,0,0,0,0,0,0,0,0,0,0,0,0,0,1,0,0,0,0,0,0,0,0,0,0,0,0,0,0,0,0,0,0,0,0,0,0,0,0,0,0,0,0,0,0,0,0,0,0,0,0,0,0,0,0,0,0,0,0,0,0,0,0,0,0,0,0,0,0,0,0,0,0,0,0,0,0,0,0,0,0,0,0,0,0,0,0,0,0,0,0,0,0,0,1,0,0,0,0,0,1,0,0,0,0,0,0,0,0,0,0,0,0,0,0,0,0,0,0,0,0,0,0,0,0,0,0,0,0,0,0,0,0,0,0,0,0,12.02
12.010989425347638,12.010989425347638,0.10898941096181347,-1.1241391181993297,0.1508217523204797,11.424242424242424,475.5430000000003,438.2470000000003,475.2642131439999,190,0,0.31721724854779737,-0.48028580497400253,0.48028580497400253,0.31721724854779737,0.5454545454545454,0.8181818181818182,1.0909090909090908,16.37348142638401,10.301721245937117,2.1966111490454967,-2.278115241173613,1.9765173649055399,-2.476352038070716,5.794096837256116,-0.14059473802298073,2.601623653317031,5.0885671258362475,578.4237512704517,25.551677284948283,19.74318459437724,19.74318459437724,15.276672458625049,10.692009312475632,10.692009312475632,8.323102297235211,8.323102297235211,4.175265126984897,4.175265126984897,2.978913777838996,2.978913777838996,-2.7700000000000005,3891310.937233963,30.23,15.938299211054371,17.462194115648444,193.2426883359982,25.95315939253478,0.0,0.0,11.814359458703011,0.0,17.90791586385555,38.67241511291054,0.0,0.0,0.0,0.0,27.694948798762496,38.26270728194622,32.72378202956288,39.292268104881224,29.72227532255856,0.0,25.333306400564094,0.0,39.77863045705841,58.902807653213166,0.0,0.0,0.0,10.633577208012662,0.0,0.0,0.0,130.72807601114124,23.97268592035911,0.0,27.694948798762496,0.0,0.0,0.0,0.0,179.82,30.997428675680702,29.079213315199816,0.0,69.71133595838695,0.0,0.0,14.699729192551434,27.694948798762496,0.0,10.633577208012662,10.213054789681411,0.0,0.0,61.87652459984669,32.78731222837506,0.0,-4.05444818452741,-0.2207386343589035,0.0,6.111349990664566,0.0,0.75,33,5,13,0,0,0,2,0,0,0,0,0,8,5,13,0,18,0,0,0,0,0,14.600448034853747,0,-1.80459999999999,118.7848000000001,3,0,0,0,0,0,0,0,3,3,5,2,0,0,0,3,2,0,0,0,0,0,0,0,0,0,0,2,0,0,0,0,0,0,0,0,0,0,0,0,0,0,0,0,0,0,0,0,0,0,0,0,0,0,0,0,0,0,0,0,0,0,0,0,0,0,0,0,0,0,0,0,0,0,0,0,0,0,0,0,0,0,0,0,0,0,0,0,0,0,0,0,0,0,0,0,0,0,0,0,0,0,0,0,0,0,0,0,0,0,0,0,0,0,0,0,0,0,0,0,0,0,0,0,0,0,0,0,0,1,0,0,0,0,0,0,0,0,0,0,0,0,0,0,0,0,0,0,0,0,0,0,0,0,0,0,0,0,0,0,0,0,0,0,0,0,0,0,0,0,0,0,0,0,0,0,0,0,0,0,0,0,0,0,0,0,0,0,0,0,0,1,0,0,0,0,0,0,0,0,0,0,0,0,0,0,0,0,0,1,0,0,0,0,0,1,0,0,0,0,0,0,0,0,0,0,0,0,0,0,0,0,0,1,0,0,0,0,0,0,0,0,0,0,0,0,0,0,0,0,0,0,17.07
11.21531135333838,11.21531135333838,0.022188008612325838,-1.0508987261040057,0.607988656314389,17.82857142857143,488.5410000000002,456.28500000000025,488.22709936399997,190,0,0.3539893362337702,-0.4765093145705068,0.4765093145705068,0.3539893362337702,0.6571428571428571,1.0285714285714285,1.4,16.522343605559023,10.250544042743524,2.1281920408624533,-2.2305970019976744,2.0662385156296823,-2.3289923098763756,5.851369326736303,0.030863571110774018,2.8520155526361295,1.556735304636962,841.6404836311344,24.882258120807595,19.673906014695387,19.673906014695387,17.00804039084698,11.574447133532772,11.574447133532772,8.028047591617186,8.028047591617186,5.4023926535688975,5.4023926535688975,3.5701739327025606,3.5701739327025606,-2.9600000000000004,61224440.3256529,26.641386907778365,14.441986964208079,9.665856891257892,203.80296646888422,24.42364365108156,11.387855989696922,0.0,0.0,0.0,11.938610575903699,9.799819461700956,19.55703141003806,0.0,0.0,12.13273413692322,24.26546827384644,39.26853843547545,51.02914777677442,34.012718019225204,11.938610575903699,0.0,19.76777650359537,0.0,13.08951281182515,65.8203174107278,59.173914390163496,0.0,0.0,0.0,0.0,0.0,0.0,107.7397592799083,27.3001016732253,0.0,32.36478634753749,36.39820241076966,0.0,0.0,0.0,134.55,11.938610575903699,19.802129157825057,0.0,11.387855989696922,90.29768621224989,0.0,12.13273413692322,12.13273413692322,12.13273413692322,19.76777650359537,14.210588861400147,17.268456840701262,0.0,35.08850175308273,18.373248642589292,1.3932947907023392,-2.101797452208011,9.954761825954364,0.0,6.523533599178024,0.0,0.5,35,2,11,0,1,1,0,0,2,2,0,0,9,2,11,3,6,0,1,1,0,0,10.99298749801597,3,1.2406000000000006,125.40360000000008,0,0,0,0,2,2,0,0,2,2,2,0,0,0,0,4,0,0,0,0,0,0,0,0,0,0,0,0,0,0,0,0,0,0,0,0,0,0,0,0,0,3,0,0,0,0,0,0,0,0,0,0,0,0,0,0,0,0,0,0,0,0,0,0,0,0,0,0,0,0,0,0,0,2,0,0,0,0,0,0,0,0,0,0,0,0,0,0,0,0,0,0,0,0,0,0,0,0,0,0,0,0,0,0,0,0,0,0,0,0,0,0,0,0,0,0,0,0,0,0,0,0,0,0,0,0,0,0,0,1,0,0,0,0,0,0,0,0,0,0,0,0,0,0,0,0,0,0,0,0,0,0,0,0,0,0,0,0,0,0,0,0,0,0,0,0,0,0,0,0,0,0,0,0,0,0,0,0,0,0,0,0,0,0,0,0,0,0,0,0,0,1,0,0,0,0,0,0,0,0,0,0,0,0,0,1,0,0,0,1,0,0,0,0,0,1,0,0,0,0,0,0,1,0,0,0,0,0,0,0,0,0,0,1,0,0,0,0,0,0,0,0,0,0,0,0,0,0,0,0,1,0,11.41
12.294991551624848,12.294991551624848,0.21278322829233698,-1.4155149585314561,0.07178666839048317,18.666666666666668,692.6720000000004,648.3200000000004,692.2752313279999,272,0,0.3204336804493144,-0.48122948911598223,0.48122948911598223,0.3204336804493144,0.3333333333333333,0.4791666666666667,0.5833333333333334,16.39017113354324,10.060620529763407,2.349246956954148,-2.394158707319546,2.1749894312080293,-2.5606240476661526,5.768042183647549,-0.14946499594384755,2.9517539971222697,3.69738412113131,912.8599648801644,36.55131280601877,26.255659045453655,26.255659045453655,22.43624362112249,15.186372493586427,15.186372493586427,11.289671546670585,11.289671546670585,8.12759945257944,8.12759945257944,5.611187855974047,5.611187855974047,-4.400000000000001,5685408842.133233,41.622935779816515,20.7540921580109,15.005553026854804,274.2722384617404,40.85221915872564,24.167363316591842,0.0,0.0,0.0,47.75444230361479,57.95593639597648,0.0,0.0,0.0,0.0,25.683286491704038,78.04133773900463,0.0,79.20851663130023,47.75444230361479,0.0,19.599638923401912,0.0,75.53393629999992,52.358051247300594,0.0,0.0,0.0,0.0,0.0,0.0,0.0,184.73171494963475,38.356297472574575,0.0,51.36657298340809,0.0,0.0,0.0,0.0,311.35999999999996,97.60509211191068,79.20851663130023,0.0,78.04133773900463,0.0,0.0,19.599638923401912,0.0,0.0,0.0,0.0,0.0,0.0,99.67567296767655,76.77632615936703,0.0,-10.75656205547155,-5.662059834125824,-3.664444744440859,-1.7022658263386976,0.0,0.7142857142857143,48,8,20,0,1,1,0,0,0,0,4,0,12,8,20,1,20,0,1,1,0,4,17.996796772110024,1,-1.5199999999999871,159.46639999999994,8,0,0,0,0,0,0,0,8,8,8,0,0,0,0,4,0,0,0,0,0,0,0,0,0,0,0,0,0,0,0,0,0,0,0,0,0,0,0,0,0,0,0,0,0,0,0,0,0,0,0,0,0,0,0,0,0,0,0,0,0,0,0,0,0,0,0,0,0,0,0,0,0,0,0,0,0,0,0,0,0,0,0,0,0,0,0,0,0,0,0,0,0,0,0,0,0,0,0,0,0,0,0,0,0,0,0,0,0,0,0,0,0,0,0,0,0,0,0,0,0,0,0,0,0,0,0,0,0,1,0,0,0,0,0,0,0,0,0,0,0,0,0,0,0,0,0,0,0,0,0,0,0,0,0,0,0,0,0,0,0,0,0,0,0,0,0,0,0,0,0,0,0,0,0,0,0,0,0,0,0,0,0,0,0,0,1,0,0,0,0,1,0,0,0,0,0,0,0,0,0,0,0,0,0,1,0,0,0,1,0,0,0,0,0,1,0,0,0,0,0,0,1,0,0,0,0,0,0,0,0,0,0,1,0,0,0,0,0,0,0,0,0,0,0,0,0,0,0,0,1,0,24.03
10.943556573864115,10.943556573864115,0.4870682161753588,-1.19451929537247,0.38499565836022454,20.782608695652176,332.3090000000001,312.14900000000006,332.12196559999995,130,0,0.3172281123875151,-0.48028554639016485,0.48028554639016485,0.3172281123875151,0.6521739130434783,0.9130434782608695,1.1304347826086956,16.378980002477178,10.081963848245593,2.3818672247429196,-2.358107346631634,2.2813401632290704,-2.53386522382905,5.732987341851143,-0.14739285819364986,2.831603481834602,2.9546657159746923,376.6587689043804,17.568549621822843,12.420722741540288,12.420722741540288,10.701285058155639,7.056276092123471,7.056276092123471,5.45051899301128,5.45051899301128,3.7353707277975383,3.7353707277975383,3.048519112130955,3.048519112130955,-2.1999999999999997,79194.28617995014,18.848076923076924,8.437152777777778,6.203702385190461,131.4554159964255,20.426109579362823,0.0,0.0,0.0,0.0,23.877221151807397,28.97796819798824,0.0,0.0,0.0,6.4208216229260096,12.841643245852019,12.083681658295921,26.1790256236503,39.60425831565011,23.877221151807397,0.0,9.799819461700956,0.0,31.34614652707395,26.1790256236503,0.0,0.0,0.0,0.0,0.0,0.0,0.0,92.3658574748174,19.178148736287287,0.0,19.26246486877803,0.0,0.0,0.0,0.0,155.67999999999998,62.13992843375361,19.178148736287287,0.0,0.0,19.26246486877803,0.0,9.799819461700956,0.0,0.0,0.0,20.426109579362823,0.0,0.0,46.27231019568321,35.7456309313849,0.0,-4.778077181489878,-1.0261111111111125,1.6138284202569912,-1.994247921390778,0.0,0.6923076923076923,23,4,10,1,0,1,0,0,0,0,2,0,6,4,10,0,10,1,0,1,0,2,6.914091502926421,1,-1.1500999999999963,75.11620000000003,4,0,0,0,0,0,0,0,4,4,4,0,0,0,0,2,0,0,0,0,0,0,0,0,0,0,0,0,0,0,0,0,0,0,0,0,0,0,0,0,0,0,0,0,0,0,0,0,0,0,0,0,0,0,0,0,0,0,0,0,0,0,0,0,0,0,0,0,0,0,0,0,0,0,0,0,0,0,0,0,0,0,0,0,0,0,0,0,0,0,0,0,0,0,0,0,0,0,0,0,0,0,0,0,0,0,0,0,0,0,0,0,0,0,0,0,0,0,0,0,0,0,0,0,0,0,0,0,0,1,0,0,0,0,0,0,0,0,0,0,0,0,0,0,0,0,0,0,0,0,0,0,0,0,0,0,0,0,0,0,0,0,0,0,0,0,0,0,0,0,0,0,0,0,0,0,0,0,0,0,0,0,0,0,0,0,0,0,0,0,0,1,0,0,0,0,0,0,0,0,0,0,0,0,0,0,0,0,0,1,0,0,0,0,0,1,0,0,0,0,0,0,0,0,0,0,0,0,0,0,0,0,0,1,0,0,0,0,0,0,0,0,0,0,0,0,0,0,0,0,0,0,18.24
11.60402580681427,11.60402580681427,0.22777061352548378,-0.9876277258839845,0.41813103995657935,15.692307692307692,534.5730000000002,504.33300000000037,534.22268268,204,0,0.31722641818336755,-0.4802855530661234,0.4802855530661234,0.31722641818336755,0.48717948717948717,0.6923076923076923,0.8717948717948718,16.373152148091034,10.187427854466435,2.1823423915073046,-2.23480176882354,2.1455384145240015,-2.319609762275159,5.693479255252795,-0.13917804823418234,2.8275134501251205,1.7248261088720909,1064.422827149548,27.777445635193,21.30978068427677,21.30978068427677,18.711550329053647,12.384914832505483,12.384914832505483,9.477487060993816,9.477487060993816,5.983539637155367,5.983539637155367,4.567694364502785,4.567694364502785,-4.26,346848453.8218803,27.766182827361167,13.00235973613734,8.917141799382534,224.72477826102403,15.319582184522117,0.0,0.0,0.0,0.0,17.90791586385555,44.03527630760853,0.0,0.0,0.0,18.19910120538483,36.39820241076966,39.26853843547545,53.79783718682848,29.703193736737582,17.90791586385555,0.0,29.651664755393057,0.0,39.26853843547545,19.634269217737724,88.76087158524527,0.0,0.0,0.0,0.0,0.0,0.0,82.51343202150844,53.65214998769091,0.0,34.163567969090764,54.59730361615449,0.0,0.0,0.0,160.28999999999996,17.90791586385555,29.703193736737582,0.0,58.902807653213166,34.163567969090764,0.0,0.0,51.097931603321086,18.19910120538483,14.951935562841626,0.0,0.0,0.0,53.97793672729695,28.505291281913408,3.8836204018644507,-2.9628831776519515,16.28102392064097,0.0,0.8150108459361682,0.0,0.3333333333333333,39,3,12,0,1,1,0,0,3,3,0,6,9,3,12,4,6,0,0,0,0,0,9.257074297966893,4,1.4454000000000002,137.96039999999996,3,0,0,0,0,3,0,0,3,3,3,0,0,0,0,6,0,0,0,0,0,0,0,0,0,0,0,0,0,0,0,0,0,0,0,0,6,0,0,0,0,0,0,0,0,0,0,0,0,0,0,0,0,0,0,0,0,0,0,0,0,0,0,0,0,0,0,0,0,0,0,0,0,3,0,0,0,0,0,0,0,0,0,0,0,0,0,0,0,0,0,0,0,0,0,0,0,0,0,0,0,0,0,0,0,0,0,0,0,0,0,0,0,0,0,0,0,0,0,0,0,0,0,0,0,0,0,0,0,1,0,0,0,0,0,0,0,0,0,0,0,0,0,0,0,0,0,0,0,0,0,0,0,0,0,0,0,0,0,0,0,0,0,0,0,0,0,0,0,0,0,0,0,0,0,0,0,0,0,0,0,0,0,0,0,0,0,0,0,0,0,1,0,0,0,0,0,0,0,0,0,0,0,0,0,1,0,0,0,1,0,0,0,0,0,1,0,0,0,0,0,0,1,0,0,0,0,0,0,0,0,0,0,1,0,0,0,0,0,0,0,0,0,0,0,0,0,0,0,0,1,0,18.3
11.23522628833516,11.23522628833516,0.24679888432007835,-1.2177671561176255,0.19028821029733145,21.0,450.4890000000003,416.2170000000002,450.2325786679999,180,0,0.31720436546192304,-0.48028580497401885,0.48028580497401885,0.31720436546192304,0.6129032258064516,0.9354838709677419,1.1935483870967742,16.374161853502848,10.114787511481518,2.2704630060892517,-2.369678244572647,2.077944296011547,-2.5385103946492995,5.694584283970308,-0.14040536633964756,2.6802737627698403,3.0517483510415433,506.2415647232905,23.388540578131746,17.54396952019554,17.54396952019554,14.654304760788955,10.121041652699825,10.121041652699825,7.545471670996271,7.545471670996271,5.235681918081011,5.235681918081011,3.5346557142662367,3.5346557142662367,-1.87,3118123.2846559216,27.16432887058016,14.240843347970543,10.820956055958945,180.22673931316356,30.63916436904423,0.0,0.0,0.0,0.0,17.90791586385555,33.983250475617375,0.0,0.0,0.0,0.0,0.0,52.358051247300594,44.99384036365982,45.022775921259694,17.90791586385555,0.0,19.599638923401912,0.0,12.145807216896262,85.20608439406416,0.0,0.0,0.0,0.0,0.0,0.0,0.0,165.49861076726216,14.383611552215466,0.0,0.0,0.0,0.0,0.0,0.0,185.54999999999998,43.267487009777646,39.91624852641899,0.0,71.99232046503832,0.0,0.0,0.0,19.599638923401912,0.0,0.0,5.106527394840706,0.0,0.0,40.268042711609944,56.62132807944975,0.0,-3.1046819276869773,-0.7964763365809537,-1.2177671561176255,0.396221295992532,0.0,0.8333333333333334,31,6,13,0,1,1,0,0,0,0,2,0,10,6,13,1,10,0,1,1,0,2,12.478804906409215,1,-3.82409999999999,107.76680000000006,3,3,3,0,0,0,0,0,3,3,3,0,0,0,0,4,0,0,0,0,0,0,0,0,0,0,0,0,0,0,0,0,0,0,0,0,0,0,0,0,0,0,0,0,0,0,0,0,0,0,0,0,0,0,0,0,0,0,0,0,0,0,0,0,0,0,0,0,0,0,0,0,0,0,0,0,0,0,0,0,0,0,0,0,0,0,0,0,0,0,0,0,0,0,0,0,0,0,0,0,0,0,0,0,0,0,0,0,0,0,0,0,0,0,0,0,0,0,0,0,0,0,0,0,0,0,0,0,0,1,0,0,0,0,0,0,0,0,0,0,0,0,0,0,0,0,0,0,0,0,0,0,0,0,0,0,0,0,0,0,0,0,0,0,0,0,0,0,0,0,0,0,0,0,0,0,0,0,0,0,0,0,0,0,0,0,1,0,0,0,0,1,0,0,0,0,0,0,0,0,0,0,0,0,0,1,0,0,0,1,0,0,0,0,0,1,0,0,0,0,0,0,1,0,0,0,0,0,0,0,0,0,0,1,0,0,0,0,0,0,0,0,0,0,0,0,0,0,0,0,1,0,18.7
12.021255919144732,12.021255919144732,0.09872094671201803,-1.1222982422486394,0.20397349722242436,21.097560975609756,581.6230000000005,542.3110000000004,581.2696924479999,228,0,0.32012735643549434,-0.48028568766553786,0.48028568766553786,0.32012735643549434,0.7804878048780488,1.1951219512195121,1.6097560975609757,16.62841778364179,10.01856844396182,2.321058895803949,-2.401530637325271,2.1817407328393066,-2.5644907668494255,5.7357635552560335,-0.3844504498066148,2.8995248380180145,2.5391720150041226,1032.3015498511897,30.85264219326951,23.457175286478734,23.457175286478734,19.204192813553615,13.305343406984587,13.305343406984587,10.255226104653246,10.255226104653246,7.657110540118246,7.657110540118246,4.850590491810994,4.850590491810994,-3.6600000000000006,373722876.2608676,33.545938192963106,15.370172624578217,10.037538968540995,237.2397480661723,20.426109579362823,18.12552248744388,0.0,0.0,5.687386274683562,23.877221151807397,48.89210592845477,0.0,0.0,0.0,12.13273413692322,32.75548471369488,63.9878698074592,11.468067454730246,44.52756936446777,29.56460742649096,0.0,19.599638923401912,0.0,51.35939653858972,52.358051247300594,39.94323803430901,0.0,0.0,0.0,5.687386274683562,0.0,0.0,145.35169526728222,25.598970359213293,10.114318268765572,26.334663090768867,24.26546827384644,0.0,0.0,0.0,205.29999999999995,59.512651923129475,49.71857658441568,0.0,57.92150273899759,5.563451491696996,0.0,32.903945735995094,31.73237306032513,0.0,0.0,0.0,0.0,0.0,64.799736532595,49.99415435249239,0.559998608647009,-4.376653077836824,2.4140546982655904,0.23396870013437487,5.2080735190357865,0.0,0.6153846153846154,41,4,15,0,1,1,0,1,0,1,4,0,10,4,15,1,11,0,1,1,0,0,12.57577709461645,2,0.23140000000000704,145.80959999999996,4,0,0,0,0,0,0,0,4,4,4,0,0,0,0,5,0,0,0,0,0,0,0,0,0,0,0,0,0,0,0,0,0,0,1,0,0,0,0,0,0,0,0,0,0,0,0,0,0,0,0,0,0,0,0,0,0,0,1,1,1,0,0,0,0,0,0,0,0,0,0,0,0,0,0,0,0,0,0,0,0,0,0,0,0,0,0,0,0,0,0,0,0,0,0,0,0,0,0,0,0,0,0,0,0,0,0,0,0,0,0,0,0,0,0,0,0,0,0,0,0,0,0,0,0,0,0,0,0,1,0,0,0,0,0,0,0,0,0,0,0,0,0,0,0,0,0,0,0,0,0,0,0,0,0,0,0,0,0,0,0,0,0,0,0,0,0,0,0,0,0,0,0,0,0,0,0,0,0,0,0,0,0,0,0,0,1,0,0,0,0,1,0,0,0,0,0,0,0,0,0,0,0,0,0,1,0,0,0,1,0,0,0,0,0,1,0,0,0,0,0,0,1,0,0,0,0,0,0,0,0,0,0,1,0,0,0,0,0,0,0,0,0,0,0,0,0,0,0,0,1,0,21.53
12.699236276685149,12.699236276685149,0.06391003336954948,-1.4250611368113322,0.07158347557919043,13.092592592592593,753.8020000000004,706.4260000000002,753.310888564,292,0,0.3228487199630445,-0.480285557892341,0.480285557892341,0.3228487199630445,0.42592592592592593,0.6851851851851852,0.9444444444444444,16.48628122534541,10.166443796197603,2.3317551854405085,-2.349305188122526,2.1206032122432728,-2.54795316339685,5.7637351443990505,-0.15148877625834334,3.134963983317984,1.831503951450426,1451.7910193125429,39.296107204251165,29.721281307362403,29.721281307362403,25.93846850117352,17.133256823532214,17.133256823532214,12.328684700060508,12.328684700060508,8.364874957912082,8.364874957912082,5.561482773355493,5.561482773355493,-5.2299999999999995,369407177029.89526,43.17664683705484,23.438360439401905,15.79092256355649,312.2433497798867,39.743225835603674,18.12552248744388,0.0,0.0,0.0,29.846526439759245,38.67241511291054,0.0,0.0,0.0,90.99550602692418,16.690354475090988,26.1790256236503,52.73080459890265,63.71591175596278,29.846526439759245,0.0,14.699729192551434,0.0,37.946168380982634,59.089184329014195,107.68586050201517,0.0,0.0,0.0,0.0,0.0,0.0,147.29359942297233,58.003920675298005,0.0,16.690354475090988,90.99550602692418,0.0,0.0,0.0,223.90999999999994,61.06156173902827,49.50532289456263,0.0,65.8203174107278,0.0,26.49017393679194,4.899909730850478,72.79640482153933,18.19910120538483,0.0,14.210588861400147,17.053489271089557,0.0,64.9231991483669,49.88923276238682,2.3147731632686743,-6.692878512812738,22.65219580443972,0.0,-3.3066783034056058,0.0,0.39473684210526316,54,5,16,0,0,0,0,3,0,3,3,0,11,5,16,0,28,0,0,0,0,3,18.740552057993582,3,2.071600000000011,192.5559999999995,5,0,0,0,0,0,0,0,5,5,5,0,0,0,0,3,0,0,0,0,0,0,0,0,0,0,0,0,0,0,0,0,0,0,3,0,0,0,0,0,0,3,0,0,0,0,0,0,0,0,0,0,0,0,0,0,0,0,0,0,0,0,0,0,0,0,0,0,0,0,0,0,0,0,0,0,0,0,0,0,0,0,0,0,0,0,0,0,0,0,0,0,0,0,0,0,0,0,0,0,0,0,0,0,0,0,0,0,0,0,0,0,0,0,0,0,0,0,0,0,0,0,0,0,0,0,0,0,0,1,0,0,0,0,0,0,0,0,0,0,0,0,0,0,0,0,0,0,0,0,0,0,0,0,0,0,0,0,0,0,0,0,0,0,0,0,0,0,0,0,0,0,0,0,0,0,0,0,0,0,0,0,0,0,0,0,0,0,0,0,0,1,0,0,0,0,0,0,0,0,0,0,0,0,0,0,0,0,0,1,0,0,0,0,0,1,0,0,0,0,0,0,0,0,0,0,0,0,0,0,0,0,0,1,0,0,0,0,0,0,0,0,0,0,0,0,0,0,0,0,0,0,22.18
12.098182345469052,12.098182345469052,0.07482064967860413,-1.1473357846224916,0.2879661859789376,19.448275862068964,417.41900000000027,390.2030000000002,417.185962824,164,0,0.317217248550648,-0.480285801532315,0.480285801532315,0.317217248550648,0.6551724137931034,1.0,1.3448275862068966,16.373414733866994,10.335251896939777,2.195096192295925,-2.2456168909727596,1.9560826626765446,-2.4619808550211095,5.794209337560201,-0.1408055648995781,2.569507728465703,2.878968944347682,528.8457306866737,21.811190308942123,16.00269761837109,16.00269761837109,13.650774800938818,9.012364747714052,9.012364747714052,6.57857947647517,6.57857947647517,4.043883947412967,4.043883947412967,2.7795067532668893,2.7795067532668893,-2.7700000000000005,1094749.0457437267,24.268124285169655,12.641839740600973,11.619886121184145,166.77708872488253,25.95315939253478,0.0,0.0,11.814359458703011,0.0,17.90791586385555,38.67241511291054,0.0,0.0,0.0,0.0,0.0,39.26853843547545,32.72378202956288,39.292268104881224,29.72227532255856,0.0,25.333306400564094,0.0,0.0,71.99232046503832,0.0,0.0,0.0,10.633577208012662,0.0,0.0,0.0,131.73390716467048,23.97268592035911,0.0,0.0,0.0,0.0,0.0,0.0,179.82,42.81178813438371,23.97268592035911,0.0,58.902807653213166,0.0,0.0,14.699729192551434,0.0,0.0,10.633577208012662,15.319582184522117,0.0,0.0,61.4521387282674,32.238155971721575,0.0,-4.219114229024945,0.0,0.0,-0.6378471376306876,0.0,0.6875,29,5,13,0,1,1,2,0,0,0,0,0,8,5,13,1,6,0,1,1,0,0,10.579094414417288,1,-3.607799999999993,98.24680000000005,3,0,0,0,0,0,0,0,3,3,5,2,0,0,0,3,2,0,0,0,0,0,0,0,0,0,0,2,0,0,0,0,0,0,0,0,0,0,0,0,0,0,0,0,0,0,0,0,0,0,0,0,0,0,0,0,0,0,0,0,0,0,0,0,0,0,0,0,0,0,0,0,0,0,0,0,0,0,0,0,0,0,0,0,0,0,0,0,0,0,0,0,0,0,0,0,0,0,0,0,0,0,0,0,0,0,0,0,0,0,0,0,0,0,0,0,0,0,0,0,0,0,0,0,0,0,0,0,0,1,0,0,0,0,0,0,0,0,0,0,0,0,0,0,0,0,0,0,0,0,0,0,0,0,0,0,0,0,0,0,0,0,0,0,0,0,0,0,0,0,0,0,0,0,0,0,0,0,0,0,0,0,0,0,0,0,0,0,0,0,0,1,0,0,0,0,0,0,0,0,0,0,0,0,0,1,0,0,0,1,0,0,0,0,0,1,0,0,0,0,0,0,1,0,0,0,0,0,0,0,0,0,0,1,0,0,0,0,0,0,0,0,0,0,0,0,0,0,0,0,1,0,15.3
10.797504986562526,10.797504986562526,0.11128132814956415,-0.9752080708826736,0.39130766180104615,11.285714285714286,305.331,282.147,305.158685456,122,0,0.31720436544949054,-0.48028593080164744,0.48028593080164744,0.31720436544949054,0.6666666666666666,1.0,1.2857142857142858,16.373117219976326,10.360171269315405,2.131386440278546,-2.249221790566538,1.9317288553455558,-2.4168605101664435,5.693705766124683,-0.13990669364810782,2.29931784598771,4.220025965980555,307.94747320502313,16.41384908344359,12.357773912697173,12.357773912697173,9.701285058155639,6.451874553843336,6.451874553843336,4.932929522512476,4.932929522512476,2.7651194567336024,2.7651194567336024,1.7053902205497014,1.7053902205497014,-1.71,18054.2437266955,19.290000000000003,10.08009708455063,11.789402090097724,122.90038285352172,15.319582184522117,0.0,0.0,0.0,0.0,17.90791586385555,29.083340744766897,0.0,0.0,0.0,0.0,14.09534396535438,26.1790256236503,19.634269217737724,29.703193736737582,17.90791586385555,0.0,14.699729192551434,0.0,0.0,59.908638806742395,0.0,0.0,0.0,0.0,0.0,0.0,0.0,107.83586604767153,14.383611552215466,0.0,0.0,0.0,0.0,0.0,0.0,121.62,17.90791586385555,14.383611552215466,0.0,19.634269217737724,26.1790256236503,0.0,0.0,28.795073157905815,0.0,0.0,15.319582184522117,0.0,0.0,36.6887648336974,26.134021892997158,0.0,-2.857659727471235,0.0,0.0,1.2499129357895589,3.2849600649871213,0.75,21,3,9,0,0,0,0,0,0,0,0,0,6,3,9,0,12,0,0,0,0,0,9.259289179094365,0,-1.5941999999999947,74.34140000000005,3,0,0,0,0,0,0,0,3,3,3,0,0,0,0,3,0,0,0,2,0,0,0,0,0,0,0,0,0,0,0,0,0,0,0,0,0,0,0,0,0,0,0,0,0,0,0,0,0,0,0,0,0,0,0,0,0,0,0,0,0,0,0,0,0,0,0,0,0,0,0,0,0,0,0,0,0,0,0,0,0,0,0,0,0,0,0,0,0,0,0,0,0,0,0,0,0,0,0,0,0,0,0,0,0,0,0,0,0,0,0,0,0,0,0,0,0,0,0,0,0,0,0,0,0,0,0,0,0,1,0,0,0,0,0,0,0,0,0,0,0,0,0,0,0,0,0,0,0,0,0,0,0,0,0,0,0,0,0,0,0,0,0,0,0,0,0,0,0,0,0,0,0,0,0,0,0,0,0,0,0,0,0,0,0,0,0,0,0,0,0,1,0,0,0,0,0,0,0,0,0,0,0,0,0,0,0,0,0,1,0,0,0,0,0,1,0,0,0,0,0,0,0,0,0,0,0,0,0,0,0,0,0,1,0,0,0,0,0,0,0,0,0,0,0,0,0,0,0,0,0,0,13.12
11.72999161731901,11.72999161731901,0.10632245232228565,-1.1175961424004346,0.1979756091914878,19.210526315789473,539.5420000000001,506.2780000000004,539.222742256,210,0,0.31721431975619224,-0.4802858049740185,0.4802858049740185,0.31721431975619224,0.7105263157894737,1.131578947368421,1.5789473684210527,16.628408033918383,10.026137865877697,2.2722913123576,-2.3727536275551486,2.166040645263651,-2.531062759310612,5.700011332554641,-0.38445042564088067,2.804393543029632,2.4069575027980594,938.7553347455761,28.241911729260263,20.846444822469493,20.846444822469493,17.921631748767915,11.942013996220119,11.942013996220119,9.114345643224842,9.114345643224842,6.187136153748522,6.187136153748522,4.381595033438702,4.381595033438702,-3.66,95219166.86201754,30.56316960409495,14.922182064739676,11.1643123152913,218.14492172298247,20.426109579362823,0.0,0.0,0.0,5.687386274683562,23.877221151807397,48.892105928454775,0.0,0.0,0.0,12.13273413692322,11.984273114623004,63.9878698074592,31.10233667246797,44.52756936446778,29.56460742649096,0.0,19.599638923401912,0.0,12.462662452073971,71.99232046503832,39.94323803430901,0.0,0.0,0.0,5.687386274683562,0.0,0.0,146.86044199757612,25.598970359213297,10.114318268765572,5.563451491696996,24.26546827384644,0.0,0.0,0.0,205.29999999999998,34.84237302977303,49.71857658441568,0.0,84.1005283626479,5.563451491696996,0.0,12.13273413692322,31.73237306032513,0.0,0.0,0.0,0.0,0.0,63.05009534880516,48.703543343477904,0.5679865836326741,-4.376435667181101,5.24104873933781,0.24917073465188566,-0.10207574939100272,0.0,0.5652173913043478,38,4,15,0,1,1,0,1,0,1,1,0,10,4,15,1,11,0,1,1,0,1,12.00182056073217,2,-0.9340999999999917,132.02460000000005,4,0,0,0,0,0,0,0,4,4,4,0,0,0,0,5,0,0,0,0,0,0,0,0,0,0,0,0,0,0,0,0,0,0,1,0,0,0,0,0,0,0,0,0,0,0,0,0,0,0,0,0,0,0,0,0,0,0,1,1,1,0,0,0,0,0,0,0,0,0,0,0,0,0,0,0,0,0,0,0,0,0,0,0,0,0,0,0,0,0,0,0,0,0,0,0,0,0,0,0,0,0,0,0,0,0,0,0,0,0,0,0,0,0,0,0,0,0,0,0,0,0,0,0,0,0,0,0,0,1,0,0,0,0,0,0,0,0,0,0,0,0,0,0,0,0,0,0,0,0,0,0,0,0,0,0,0,0,0,0,0,0,0,0,0,0,0,0,0,0,0,0,0,0,0,0,0,0,0,0,0,0,0,0,0,0,1,0,0,0,0,1,0,0,0,0,0,0,0,0,0,0,0,0,0,1,0,0,0,1,0,0,0,0,0,1,0,0,0,0,0,0,1,0,0,0,0,0,0,0,0,0,0,1,0,0,0,0,0,0,0,0,0,0,0,0,0,0,0,0,1,0,24.2
10.690164439032342,10.690164439032342,0.06462972528313427,-1.1550426108147211,0.24956998172114142,10.916666666666666,350.3240000000001,328.1480000000001,350.1325302839999,138,0,0.31721874566666475,-0.48119504600081414,0.48119504600081414,0.31721874566666475,0.625,1.0416666666666667,1.4583333333333333,16.475375375885537,10.341767838756365,2.1379311461617205,-2.2035207213644186,1.9416980634746466,-2.3754360980521305,5.721812209088796,-0.1420673755972279,2.4143505675670243,4.106544361213701,393.75424759098905,18.535169427003233,13.088484055997993,13.088484055997993,11.201285058155639,7.099854199591392,7.099854199591392,4.924129437364272,4.924129437364272,2.8222030837625987,2.8222030837625987,1.8009119797857958,1.8009119797857958,-2.24,79538.36509792805,21.759999999999994,12.215451178581073,13.424808299949651,137.57479237946163,25.162972533162872,0.0,0.0,0.0,0.0,23.877221151807397,28.97796819798824,0.0,0.0,0.0,0.0,0.0,19.634269217737724,39.26885476968957,44.341121269450156,23.877221151807397,0.0,9.799819461700956,0.0,6.4208216229260096,52.48230236450128,0.0,0.0,0.0,0.0,0.0,0.0,0.0,106.58545255737249,23.915011690087333,0.0,6.4208216229260096,0.0,0.0,0.0,0.0,164.91,36.96673396363255,19.178148736287287,0.0,45.81361117560214,0.0,0.0,9.799819461700956,0.0,0.0,0.0,25.162972533162872,5.236595804988662,0.0,45.01721976915242,34.69786025052758,0.0,-4.436223605264425,0.0,-0.19614988266503408,-0.6526356700725386,0.0,0.6923076923076923,24,4,11,0,0,0,0,0,0,0,0,0,7,4,11,0,15,0,0,0,0,0,11.075342401913502,0,-1.6644999999999952,78.85920000000004,4,0,0,0,0,0,0,0,4,4,4,0,0,0,0,2,0,0,0,0,0,0,0,0,0,0,0,0,0,0,0,0,0,0,0,0,0,0,0,0,0,1,0,0,0,0,0,0,0,0,0,0,0,0,0,0,0,0,0,0,0,0,0,0,0,0,0,0,0,0,0,0,0,0,0,0,0,0,0,0,0,0,0,0,0,0,0,0,0,0,0,0,0,0,0,0,0,0,0,0,0,0,0,0,0,0,0,0,0,0,0,0,0,0,0,0,0,0,0,0,0,0,0,0,0,0,0,0,0,1,0,0,0,0,0,0,0,0,0,0,0,0,0,0,0,0,0,0,0,0,0,0,0,0,0,0,0,0,0,0,0,0,0,0,0,0,0,0,0,0,0,0,0,0,0,0,0,0,0,0,0,0,0,0,0,0,0,0,0,0,0,1,0,0,0,0,0,0,0,0,0,0,0,0,0,0,0,0,0,1,0,0,0,0,0,1,0,0,0,0,0,0,0,0,0,0,0,0,0,0,0,0,0,1,0,0,0,0,0,0,0,0,0,0,0,0,0,0,0,0,0,0,15.21
11.612291279527238,11.612291279527238,0.029673351761840827,-1.0953854500893214,0.3840748244512526,15.692307692307692,534.5730000000003,504.33300000000037,534.22268268,204,0,0.35398933624156087,-0.48028580497400297,0.48028580497400297,0.35398933624156087,0.6153846153846154,1.0512820512820513,1.4871794871794872,16.3728083580792,10.191488340243016,2.1897927466979556,-2.3002992454331626,2.136628696371772,-2.4191698798369257,5.851620001649405,-0.13800505446759942,2.893796956927717,1.5790763377871628,1199.9002803475653,27.777445635193,21.309780684276767,21.309780684276767,18.745223833864863,12.47070127013239,12.47070127013239,9.350092638194408,9.350092638194408,6.282398757166134,6.282398757166134,4.450198913228189,4.450198913228189,-4.259999999999999,409092166.2811825,27.766182827361167,13.00235973613734,8.36632641686708,224.72477826102403,15.319582184522117,11.387855989696922,0.0,0.0,0.0,17.90791586385555,24.478244897570463,19.55703141003806,0.0,0.0,18.19910120538483,36.39820241076966,52.358051247300594,29.32046838530642,29.703193736737582,17.90791586385555,0.0,29.651664755393057,0.0,26.1790256236503,32.72378202956288,88.76087158524527,0.0,0.0,0.0,0.0,0.0,0.0,95.60294483333361,30.973562807722125,0.0,43.752642337234406,54.59730361615449,0.0,0.0,0.0,160.28999999999996,17.90791586385555,29.703193736737582,0.0,17.932612395609496,63.74590723699751,11.387855989696922,12.13273413692322,24.26546827384644,23.099010936235306,19.76777650359537,4.9839785209472085,0.0,0.0,53.67796317901661,28.124792967965202,2.780276519624905,-3.122500202755707,15.520545424858247,0.0,3.518922111290749,0.0,0.3333333333333333,39,3,12,0,1,1,0,0,3,3,0,2,9,3,12,4,8,0,0,0,0,0,9.257074297966893,4,1.6725999999999988,138.93339999999995,1,0,0,0,2,3,0,0,3,3,3,0,0,0,0,6,0,0,0,0,0,0,0,0,0,0,0,0,0,0,0,0,0,0,0,0,2,0,0,0,0,0,0,0,0,0,0,0,0,0,0,0,0,0,0,0,0,0,0,0,0,0,0,0,0,0,0,0,0,0,0,0,0,3,0,0,0,0,0,0,0,0,0,0,0,0,0,0,0,0,0,0,0,0,0,0,0,0,0,0,0,0,0,0,0,0,0,0,0,0,0,0,0,0,0,0,0,0,0,0,0,0,0,0,0,0,0,0,0,1,0,0,0,0,0,0,0,0,0,0,0,0,0,0,0,0,0,0,0,0,0,0,0,0,0,0,0,0,0,0,0,0,0,0,0,0,0,0,0,0,0,0,0,0,0,0,0,0,0,0,0,0,0,0,0,0,1,0,0,0,0,1,0,0,0,0,0,0,0,0,0,0,0,0,0,1,0,0,0,1,0,0,0,0,0,1,0,0,0,0,0,0,1,0,0,0,0,0,0,0,0,0,0,1,0,0,0,0,0,0,0,0,0,0,0,0,0,0,0,0,1,0,23.56
11.849324659794537,11.849324659794537,0.0718367621877305,-1.0928867099844741,0.3155032550974394,11.23076923076923,374.4380000000001,344.19800000000015,374.21653467999994,150,0,0.31721724855414296,-0.4802856687888697,0.4802856687888697,0.31721724855414296,0.6923076923076923,1.0,1.2307692307692308,16.370244250733254,10.306344319745907,2.1877828384809614,-2.253182924362181,1.9526729070240947,-2.472649778418346,5.79522891682349,-0.1408653370441355,2.4063164977375058,4.794401150135707,416.42998244008214,20.27565640300939,15.819188769353824,15.819188769353824,11.988978758390344,8.462041680849937,8.462041680849937,6.653215882253546,6.653215882253546,3.083942396645797,3.083942396645797,2.2348666905634436,2.2348666905634436,-2.1999999999999997,158532.94350394237,23.8,12.201558488356381,13.131476943640012,153.06733035596858,20.846631997694075,0.0,0.0,11.814359458703011,0.0,11.938610575903699,28.97796819798824,0.0,0.0,0.0,0.0,27.694948798762496,25.17319447012107,26.1790256236503,29.3912035259687,23.75297003460671,0.0,20.433396669713616,0.0,39.77863045705841,39.26853843547545,0.0,0.0,0.0,10.633577208012662,0.0,0.0,0.0,95.11806437976045,19.178148736287287,0.0,27.694948798762496,0.0,0.0,0.0,0.0,139.28,11.938610575903699,19.178148736287287,0.0,63.166579552474374,0.0,0.0,9.799819461700956,27.694948798762496,0.0,10.633577208012662,10.213054789681411,0.0,0.0,48.47416781277351,23.326842118185915,0.0,-2.8180226524851344,-0.14367352437546144,0.0,6.494019579234505,0.0,0.75,26,4,10,0,0,0,2,0,0,0,0,0,6,4,10,0,13,0,0,0,0,0,11.169118923956997,0,-1.1911999999999952,94.70900000000006,2,0,0,0,0,0,0,0,2,2,4,2,0,0,0,2,2,0,0,0,0,0,0,0,0,0,0,2,0,0,0,0,0,0,0,0,0,0,0,0,0,0,0,0,0,0,0,0,0,0,0,0,0,0,0,0,0,0,0,0,0,0,0,0,0,0,0,0,0,0,0,0,0,0,0,0,0,0,0,0,0,0,0,0,0,0,0,0,0,0,0,0,0,0,0,0,0,0,0,0,0,0,0,0,0,0,0,0,0,0,0,0,0,0,0,0,0,0,0,0,0,0,0,0,0,0,0,0,0,1,0,0,0,0,0,0,0,0,0,0,0,0,0,0,0,0,0,0,0,0,0,0,0,0,0,0,0,0,0,0,0,0,0,0,0,0,0,0,0,0,0,0,0,0,0,0,0,0,0,0,0,0,0,0,0,0,0,0,0,0,0,1,0,0,0,0,0,0,0,0,0,0,0,0,0,0,0,0,0,1,0,0,0,0,0,1,0,0,0,0,0,0,0,0,0,0,0,0,0,0,0,0,0,1,0,0,0,0,0,0,0,0,0,0,0,0,0,0,0,0,0,0,12.79
11.263772914250822,11.263772914250822,0.003829341695086974,-1.0755290805048687,0.48034093035251235,16.352941176470587,471.51400000000035,442.28200000000027,471.21178364800005,182,0,0.3539893362336732,-0.48119504730633195,0.48119504730633195,0.3539893362336732,0.6764705882352942,1.088235294117647,1.4705882352941178,16.37220185106727,10.236706646166908,2.1882890093548824,-2.2511065100562413,2.0997627601273425,-2.3680077981139256,5.851505266935153,-0.13693136736300354,2.8934273235599934,1.7297230951208156,903.5377610756119,24.50142475325411,18.83762306239448,18.83762306239448,16.295734091081684,11.072363957589591,11.072363957589591,8.176309614253029,8.176309614253029,5.662237713197471,5.662237713197471,3.8092356789314277,3.8092356789314277,-3.4099999999999997,31025486.259993624,25.21742201099869,12.164613956739537,7.868849058582862,196.81297818841009,20.219491915372593,11.387855989696922,0.0,0.0,0.0,17.90791586385555,14.594356645772777,19.55703141003806,0.0,0.0,12.13273413692322,24.26546827384644,58.902807653213166,17.808677612622933,29.703193736737582,17.90791586385555,0.0,24.66768623444585,0.0,19.51033443475116,45.81329484138802,59.173914390163496,0.0,0.0,0.0,0.0,0.0,0.0,103.70847912421156,17.884049995896973,0.0,38.785607970463495,36.39820241076966,0.0,0.0,0.0,147.39999999999998,17.90791586385555,24.596666341896878,0.0,17.808677612622933,70.29066364291009,0.0,12.13273413692322,24.26546827384644,0.0,24.66768623444585,5.106527394840706,0.0,0.0,48.49792005099417,27.54434651333284,1.2953208512713592,-3.000173519002467,9.847115387084724,0.0460563335373938,5.436081049448654,0.0,0.43478260869565216,34,3,11,0,1,1,0,0,2,2,0,0,8,3,11,3,9,0,1,1,0,0,9.022358933764277,3,0.9675000000000011,121.63940000000008,1,0,0,0,2,2,0,0,3,3,3,0,0,0,0,5,0,0,0,0,0,0,0,0,0,0,0,0,0,0,0,0,0,0,0,0,0,0,0,0,0,0,0,0,0,0,0,0,0,0,0,0,0,0,0,0,0,0,0,0,0,0,0,0,0,0,0,0,0,0,0,0,0,2,0,0,0,0,0,0,0,0,0,0,0,0,0,0,0,0,0,0,0,0,0,0,0,0,0,0,0,0,0,0,0,0,0,0,0,0,0,0,0,0,0,0,0,0,0,0,0,0,0,0,0,0,0,0,0,1,0,0,0,0,0,0,0,0,0,0,0,0,0,0,0,0,0,0,0,0,0,0,0,0,0,0,0,0,0,0,0,0,0,0,0,0,0,0,0,0,0,0,0,0,0,0,0,0,0,0,0,0,0,0,0,0,1,0,0,0,0,1,0,0,0,0,0,0,0,0,0,0,0,0,0,1,0,0,0,1,0,0,0,0,0,1,0,0,0,0,0,0,1,0,0,0,0,0,0,0,0,0,0,1,0,0,0,0,0,0,0,0,0,0,0,0,0,0,0,0,1,0,15.1
14.02395212009986,14.02395212009986,0.12366138602926102,-1.9012283209241978,0.07245144634976691,19.46938775510204,701.771,650.3630000000002,701.3483366920001,278,0,0.3172043654669784,-0.48028580497401857,0.48028580497401857,0.3172043654669784,0.7142857142857143,1.1428571428571428,1.5714285714285714,16.476148057549718,10.0265591564843,2.3461389945525917,-2.374993464539211,2.1257011209711916,-2.5658212145751693,5.81569450546706,-0.14565873926824793,3.0493377309337957,2.3860562781294403,1072.1073099063306,36.50949644276187,27.735122603513226,27.735122603513226,23.208524111203182,15.975760214454368,15.975760214454368,12.07936747401012,12.07936747401012,8.224064261199919,8.224064261199919,5.4042015046254495,5.4042015046254495,-3.3000000000000003,18234238508.975426,41.869472096254285,21.7137741046832,15.420357823317174,284.4617968241498,50.48899184337616,30.457706380141172,0.0,5.907179729351506,0.0,17.90791586385555,38.777787659689196,0.0,0.0,0.0,30.33183534230805,5.563451491696996,65.95047963589036,39.45491511127648,64.76723084881297,23.815095593207054,0.0,24.49954865425239,0.0,37.06458834465409,98.79851278265394,35.89528683400505,0.0,0.0,0.0,0.0,0.0,0.0,218.42308256898022,30.52189365460025,0.0,5.563451491696996,30.33183534230805,0.0,0.0,0.0,255.54999999999998,67.42444034377371,54.92384050017222,0.0,85.20608439406416,0.0,10.463361222547473,7.04767198267719,19.599638923401912,30.33183534230805,0.0,9.843390348640755,5.969977373411092,0.0,56.610930993968594,78.27124596897043,0.8304630381687008,-3.8447476832203265,8.131714242575223,-7.239690309059366,-1.089351822798919,1.3594581979845675,0.6774193548387096,49,8,18,0,1,1,1,1,0,1,5,0,14,8,18,1,18,0,1,1,0,5,18.5539644689878,2,-4.058500000000001,172.43639999999968,3,5,5,0,0,0,0,0,3,3,4,1,0,0,0,5,0,0,0,1,0,0,0,0,0,0,0,1,0,0,0,0,0,0,1,0,0,0,0,0,0,1,0,0,0,0,0,0,0,0,0,0,0,0,0,0,0,0,0,0,0,0,0,0,0,0,0,0,0,0,0,0,0,0,0,0,0,0,0,0,0,0,0,0,0,0,0,0,0,0,0,0,0,0,0,0,0,0,0,0,0,0,0,0,0,0,0,0,0,0,0,0,0,0,0,0,0,0,0,0,0,0,0,0,0,0,0,0,0,1,0,0,0,0,0,0,0,0,0,0,0,0,0,0,0,0,0,0,0,0,0,0,0,0,0,0,0,0,0,0,0,0,0,0,0,0,0,0,0,0,0,0,0,0,0,0,0,0,0,0,0,0,0,0,0,0,1,0,0,0,0,1,0,0,0,0,0,0,0,0,0,0,0,0,0,1,0,0,0,1,0,0,0,0,0,1,0,0,0,0,0,0,1,0,0,0,0,0,0,0,0,0,0,1,0,0,0,0,0,0,0,0,0,0,0,0,0,0,0,0,1,0,26.4
10.75975257521274,10.75975257521274,0.212600308641975,-1.1264907459897542,0.26120841402741307,11.2,363.36700000000013,338.1670000000001,363.16416475999995,144,0,0.3172181189627756,-0.48028566397733485,0.48028566397733485,0.3172181189627756,0.56,0.8,1.0,16.37866710674898,10.335440215130202,2.1676411136566793,-2.2689940703386573,1.9615768693107507,-2.4363800782678977,5.726791056864665,-0.14315569667199488,2.439342235272503,4.5305425140727476,364.95466351341594,19.405412915006313,14.12744936103409,14.12744936103409,11.633136710733776,7.678294009638828,7.678294009638828,5.43052584169365,5.43052584169365,3.347593452789006,3.347593452789006,2.186896126403003,2.186896126403003,-2.24,119898.54954811407,22.759999999999998,12.169554103098603,12.80386404845492,144.5860229345547,25.326019310213297,0.0,0.0,0.0,0.0,23.877221151807397,28.97796819798824,0.0,0.0,0.0,6.923737199690624,6.544756405912575,26.1790256236503,26.1790256236503,39.60425831565011,23.877221151807397,0.0,14.699729192551434,0.0,6.923737199690624,58.902807653213166,0.0,0.0,0.0,0.0,0.0,0.0,0.0,117.90586757693487,19.178148736287287,0.0,6.923737199690624,0.0,0.0,0.0,0.0,158.92,50.056246775457694,19.178148736287287,0.0,13.08951281182515,19.634269217737724,0.0,9.799819461700956,0.0,11.823646930541102,0.0,20.426109579362823,0.0,0.0,47.46221251383493,35.188445539765056,0.0,-4.505962983959016,0.0,0.0,2.0219715970257095,0.0,0.7142857142857143,25,4,11,0,0,0,0,0,0,0,0,0,7,4,11,0,15,0,0,0,0,0,11.079162055460968,0,-1.7492999999999945,85.53720000000006,4,0,0,0,0,0,0,0,4,4,4,0,0,0,0,3,0,0,0,1,0,0,0,0,0,0,0,0,0,0,0,0,0,0,0,0,0,0,0,0,0,0,0,0,0,0,0,0,0,0,0,0,0,0,0,0,0,0,0,0,0,0,0,0,0,0,0,0,0,0,0,0,0,0,0,0,0,0,0,0,0,0,0,0,0,0,0,0,0,0,0,0,0,0,0,0,0,0,0,0,0,0,0,0,0,0,0,0,0,0,0,0,0,0,0,0,0,0,0,0,0,0,0,0,0,0,0,0,0,1,0,0,0,0,0,0,0,0,0,0,0,0,0,0,0,0,0,0,0,0,0,0,0,0,0,0,0,0,0,0,0,0,0,0,0,0,0,0,0,0,0,0,0,0,0,0,0,0,0,0,0,0,0,0,0,0,0,0,0,0,0,1,0,0,0,0,0,0,0,0,0,0,0,0,0,0,0,0,0,1,0,0,0,0,0,1,0,0,0,0,0,0,0,0,0,0,0,0,0,0,0,0,0,1,0,0,0,0,0,0,0,0,0,0,0,0,0,0,0,0,0,0,17.79
11.981325284543386,11.981325284543386,0.011592839140915911,-1.2150432300495264,0.13893229680321265,11.096774193548388,448.47300000000024,416.21700000000027,448.2169286039998,178,0,0.3172181189692342,-0.48028580497400253,0.48028580497400253,0.3172181189692342,0.6129032258064516,0.967741935483871,1.3548387096774193,16.377843178463564,10.303710507569253,2.1896681373318687,-2.2718384380061862,1.972206866950273,-2.462099373515429,5.785937453081569,-0.142751091759895,2.6154170456627517,4.917604060827495,556.8457306866736,23.811190308942127,17.657017995057593,17.657017995057593,14.526983560851129,9.839524936057304,9.839524936057304,6.975918379785149,6.975918379785149,4.1200921885186395,4.1200921885186395,2.6923588615258502,2.6923588615258502,-2.7700000000000005,2021696.4529609417,28.23,15.989335829379872,16.686357015089637,179.75717567579295,25.742898183369157,0.0,0.0,5.907179729351506,0.0,23.877221151807397,38.67241511291054,0.0,0.0,0.0,13.344558822616634,6.4208216229260096,32.72378202956288,32.72378202956288,44.39879549972193,29.784400881158902,0.0,20.016517796557764,0.0,19.765380445542643,65.44756405912574,0.0,0.0,0.0,5.316788604006331,0.0,0.0,0.0,130.35780371219897,23.97268592035911,0.0,19.765380445542643,0.0,0.0,0.0,0.0,188.01999999999998,50.056246775457694,23.97268592035911,0.0,38.63096175891438,6.544756405912575,17.741552976702497,9.799819461700956,0.0,6.923737199690624,5.316788604006331,20.426109579362823,0.0,0.0,59.93777213834511,38.624897916715106,0.0,-5.056083851814371,0.0,1.6848101295359939,0.6419370005514948,0.0,0.7222222222222222,31,5,13,0,0,0,1,0,0,0,0,0,8,5,13,0,19,0,0,0,0,0,14.560611305270767,0,-1.852899999999991,107.78090000000009,4,0,0,0,0,0,0,0,4,4,5,1,0,0,0,3,1,0,0,0,0,0,0,0,0,0,0,1,0,0,0,0,0,0,0,0,0,0,0,0,0,0,0,0,0,0,0,0,0,0,0,0,0,0,0,0,0,0,0,0,0,0,0,0,0,0,0,0,0,0,0,0,0,0,0,0,0,0,0,0,0,0,0,1,0,0,0,0,0,0,0,0,0,0,0,0,0,0,0,0,0,0,0,0,0,0,0,0,0,0,0,0,0,0,0,0,0,0,0,0,0,0,0,0,0,0,0,0,0,1,0,0,0,0,0,0,0,0,0,0,0,0,0,0,0,0,0,0,0,0,0,0,0,0,0,0,0,0,0,0,0,0,0,0,0,0,0,0,0,0,0,0,0,0,0,0,0,0,0,0,0,0,0,0,0,0,0,0,0,0,0,1,0,0,0,0,0,0,0,0,0,0,0,0,0,0,0,0,0,1,0,0,0,0,0,1,0,0,0,0,0,0,0,0,0,0,0,0,0,0,0,0,0,1,0,0,0,0,0,0,0,0,0,0,0,0,0,0,0,0,0,0,18.78
12.14264886201394,12.14264886201394,0.01918209876543231,-1.260601463885888,0.12690314649955572,12.085714285714285,498.4890000000003,468.2490000000003,498.1961931599999,194,0,0.32076561891276223,-0.48028566397732037,0.48028566397732037,0.32076561891276223,0.6571428571428571,1.0285714285714285,1.3428571428571427,16.38189182227665,10.037517007344503,2.2768832392753415,-2.3226479697517624,2.1284092069556646,-2.502651236932884,5.743240712245562,-0.1456804756342473,2.713024159577965,3.1277247691250656,774.5294342427344,26.543241116511002,18.947012862135665,18.947012862135665,16.36598885610209,10.501408450457193,10.501408450457193,7.831974064805526,7.831974064805526,4.9769547596217,4.9769547596217,3.4059661289655305,3.4059661289655305,-3.7500000000000004,16218762.284662947,29.282,14.498520710059172,12.329223722429697,200.3037058042678,31.266304451365713,6.041840829147961,0.0,0.0,0.0,29.846526439759245,38.67241511291054,0.0,0.0,0.0,12.13273413692322,24.117007251546227,31.866411898333865,26.1790256236503,49.50532289456263,35.533912714442806,0.0,14.699729192551434,0.0,12.462662452073971,58.09171872446278,29.828919765543436,0.0,0.0,5.733667477162185,5.687386274683562,0.0,0.0,128.4787846829628,30.393507543285114,0.0,5.563451491696996,24.26546827384644,0.0,0.0,0.0,222.23999999999998,62.0673928925575,29.079213315199816,0.0,32.59984724657631,11.250837766380558,9.799819461700956,4.899909730850478,24.26546827384644,0.0,0.0,26.15977705652501,0.0,0.0,60.200133003197024,46.10266249801791,6.7849512295829175,-6.257347224066269,5.340005244675158,0.01918209876543231,-2.689586850172167,0.0,0.47619047619047616,35,7,14,0,0,0,0,1,0,1,1,0,9,6,14,0,18,0,0,0,0,1,12.129876669484362,1,-1.4910999999999928,120.97840000000008,5,0,0,1,0,0,0,0,5,5,5,0,0,0,0,3,0,1,0,0,0,0,0,0,0,0,0,0,0,1,0,0,0,0,1,0,0,0,0,0,0,0,0,0,0,0,0,0,0,0,0,0,0,0,0,0,0,0,0,0,0,0,0,0,0,0,0,0,0,0,0,0,0,0,0,0,0,0,0,0,0,0,0,0,0,0,0,0,0,0,0,0,0,0,0,0,0,0,0,0,0,0,0,0,0,0,0,0,0,0,0,0,0,0,0,0,0,0,0,0,0,0,0,0,0,0,0,0,0,1,0,0,0,0,0,0,0,0,0,0,0,0,0,0,0,0,0,0,0,0,0,0,0,0,0,0,0,0,0,0,0,0,0,0,0,0,0,0,0,0,0,0,0,0,0,0,0,0,0,0,0,0,0,0,0,0,0,0,0,0,0,1,0,0,0,0,0,0,0,0,0,0,0,0,0,0,0,0,0,1,0,0,0,0,0,1,0,0,0,0,0,0,0,0,0,0,0,0,0,0,0,0,0,1,0,0,0,0,0,0,0,0,0,0,0,0,0,0,0,0,0,0,21.99
11.815092592592592,11.815092592592592,0.25925925925925974,-1.2541378495842779,0.7674149930777968,9.647058823529411,237.211,226.12299999999996,237.063722452,90,0,0.3227313025871606,-0.47992464457619155,0.47992464457619155,0.3227313025871606,0.9411764705882353,1.411764705882353,1.8235294117647058,16.373159416872507,10.170765028271473,2.2003962444958725,-2.177228004900073,2.039372035190133,-2.3886098459614002,5.9690579936488195,-0.14026106276238798,2.2692573156531965,2.8602003359627313,392.9242677733261,12.836498814253964,8.86735056621269,8.86735056621269,8.002907755397972,4.783438744688914,4.783438744688914,3.3147173844232833,3.3147173844232833,1.9601944531712656,1.9601944531712656,1.2893598762331668,1.2893598762331668,-2.3699999999999997,5083.13638706316,12.698352699931649,5.642375144970545,3.940417565712936,97.08898116620672,15.11296452053189,13.08951281182515,0.0,0.0,5.907179729351506,11.938610575903699,14.383611552215466,0.0,0.0,0.0,18.19910120538483,12.13273413692322,5.563451491696996,0.0,24.596666341896878,17.845790305255203,0.0,4.899909730850478,0.0,0.0,13.08951281182515,35.89528683400505,0.0,0.0,0.0,0.0,0.0,0.0,46.04826763761224,9.589074368143644,0.0,10.357988675768818,30.33183534230805,0.0,0.0,0.0,94.91,30.935303117080352,14.383611552215466,0.0,5.563451491696996,0.0,4.899909730850478,12.13273413692322,18.19910120538483,0.0,0.0,10.213054789681411,0.0,0.0,33.65928823381204,17.211516754850088,0.25925925925925974,-3.1236460695389257,7.937971466364324,0.0,-1.2777229780801207,0.0,0.18181818181818182,17,2,6,0,0,0,1,1,0,1,0,0,3,2,6,0,5,0,0,0,0,0,4.214639391539056,1,0.29799999999999977,57.61710000000002,2,0,0,0,0,0,0,0,2,2,3,1,0,0,0,1,0,0,0,0,0,0,0,0,0,0,0,1,0,0,0,0,0,0,1,0,0,0,0,0,0,0,0,0,0,0,0,0,0,0,0,0,0,0,0,0,0,0,0,0,0,0,0,0,0,0,0,0,0,0,0,0,0,0,0,0,0,0,0,0,0,0,0,0,0,0,0,0,0,0,0,0,0,0,0,0,0,0,0,0,0,0,0,0,0,0,0,0,0,0,0,0,0,0,0,0,0,0,0,0,0,0,0,0,0,0,0,0,0,1,0,0,0,0,0,0,0,0,0,0,0,0,0,0,0,0,0,0,0,0,0,0,0,0,0,0,0,0,0,0,0,0,0,0,0,0,0,0,0,0,0,0,0,0,0,0,0,0,0,0,0,0,0,0,0,0,0,0,0,0,0,1,0,0,0,0,0,0,0,0,0,0,0,0,0,0,0,0,0,1,0,0,0,0,0,1,0,0,0,0,0,0,0,0,0,0,0,0,0,0,0,0,0,1,0,0,0,0,0,0,0,0,0,0,0,0,0,0,0,0,0,0,7.04
